molecule_index,block_name,name,atoms,bonds
0,Aromatase_inactives_new_000000,mol_000000,136,142
1,Aromatase_inactives_new_000001,mol_000001,37,41
2,Aromatase_inactives_new_000002,mol_000002,99,103
3,Aromatase_inactives_new_000003,mol_000003,116,124
4,Aromatase_inactives_new_000004,mol_000004,46,47
5,Aromatase_inactives_new_000005,mol_000005,63,67
6,Aromatase_inactives_new_000006,mol_000006,50,51
7,Aromatase_inactives_new_000007,mol_000007,74,76
8,Aromatase_inactives_new_000008,mol_000008,15,15
9,Aromatase_inactives_new_000009,mol_000009,66,69
10,Aromatase_inactives_new_000010,mol_000010,90,95
11,Aromatase_inactives_new_000011,mol_000011,37,41
12,Aromatase_inactives_new_000012,mol_000012,132,135
13,Aromatase_inactives_new_000013,mol_000013,40,42
14,Aromatase_inactives_new_000014,mol_000014,74,77
15,Aromatase_inactives_new_000015,mol_000015,44,43
16,Aromatase_inactives_new_000016,mol_000016,66,70
17,Aromatase_inactives_new_000017,mol_000017,40,42
18,Aromatase_inactives_new_000018,mol_000018,138,145
19,Aromatase_inactives_new_000019,mol_000019,126,129
20,Aromatase_inactives_new_000020,mol_000020,57,60
21,Aromatase_inactives_new_000021,mol_000021,54,56
22,Aromatase_inactives_new_000022,mol_000022,37,41
23,Aromatase_inactives_new_000023,mol_000023,56,55
24,Aromatase_inactives_new_000024,mol_000024,67,70
25,Aromatase_inactives_new_000025,mol_000025,32,34
26,Aromatase_inactives_new_000026,mol_000026,31,32
27,Aromatase_inactives_new_000027,mol_000027,28,29
28,Aromatase_inactives_new_000028,mol_000028,44,45
29,Aromatase_inactives_new_000029,mol_000029,14,14
30,Aromatase_inactives_new_000030,mol_000030,30,31
31,Aromatase_inactives_new_000031,mol_000031,126,130
32,Aromatase_inactives_new_000032,mol_000032,64,67
33,Aromatase_inactives_new_000033,mol_000033,57,60
34,Aromatase_inactives_new_000034,mol_000034,40,43
35,Aromatase_inactives_new_000035,mol_000035,14,14
36,Aromatase_inactives_new_000036,mol_000036,79,79
37,Aromatase_inactives_new_000037,mol_000037,37,38
38,Aromatase_inactives_new_000038,mol_000038,109,112
39,Aromatase_inactives_new_000039,mol_000039,73,75
40,Aromatase_inactives_new_000040,mol_000040,23,23
41,Aromatase_inactives_new_000041,mol_000041,74,74
42,Aromatase_inactives_new_000042,mol_000042,44,46
43,Aromatase_inactives_new_000043,mol_000043,58,59
44,Aromatase_inactives_new_000044,mol_000044,54,56
45,Aromatase_inactives_new_000045,mol_000045,30,31
46,Aromatase_inactives_new_000046,mol_000046,51,54
47,Aromatase_inactives_new_000047,mol_000047,76,80
48,Aromatase_inactives_new_000048,mol_000048,30,31
49,Aromatase_inactives_new_000049,mol_000049,76,78
50,Aromatase_inactives_new_000050,mol_000050,60,62
51,Aromatase_inactives_new_000051,mol_000051,60,62
52,Aromatase_inactives_new_000052,mol_000052,58,60
53,Aromatase_inactives_new_000053,mol_000053,54,55
54,Aromatase_inactives_new_000054,mol_000054,31,33
55,Aromatase_inactives_new_000055,mol_000055,52,54
56,Aromatase_inactives_new_000056,mol_000056,30,31
57,Aromatase_inactives_new_000057,mol_000057,28,29
58,Aromatase_inactives_new_000058,mol_000058,78,77
59,Aromatase_inactives_new_000059,mol_000059,113,119
60,Aromatase_inactives_new_000060,mol_000060,16,15
61,Aromatase_inactives_new_000061,mol_000061,30,32
62,Aromatase_inactives_new_000062,mol_000062,40,42
63,Aromatase_inactives_new_000063,mol_000063,79,85
64,Aromatase_inactives_new_000064,mol_000064,21,22
65,Aromatase_inactives_new_000065,mol_000065,52,55
66,Aromatase_inactives_new_000066,mol_000066,32,34
67,Aromatase_inactives_new_000067,mol_000067,40,40
68,Aromatase_inactives_new_000068,mol_000068,80,87
69,Aromatase_inactives_new_000069,mol_000069,52,56
70,Aromatase_inactives_new_000070,mol_000070,33,34
71,Aromatase_inactives_new_000071,mol_000071,14,13
72,Aromatase_inactives_new_000072,mol_000072,28,31
73,Aromatase_inactives_new_000073,mol_000073,111,116
74,Aromatase_inactives_new_000074,mol_000074,50,50
75,Aromatase_inactives_new_000075,mol_000075,35,35
76,Aromatase_inactives_new_000076,mol_000076,57,63
77,Aromatase_inactives_new_000077,mol_000077,50,50
78,Aromatase_inactives_new_000078,mol_000078,33,33
79,Aromatase_inactives_new_000079,mol_000079,28,28
80,Aromatase_inactives_new_000080,mol_000080,44,46
81,Aromatase_inactives_new_000081,mol_000081,91,93
82,Aromatase_inactives_new_000082,mol_000082,17,17
83,Aromatase_inactives_new_000083,mol_000083,51,53
84,Aromatase_inactives_new_000084,mol_000084,22,23
85,Aromatase_inactives_new_000085,mol_000085,62,65
86,Aromatase_inactives_new_000086,mol_000086,28,29
87,Aromatase_inactives_new_000087,mol_000087,52,52
88,Aromatase_inactives_new_000088,mol_000088,52,51
89,Aromatase_inactives_new_000089,mol_000089,57,59
90,Aromatase_inactives_new_000090,mol_000090,33,34
91,Aromatase_inactives_new_000091,mol_000091,69,72
92,Aromatase_inactives_new_000092,mol_000092,11,11
93,Aromatase_inactives_new_000093,mol_000093,20,21
94,Aromatase_inactives_new_000094,mol_000094,71,72
95,Aromatase_inactives_new_000095,mol_000095,74,76
96,Aromatase_inactives_new_000096,mol_000096,60,64
97,Aromatase_inactives_new_000097,mol_000097,45,47
98,Aromatase_inactives_new_000098,mol_000098,70,73
99,Aromatase_inactives_new_000099,mol_000099,48,50
100,Aromatase_inactives_new_000100,mol_000100,45,47
101,Aromatase_inactives_new_000101,mol_000101,40,41
102,Aromatase_inactives_new_000102,mol_000102,41,44
103,Aromatase_inactives_new_000103,mol_000103,49,53
104,Aromatase_inactives_new_000104,mol_000104,52,57
105,Aromatase_inactives_new_000105,mol_000105,57,57
106,Aromatase_inactives_new_000106,mol_000106,64,63
107,Aromatase_inactives_new_000107,mol_000107,27,28
108,Aromatase_inactives_new_000108,mol_000108,44,48
109,Aromatase_inactives_new_000109,mol_000109,37,38
110,Aromatase_inactives_new_000110,mol_000110,101,105
111,Aromatase_inactives_new_000111,mol_000111,61,58
112,Aromatase_inactives_new_000112,mol_000112,98,101
113,Aromatase_inactives_new_000113,mol_000113,30,31
114,Aromatase_inactives_new_000114,mol_000114,53,52
115,Aromatase_inactives_new_000115,mol_000115,46,47
116,Aromatase_inactives_new_000116,mol_000116,28,29
117,Aromatase_inactives_new_000117,mol_000117,38,40
118,Aromatase_inactives_new_000118,mol_000118,50,53
119,Aromatase_inactives_new_000119,mol_000119,42,45
120,Aromatase_inactives_new_000120,mol_000120,59,63
121,Aromatase_inactives_new_000121,mol_000121,59,59
122,Aromatase_inactives_new_000122,mol_000122,39,41
123,Aromatase_inactives_new_000123,mol_000123,116,117
124,Aromatase_inactives_new_000124,mol_000124,38,38
125,Aromatase_inactives_new_000125,mol_000125,65,64
126,Aromatase_inactives_new_000126,mol_000126,64,67
127,Aromatase_inactives_new_000127,mol_000127,196,196
128,Aromatase_inactives_new_000128,mol_000128,98,99
129,Aromatase_inactives_new_000129,mol_000129,52,53
130,Aromatase_inactives_new_000130,mol_000130,45,47
131,Aromatase_inactives_new_000131,mol_000131,40,43
132,Aromatase_inactives_new_000132,mol_000132,54,58
133,Aromatase_inactives_new_000133,mol_000133,29,29
134,Aromatase_inactives_new_000134,mol_000134,24,24
135,Aromatase_inactives_new_000135,mol_000135,20,20
136,Aromatase_inactives_new_000136,mol_000136,80,84
137,Aromatase_inactives_new_000137,mol_000137,35,37
138,Aromatase_inactives_new_000138,mol_000138,45,46
139,Aromatase_inactives_new_000139,mol_000139,21,22
140,Aromatase_inactives_new_000140,mol_000140,18,19
141,Aromatase_inactives_new_000141,mol_000141,31,32
142,Aromatase_inactives_new_000142,mol_000142,21,22
143,Aromatase_inactives_new_000143,mol_000143,41,44
144,Aromatase_inactives_new_000144,mol_000144,53,56
145,Aromatase_inactives_new_000145,mol_000145,46,48
146,Aromatase_inactives_new_000146,mol_000146,34,36
147,Aromatase_inactives_new_000147,mol_000147,20,21
148,Aromatase_inactives_new_000148,mol_000148,42,45
149,Aromatase_inactives_new_000149,mol_000149,29,30
150,Aromatase_inactives_new_000150,mol_000150,24,23
151,Aromatase_inactives_new_000151,mol_000151,29,30
152,Aromatase_inactives_new_000152,mol_000152,42,45
153,Aromatase_inactives_new_000153,mol_000153,60,64
154,Aromatase_inactives_new_000154,mol_000154,35,36
155,Aromatase_inactives_new_000155,mol_000155,58,60
156,Aromatase_inactives_new_000156,mol_000156,18,18
157,Aromatase_inactives_new_000157,mol_000157,38,41
158,Aromatase_inactives_new_000158,mol_000158,17,17
159,Aromatase_inactives_new_000159,mol_000159,46,49
160,Aromatase_inactives_new_000160,mol_000160,56,57
161,Aromatase_inactives_new_000161,mol_000161,58,62
162,Aromatase_inactives_new_000162,mol_000162,64,68
163,Aromatase_inactives_new_000163,mol_000163,103,105
164,Aromatase_inactives_new_000164,mol_000164,46,47
165,Aromatase_inactives_new_000165,mol_000165,68,70
166,Aromatase_inactives_new_000166,mol_000166,31,32
167,Aromatase_inactives_new_000167,mol_000167,40,42
168,Aromatase_inactives_new_000168,mol_000168,44,44
169,Aromatase_inactives_new_000169,mol_000169,100,104
170,Aromatase_inactives_new_000170,mol_000170,52,53
171,Aromatase_inactives_new_000171,mol_000171,61,63
172,Aromatase_inactives_new_000172,mol_000172,16,16
173,Aromatase_inactives_new_000173,mol_000173,54,55
174,Aromatase_inactives_new_000174,mol_000174,23,24
175,Aromatase_inactives_new_000175,mol_000175,42,44
176,Aromatase_inactives_new_000176,mol_000176,52,56
177,Aromatase_inactives_new_000177,mol_000177,57,61
178,Aromatase_inactives_new_000178,mol_000178,26,27
179,Aromatase_inactives_new_000179,mol_000179,26,27
180,Aromatase_inactives_new_000180,mol_000180,37,37
181,Aromatase_inactives_new_000181,mol_000181,49,52
182,Aromatase_inactives_new_000182,mol_000182,23,23
183,Aromatase_inactives_new_000183,mol_000183,34,34
184,Aromatase_inactives_new_000184,mol_000184,47,47
185,Aromatase_inactives_new_000185,mol_000185,22,21
186,Aromatase_inactives_new_000186,mol_000186,54,56
187,Aromatase_inactives_new_000187,mol_000187,27,29
188,Aromatase_inactives_new_000188,mol_000188,68,74
189,Aromatase_inactives_new_000189,mol_000189,52,56
190,Aromatase_inactives_new_000190,mol_000190,43,45
191,Aromatase_inactives_new_000191,mol_000191,55,54
192,Aromatase_inactives_new_000192,mol_000192,50,49
193,Aromatase_inactives_new_000193,mol_000193,33,33
194,Aromatase_inactives_new_000194,mol_000194,138,140
195,Aromatase_inactives_new_000195,mol_000195,44,45
196,Aromatase_inactives_new_000196,mol_000196,35,35
197,Aromatase_inactives_new_000197,mol_000197,26,25
198,Aromatase_inactives_new_000198,mol_000198,57,59
199,Aromatase_inactives_new_000199,mol_000199,60,59
200,Aromatase_inactives_new_000200,mol_000200,52,52
201,Aromatase_inactives_new_000201,mol_000201,3,0
202,Aromatase_inactives_new_000202,mol_000202,47,49
203,Aromatase_inactives_new_000203,mol_000203,31,32
204,Aromatase_inactives_new_000204,mol_000204,30,31
205,Aromatase_inactives_new_000205,mol_000205,23,23
206,Aromatase_inactives_new_000206,mol_000206,47,47
207,Aromatase_inactives_new_000207,mol_000207,62,61
208,Aromatase_inactives_new_000208,mol_000208,53,51
209,Aromatase_inactives_new_000209,mol_000209,25,26
210,Aromatase_inactives_new_000210,mol_000210,16,15
211,Aromatase_inactives_new_000211,mol_000211,123,126
212,Aromatase_inactives_new_000212,mol_000212,148,153
213,Aromatase_inactives_new_000213,mol_000213,53,55
214,Aromatase_inactives_new_000214,mol_000214,43,45
215,Aromatase_inactives_new_000215,mol_000215,54,58
216,Aromatase_inactives_new_000216,mol_000216,55,57
217,Aromatase_inactives_new_000217,mol_000217,67,71
218,Aromatase_inactives_new_000218,mol_000218,29,29
219,Aromatase_inactives_new_000219,mol_000219,59,60
220,Aromatase_inactives_new_000220,mol_000220,64,67
221,Aromatase_inactives_new_000221,mol_000221,45,48
222,Aromatase_inactives_new_000222,mol_000222,41,44
223,Aromatase_inactives_new_000223,mol_000223,69,74
224,Aromatase_inactives_new_000224,mol_000224,34,36
225,Aromatase_inactives_new_000225,mol_000225,50,49
226,Aromatase_inactives_new_000226,mol_000226,18,19
227,Aromatase_inactives_new_000227,mol_000227,31,31
228,Aromatase_inactives_new_000228,mol_000228,51,54
229,Aromatase_inactives_new_000229,mol_000229,53,56
230,Aromatase_inactives_new_000230,mol_000230,73,75
231,Aromatase_inactives_new_000231,mol_000231,123,128
232,Aromatase_inactives_new_000232,mol_000232,87,93
233,Aromatase_inactives_new_000233,mol_000233,71,74
234,Aromatase_inactives_new_000234,mol_000234,52,55
235,Aromatase_inactives_new_000235,mol_000235,48,49
236,Aromatase_inactives_new_000236,mol_000236,44,45
237,Aromatase_inactives_new_000237,mol_000237,56,58
238,Aromatase_inactives_new_000238,mol_000238,30,30
239,Aromatase_inactives_new_000239,mol_000239,87,90
240,Aromatase_inactives_new_000240,mol_000240,62,63
241,Aromatase_inactives_new_000241,mol_000241,28,29
242,Aromatase_inactives_new_000242,mol_000242,43,46
243,Aromatase_inactives_new_000243,mol_000243,74,80
244,Aromatase_inactives_new_000244,mol_000244,52,55
245,Aromatase_inactives_new_000245,mol_000245,43,44
246,Aromatase_inactives_new_000246,mol_000246,26,26
247,Aromatase_inactives_new_000247,mol_000247,80,84
248,Aromatase_inactives_new_000248,mol_000248,55,57
249,Aromatase_inactives_new_000249,mol_000249,56,55
250,Aromatase_inactives_new_000250,mol_000250,44,47
251,Aromatase_inactives_new_000251,mol_000251,47,49
252,Aromatase_inactives_new_000252,mol_000252,26,27
253,Aromatase_inactives_new_000253,mol_000253,32,32
254,Aromatase_inactives_new_000254,mol_000254,33,32
255,Aromatase_inactives_new_000255,mol_000255,108,113
256,Aromatase_inactives_new_000256,mol_000256,42,43
257,Aromatase_inactives_new_000257,mol_000257,56,57
258,Aromatase_inactives_new_000258,mol_000258,50,50
259,Aromatase_inactives_new_000259,mol_000259,56,58
260,Aromatase_inactives_new_000260,mol_000260,43,44
261,Aromatase_inactives_new_000261,mol_000261,56,59
262,Aromatase_inactives_new_000262,mol_000262,56,56
263,Aromatase_inactives_new_000263,mol_000263,44,45
264,Aromatase_inactives_new_000264,mol_000264,47,49
265,Aromatase_inactives_new_000265,mol_000265,42,44
266,Aromatase_inactives_new_000266,mol_000266,55,58
267,Aromatase_inactives_new_000267,mol_000267,40,41
268,Aromatase_inactives_new_000268,mol_000268,48,50
269,Aromatase_inactives_new_000269,mol_000269,44,46
270,Aromatase_inactives_new_000270,mol_000270,85,91
271,Aromatase_inactives_new_000271,mol_000271,42,43
272,Aromatase_inactives_new_000272,mol_000272,35,38
273,Aromatase_inactives_new_000273,mol_000273,48,51
274,Aromatase_inactives_new_000274,mol_000274,31,32
275,Aromatase_inactives_new_000275,mol_000275,209,217
276,Aromatase_inactives_new_000276,mol_000276,85,86
277,Aromatase_inactives_new_000277,mol_000277,39,38
278,Aromatase_inactives_new_000278,mol_000278,57,58
279,Aromatase_inactives_new_000279,mol_000279,39,40
280,Aromatase_inactives_new_000280,mol_000280,92,93
281,Aromatase_inactives_new_000281,mol_000281,52,55
282,Aromatase_inactives_new_000282,mol_000282,107,108
283,Aromatase_inactives_new_000283,mol_000283,44,46
284,Aromatase_inactives_new_000284,mol_000284,47,49
285,Aromatase_inactives_new_000285,mol_000285,57,60
286,Aromatase_inactives_new_000286,mol_000286,44,47
287,Aromatase_inactives_new_000287,mol_000287,28,28
288,Aromatase_inactives_new_000288,mol_000288,71,72
289,Aromatase_inactives_new_000289,mol_000289,13,8
290,Aromatase_inactives_new_000290,mol_000290,74,78
291,Aromatase_inactives_new_000291,mol_000291,58,62
292,Aromatase_inactives_new_000292,mol_000292,76,79
293,Aromatase_inactives_new_000293,mol_000293,68,71
294,Aromatase_inactives_new_000294,mol_000294,66,69
295,Aromatase_inactives_new_000295,mol_000295,40,41
296,Aromatase_inactives_new_000296,mol_000296,45,46
297,Aromatase_inactives_new_000297,mol_000297,49,50
298,Aromatase_inactives_new_000298,mol_000298,50,52
299,Aromatase_inactives_new_000299,mol_000299,81,83
300,Aromatase_inactives_new_000300,mol_000300,47,48
301,Aromatase_inactives_new_000301,mol_000301,48,49
302,Aromatase_inactives_new_000302,mol_000302,44,46
303,Aromatase_inactives_new_000303,mol_000303,31,31
304,Aromatase_inactives_new_000304,mol_000304,37,37
305,Aromatase_inactives_new_000305,mol_000305,56,55
306,Aromatase_inactives_new_000306,mol_000306,57,59
307,Aromatase_inactives_new_000307,mol_000307,41,43
308,Aromatase_inactives_new_000308,mol_000308,47,49
309,Aromatase_inactives_new_000309,mol_000309,34,36
310,Aromatase_inactives_new_000310,mol_000310,33,34
311,Aromatase_inactives_new_000311,mol_000311,52,54
312,Aromatase_inactives_new_000312,mol_000312,51,53
313,Aromatase_inactives_new_000313,mol_000313,47,49
314,Aromatase_inactives_new_000314,mol_000314,48,51
315,Aromatase_inactives_new_000315,mol_000315,57,59
316,Aromatase_inactives_new_000316,mol_000316,69,69
317,Aromatase_inactives_new_000317,mol_000317,55,61
318,Aromatase_inactives_new_000318,mol_000318,54,57
319,Aromatase_inactives_new_000319,mol_000319,50,52
320,Aromatase_inactives_new_000320,mol_000320,51,50
321,Aromatase_inactives_new_000321,mol_000321,60,59
322,Aromatase_inactives_new_000322,mol_000322,52,55
323,Aromatase_inactives_new_000323,mol_000323,30,30
324,Aromatase_inactives_new_000324,mol_000324,61,63
325,Aromatase_inactives_new_000325,mol_000325,60,61
326,Aromatase_inactives_new_000326,mol_000326,64,64
327,Aromatase_inactives_new_000327,mol_000327,58,59
328,Aromatase_inactives_new_000328,mol_000328,33,34
329,Aromatase_inactives_new_000329,mol_000329,68,71
330,Aromatase_inactives_new_000330,mol_000330,53,54
331,Aromatase_inactives_new_000331,mol_000331,32,33
332,Aromatase_inactives_new_000332,mol_000332,38,39
333,Aromatase_inactives_new_000333,mol_000333,136,135
334,Aromatase_inactives_new_000334,mol_000334,43,45
335,Aromatase_inactives_new_000335,mol_000335,69,66
336,Aromatase_inactives_new_000336,mol_000336,21,19
337,Aromatase_inactives_new_000337,mol_000337,63,61
338,Aromatase_inactives_new_000338,mol_000338,77,80
339,Aromatase_inactives_new_000339,mol_000339,30,31
340,Aromatase_inactives_new_000340,mol_000340,34,35
341,Aromatase_inactives_new_000341,mol_000341,31,32
342,Aromatase_inactives_new_000342,mol_000342,58,61
343,Aromatase_inactives_new_000343,mol_000343,39,38
344,Aromatase_inactives_new_000344,mol_000344,39,41
345,Aromatase_inactives_new_000345,mol_000345,92,94
346,Aromatase_inactives_new_000346,mol_000346,71,75
347,Aromatase_inactives_new_000347,mol_000347,32,34
348,Aromatase_inactives_new_000348,mol_000348,33,34
349,Aromatase_inactives_new_000349,mol_000349,44,43
350,Aromatase_inactives_new_000350,mol_000350,30,30
351,Aromatase_inactives_new_000351,mol_000351,34,33
352,Aromatase_inactives_new_000352,mol_000352,28,29
353,Aromatase_inactives_new_000353,mol_000353,46,45
354,Aromatase_inactives_new_000354,mol_000354,16,17
355,Aromatase_inactives_new_000355,mol_000355,41,43
356,Aromatase_inactives_new_000356,mol_000356,23,24
357,Aromatase_inactives_new_000357,mol_000357,44,46
358,Aromatase_inactives_new_000358,mol_000358,43,45
359,Aromatase_inactives_new_000359,mol_000359,31,32
360,Aromatase_inactives_new_000360,mol_000360,25,26
361,Aromatase_inactives_new_000361,mol_000361,9,8
362,Aromatase_inactives_new_000362,mol_000362,23,23
363,Aromatase_inactives_new_000363,mol_000363,51,51
364,Aromatase_inactives_new_000364,mol_000364,36,38
365,Aromatase_inactives_new_000365,mol_000365,23,23
366,Aromatase_inactives_new_000366,mol_000366,24,23
367,Aromatase_inactives_new_000367,mol_000367,35,36
368,Aromatase_inactives_new_000368,mol_000368,86,87
369,Aromatase_inactives_new_000369,mol_000369,31,33
370,Aromatase_inactives_new_000370,mol_000370,40,42
371,Aromatase_inactives_new_000371,mol_000371,16,16
372,Aromatase_inactives_new_000372,mol_000372,33,34
373,Aromatase_inactives_new_000373,mol_000373,31,30
374,Aromatase_inactives_new_000374,mol_000374,31,30
375,Aromatase_inactives_new_000375,mol_000375,32,33
376,Aromatase_inactives_new_000376,mol_000376,32,36
377,Aromatase_inactives_new_000377,mol_000377,43,46
378,Aromatase_inactives_new_000378,mol_000378,44,46
379,Aromatase_inactives_new_000379,mol_000379,28,29
380,Aromatase_inactives_new_000380,mol_000380,52,57
381,Aromatase_inactives_new_000381,mol_000381,47,49
382,Aromatase_inactives_new_000382,mol_000382,42,41
383,Aromatase_inactives_new_000383,mol_000383,50,53
384,Aromatase_inactives_new_000384,mol_000384,31,32
385,Aromatase_inactives_new_000385,mol_000385,65,64
386,Aromatase_inactives_new_000386,mol_000386,47,48
387,Aromatase_inactives_new_000387,mol_000387,57,61
388,Aromatase_inactives_new_000388,mol_000388,3,2
389,Aromatase_inactives_new_000389,mol_000389,34,35
390,Aromatase_inactives_new_000390,mol_000390,30,31
391,Aromatase_inactives_new_000391,mol_000391,25,26
392,Aromatase_inactives_new_000392,mol_000392,26,26
393,Aromatase_inactives_new_000393,mol_000393,20,20
394,Aromatase_inactives_new_000394,mol_000394,56,56
395,Aromatase_inactives_new_000395,mol_000395,50,50
396,Aromatase_inactives_new_000396,mol_000396,50,52
397,Aromatase_inactives_new_000397,mol_000397,22,22
398,Aromatase_inactives_new_000398,mol_000398,20,22
399,Aromatase_inactives_new_000399,mol_000399,33,34
400,Aromatase_inactives_new_000400,mol_000400,30,30
401,Aromatase_inactives_new_000401,mol_000401,32,31
402,Aromatase_inactives_new_000402,mol_000402,52,53
403,Aromatase_inactives_new_000403,mol_000403,60,64
404,Aromatase_inactives_new_000404,mol_000404,47,49
405,Aromatase_inactives_new_000405,mol_000405,62,65
406,Aromatase_inactives_new_000406,mol_000406,38,37
407,Aromatase_inactives_new_000407,mol_000407,47,49
408,Aromatase_inactives_new_000408,mol_000408,26,27
409,Aromatase_inactives_new_000409,mol_000409,38,37
410,Aromatase_inactives_new_000410,mol_000410,15,15
411,Aromatase_inactives_new_000411,mol_000411,52,55
412,Aromatase_inactives_new_000412,mol_000412,13,13
413,Aromatase_inactives_new_000413,mol_000413,27,28
414,Aromatase_inactives_new_000414,mol_000414,17,16
415,Aromatase_inactives_new_000415,mol_000415,31,30
416,Aromatase_inactives_new_000416,mol_000416,46,44
417,Aromatase_inactives_new_000417,mol_000417,47,45
418,Aromatase_inactives_new_000418,mol_000418,24,26
419,Aromatase_inactives_new_000419,mol_000419,48,52
420,Aromatase_inactives_new_000420,mol_000420,10,10
421,Aromatase_inactives_new_000421,mol_000421,58,62
422,Aromatase_inactives_new_000422,mol_000422,57,59
423,Aromatase_inactives_new_000423,mol_000423,33,34
424,Aromatase_inactives_new_000424,mol_000424,27,26
425,Aromatase_inactives_new_000425,mol_000425,35,36
426,Aromatase_inactives_new_000426,mol_000426,41,42
427,Aromatase_inactives_new_000427,mol_000427,20,19
428,Aromatase_inactives_new_000428,mol_000428,22,22
429,Aromatase_inactives_new_000429,mol_000429,13,13
430,Aromatase_inactives_new_000430,mol_000430,52,51
431,Aromatase_inactives_new_000431,mol_000431,30,32
432,Aromatase_inactives_new_000432,mol_000432,20,19
433,Aromatase_inactives_new_000433,mol_000433,16,15
434,Aromatase_inactives_new_000434,mol_000434,15,15
435,Aromatase_inactives_new_000435,mol_000435,18,18
436,Aromatase_inactives_new_000436,mol_000436,47,47
437,Aromatase_inactives_new_000437,mol_000437,25,25
438,Aromatase_inactives_new_000438,mol_000438,18,17
439,Aromatase_inactives_new_000439,mol_000439,21,20
440,Aromatase_inactives_new_000440,mol_000440,23,24
441,Aromatase_inactives_new_000441,mol_000441,21,21
442,Aromatase_inactives_new_000442,mol_000442,20,20
443,Aromatase_inactives_new_000443,mol_000443,14,14
444,Aromatase_inactives_new_000444,mol_000444,16,16
445,Aromatase_inactives_new_000445,mol_000445,27,27
446,Aromatase_inactives_new_000446,mol_000446,74,78
447,Aromatase_inactives_new_000447,mol_000447,41,44
448,Aromatase_inactives_new_000448,mol_000448,55,56
449,Aromatase_inactives_new_000449,mol_000449,52,54
450,Aromatase_inactives_new_000450,mol_000450,43,46
451,Aromatase_inactives_new_000451,mol_000451,134,140
452,Aromatase_inactives_new_000452,mol_000452,59,59
453,Aromatase_inactives_new_000453,mol_000453,58,63
454,Aromatase_inactives_new_000454,mol_000454,73,73
455,Aromatase_inactives_new_000455,mol_000455,42,45
456,Aromatase_inactives_new_000456,mol_000456,46,49
457,Aromatase_inactives_new_000457,mol_000457,90,89
458,Aromatase_inactives_new_000458,mol_000458,72,74
459,Aromatase_inactives_new_000459,mol_000459,36,39
460,Aromatase_inactives_new_000460,mol_000460,67,70
461,Aromatase_inactives_new_000461,mol_000461,39,41
462,Aromatase_inactives_new_000462,mol_000462,31,33
463,Aromatase_inactives_new_000463,mol_000463,53,56
464,Aromatase_inactives_new_000464,mol_000464,197,202
465,Aromatase_inactives_new_000465,mol_000465,72,74
466,Aromatase_inactives_new_000466,mol_000466,34,36
467,Aromatase_inactives_new_000467,mol_000467,54,57
468,Aromatase_inactives_new_000468,mol_000468,28,29
469,Aromatase_inactives_new_000469,mol_000469,40,41
470,Aromatase_inactives_new_000470,mol_000470,55,54
471,Aromatase_inactives_new_000471,mol_000471,93,99
472,Aromatase_inactives_new_000472,mol_000472,60,63
473,Aromatase_inactives_new_000473,mol_000473,34,36
474,Aromatase_inactives_new_000474,mol_000474,36,37
475,Aromatase_inactives_new_000475,mol_000475,40,42
476,Aromatase_inactives_new_000476,mol_000476,32,34
477,Aromatase_inactives_new_000477,mol_000477,58,61
478,Aromatase_inactives_new_000478,mol_000478,48,49
479,Aromatase_inactives_new_000479,mol_000479,35,36
480,Aromatase_inactives_new_000480,mol_000480,42,42
481,Aromatase_inactives_new_000481,mol_000481,50,52
482,Aromatase_inactives_new_000482,mol_000482,51,54
483,Aromatase_inactives_new_000483,mol_000483,46,50
484,Aromatase_inactives_new_000484,mol_000484,52,56
485,Aromatase_inactives_new_000485,mol_000485,27,28
486,Aromatase_inactives_new_000486,mol_000486,35,38
487,Aromatase_inactives_new_000487,mol_000487,51,54
488,Aromatase_inactives_new_000488,mol_000488,50,52
489,Aromatase_inactives_new_000489,mol_000489,46,50
490,Aromatase_inactives_new_000490,mol_000490,33,35
491,Aromatase_inactives_new_000491,mol_000491,74,76
492,Aromatase_inactives_new_000492,mol_000492,20,20
493,Aromatase_inactives_new_000493,mol_000493,60,63
494,Aromatase_inactives_new_000494,mol_000494,30,31
495,Aromatase_inactives_new_000495,mol_000495,74,77
496,Aromatase_inactives_new_000496,mol_000496,88,88
497,Aromatase_inactives_new_000497,mol_000497,56,60
498,Aromatase_inactives_new_000498,mol_000498,49,52
499,Aromatase_inactives_new_000499,mol_000499,46,49
500,Aromatase_inactives_new_000500,mol_000500,46,49
501,Aromatase_inactives_new_000501,mol_000501,51,54
502,Aromatase_inactives_new_000502,mol_000502,51,53
503,Aromatase_inactives_new_000503,mol_000503,18,19
504,Aromatase_inactives_new_000504,mol_000504,42,43
505,Aromatase_inactives_new_000505,mol_000505,49,52
506,Aromatase_inactives_new_000506,mol_000506,65,69
507,Aromatase_inactives_new_000507,mol_000507,55,58
508,Aromatase_inactives_new_000508,mol_000508,39,41
509,Aromatase_inactives_new_000509,mol_000509,65,66
510,Aromatase_inactives_new_000510,mol_000510,40,38
511,Aromatase_inactives_new_000511,mol_000511,58,58
512,Aromatase_inactives_new_000512,mol_000512,85,86
513,Aromatase_inactives_new_000513,mol_000513,40,39
514,Aromatase_inactives_new_000514,mol_000514,32,33
515,Aromatase_inactives_new_000515,mol_000515,23,24
516,Aromatase_inactives_new_000516,mol_000516,59,63
517,Aromatase_inactives_new_000517,mol_000517,73,74
518,Aromatase_inactives_new_000518,mol_000518,67,69
519,Aromatase_inactives_new_000519,mol_000519,75,77
520,Aromatase_inactives_new_000520,mol_000520,60,63
521,Aromatase_inactives_new_000521,mol_000521,53,54
522,Aromatase_inactives_new_000522,mol_000522,34,34
523,Aromatase_inactives_new_000523,mol_000523,50,53
524,Aromatase_inactives_new_000524,mol_000524,31,31
525,Aromatase_inactives_new_000525,mol_000525,29,31
526,Aromatase_inactives_new_000526,mol_000526,49,52
527,Aromatase_inactives_new_000527,mol_000527,65,66
528,Aromatase_inactives_new_000528,mol_000528,52,55
529,Aromatase_inactives_new_000529,mol_000529,53,55
530,Aromatase_inactives_new_000530,mol_000530,42,44
531,Aromatase_inactives_new_000531,mol_000531,40,41
532,Aromatase_inactives_new_000532,mol_000532,41,43
533,Aromatase_inactives_new_000533,mol_000533,73,73
534,Aromatase_inactives_new_000534,mol_000534,47,49
535,Aromatase_inactives_new_000535,mol_000535,48,47
536,Aromatase_inactives_new_000536,mol_000536,32,31
537,Aromatase_inactives_new_000537,mol_000537,31,31
538,Aromatase_inactives_new_000538,mol_000538,36,37
539,Aromatase_inactives_new_000539,mol_000539,54,55
540,Aromatase_inactives_new_000540,mol_000540,23,25
541,Aromatase_inactives_new_000541,mol_000541,50,52
542,Aromatase_inactives_new_000542,mol_000542,65,68
543,Aromatase_inactives_new_000543,mol_000543,124,126
544,Aromatase_inactives_new_000544,mol_000544,53,54
545,Aromatase_inactives_new_000545,mol_000545,118,124
546,Aromatase_inactives_new_000546,mol_000546,49,51
547,Aromatase_inactives_new_000547,mol_000547,15,14
548,Aromatase_inactives_new_000548,mol_000548,17,17
549,Aromatase_inactives_new_000549,mol_000549,29,28
550,Aromatase_inactives_new_000550,mol_000550,70,72
551,Aromatase_inactives_new_000551,mol_000551,30,29
552,Aromatase_inactives_new_000552,mol_000552,45,47
553,Aromatase_inactives_new_000553,mol_000553,47,49
554,Aromatase_inactives_new_000554,mol_000554,27,28
555,Aromatase_inactives_new_000555,mol_000555,102,105
556,Aromatase_inactives_new_000556,mol_000556,48,50
557,Aromatase_inactives_new_000557,mol_000557,52,56
558,Aromatase_inactives_new_000558,mol_000558,99,100
559,Aromatase_inactives_new_000559,mol_000559,47,50
560,Aromatase_inactives_new_000560,mol_000560,26,28
561,Aromatase_inactives_new_000561,mol_000561,48,53
562,Aromatase_inactives_new_000562,mol_000562,37,39
563,Aromatase_inactives_new_000563,mol_000563,20,19
564,Aromatase_inactives_new_000564,mol_000564,47,49
565,Aromatase_inactives_new_000565,mol_000565,20,20
566,Aromatase_inactives_new_000566,mol_000566,48,48
567,Aromatase_inactives_new_000567,mol_000567,22,22
568,Aromatase_inactives_new_000568,mol_000568,15,15
569,Aromatase_inactives_new_000569,mol_000569,58,59
570,Aromatase_inactives_new_000570,mol_000570,26,27
571,Aromatase_inactives_new_000571,mol_000571,65,69
572,Aromatase_inactives_new_000572,mol_000572,52,55
573,Aromatase_inactives_new_000573,mol_000573,92,93
574,Aromatase_inactives_new_000574,mol_000574,51,53
575,Aromatase_inactives_new_000575,mol_000575,51,53
576,Aromatase_inactives_new_000576,mol_000576,27,26
577,Aromatase_inactives_new_000577,mol_000577,25,24
578,Aromatase_inactives_new_000578,mol_000578,29,27
579,Aromatase_inactives_new_000579,mol_000579,40,39
580,Aromatase_inactives_new_000580,mol_000580,90,87
581,Aromatase_inactives_new_000581,mol_000581,31,33
582,Aromatase_inactives_new_000582,mol_000582,32,32
583,Aromatase_inactives_new_000583,mol_000583,54,55
584,Aromatase_inactives_new_000584,mol_000584,50,49
585,Aromatase_inactives_new_000585,mol_000585,30,29
586,Aromatase_inactives_new_000586,mol_000586,15,14
587,Aromatase_inactives_new_000587,mol_000587,24,25
588,Aromatase_inactives_new_000588,mol_000588,63,64
589,Aromatase_inactives_new_000589,mol_000589,33,32
590,Aromatase_inactives_new_000590,mol_000590,13,13
591,Aromatase_inactives_new_000591,mol_000591,137,141
592,Aromatase_inactives_new_000592,mol_000592,93,92
593,Aromatase_inactives_new_000593,mol_000593,73,72
594,Aromatase_inactives_new_000594,mol_000594,49,48
595,Aromatase_inactives_new_000595,mol_000595,29,31
596,Aromatase_inactives_new_000596,mol_000596,56,59
597,Aromatase_inactives_new_000597,mol_000597,51,52
598,Aromatase_inactives_new_000598,mol_000598,68,71
599,Aromatase_inactives_new_000599,mol_000599,56,58
600,Aromatase_inactives_new_000600,mol_000600,75,76
601,Aromatase_inactives_new_000601,mol_000601,50,52
602,Aromatase_inactives_new_000602,mol_000602,55,55
603,Aromatase_inactives_new_000603,mol_000603,41,41
604,Aromatase_inactives_new_000604,mol_000604,56,55
605,Aromatase_inactives_new_000605,mol_000605,43,44
606,Aromatase_inactives_new_000606,mol_000606,56,56
607,Aromatase_inactives_new_000607,mol_000607,40,40
608,Aromatase_inactives_new_000608,mol_000608,33,35
609,Aromatase_inactives_new_000609,mol_000609,25,26
610,Aromatase_inactives_new_000610,mol_000610,35,36
611,Aromatase_inactives_new_000611,mol_000611,43,45
612,Aromatase_inactives_new_000612,mol_000612,42,44
613,Aromatase_inactives_new_000613,mol_000613,68,69
614,Aromatase_inactives_new_000614,mol_000614,54,55
615,Aromatase_inactives_new_000615,mol_000615,75,78
616,Aromatase_inactives_new_000616,mol_000616,53,56
617,Aromatase_inactives_new_000617,mol_000617,54,55
618,Aromatase_inactives_new_000618,mol_000618,51,52
619,Aromatase_inactives_new_000619,mol_000619,33,33
620,Aromatase_inactives_new_000620,mol_000620,38,40
621,Aromatase_inactives_new_000621,mol_000621,42,42
622,Aromatase_inactives_new_000622,mol_000622,77,81
623,Aromatase_inactives_new_000623,mol_000623,34,36
624,Aromatase_inactives_new_000624,mol_000624,49,50
625,Aromatase_inactives_new_000625,mol_000625,40,43
626,Aromatase_inactives_new_000626,mol_000626,56,56
627,Aromatase_inactives_new_000627,mol_000627,50,50
628,Aromatase_inactives_new_000628,mol_000628,51,52
629,Aromatase_inactives_new_000629,mol_000629,32,31
630,Aromatase_inactives_new_000630,mol_000630,43,41
631,Aromatase_inactives_new_000631,mol_000631,41,43
632,Aromatase_inactives_new_000632,mol_000632,26,26
633,Aromatase_inactives_new_000633,mol_000633,44,45
634,Aromatase_inactives_new_000634,mol_000634,49,50
635,Aromatase_inactives_new_000635,mol_000635,50,52
636,Aromatase_inactives_new_000636,mol_000636,36,37
637,Aromatase_inactives_new_000637,mol_000637,42,44
638,Aromatase_inactives_new_000638,mol_000638,39,39
639,Aromatase_inactives_new_000639,mol_000639,55,56
640,Aromatase_inactives_new_000640,mol_000640,34,34
641,Aromatase_inactives_new_000641,mol_000641,52,54
642,Aromatase_inactives_new_000642,mol_000642,74,77
643,Aromatase_inactives_new_000643,mol_000643,34,33
644,Aromatase_inactives_new_000644,mol_000644,42,42
645,Aromatase_inactives_new_000645,mol_000645,13,11
646,Aromatase_inactives_new_000646,mol_000646,41,43
647,Aromatase_inactives_new_000647,mol_000647,54,55
648,Aromatase_inactives_new_000648,mol_000648,58,59
649,Aromatase_inactives_new_000649,mol_000649,51,54
650,Aromatase_inactives_new_000650,mol_000650,46,46
651,Aromatase_inactives_new_000651,mol_000651,62,63
652,Aromatase_inactives_new_000652,mol_000652,59,59
653,Aromatase_inactives_new_000653,mol_000653,55,56
654,Aromatase_inactives_new_000654,mol_000654,30,29
655,Aromatase_inactives_new_000655,mol_000655,32,33
656,Aromatase_inactives_new_000656,mol_000656,22,22
657,Aromatase_inactives_new_000657,mol_000657,24,24
658,Aromatase_inactives_new_000658,mol_000658,15,16
659,Aromatase_inactives_new_000659,mol_000659,35,35
660,Aromatase_inactives_new_000660,mol_000660,53,55
661,Aromatase_inactives_new_000661,mol_000661,53,57
662,Aromatase_inactives_new_000662,mol_000662,35,36
663,Aromatase_inactives_new_000663,mol_000663,24,26
664,Aromatase_inactives_new_000664,mol_000664,31,33
665,Aromatase_inactives_new_000665,mol_000665,44,47
666,Aromatase_inactives_new_000666,mol_000666,43,46
667,Aromatase_inactives_new_000667,mol_000667,42,45
668,Aromatase_inactives_new_000668,mol_000668,37,39
669,Aromatase_inactives_new_000669,mol_000669,48,50
670,Aromatase_inactives_new_000670,mol_000670,73,76
671,Aromatase_inactives_new_000671,mol_000671,24,26
672,Aromatase_inactives_new_000672,mol_000672,57,60
673,Aromatase_inactives_new_000673,mol_000673,36,39
674,Aromatase_inactives_new_000674,mol_000674,46,48
675,Aromatase_inactives_new_000675,mol_000675,78,79
676,Aromatase_inactives_new_000676,mol_000676,32,33
677,Aromatase_inactives_new_000677,mol_000677,15,14
678,Aromatase_inactives_new_000678,mol_000678,51,54
679,Aromatase_inactives_new_000679,mol_000679,48,49
680,Aromatase_inactives_new_000680,mol_000680,36,37
681,Aromatase_inactives_new_000681,mol_000681,35,35
682,Aromatase_inactives_new_000682,mol_000682,106,109
683,Aromatase_inactives_new_000683,mol_000683,31,33
684,Aromatase_inactives_new_000684,mol_000684,96,99
685,Aromatase_inactives_new_000685,mol_000685,20,19
686,Aromatase_inactives_new_000686,mol_000686,34,36
687,Aromatase_inactives_new_000687,mol_000687,51,53
688,Aromatase_inactives_new_000688,mol_000688,17,17
689,Aromatase_inactives_new_000689,mol_000689,38,39
690,Aromatase_inactives_new_000690,mol_000690,29,30
691,Aromatase_inactives_new_000691,mol_000691,39,39
692,Aromatase_inactives_new_000692,mol_000692,62,64
693,Aromatase_inactives_new_000693,mol_000693,33,32
694,Aromatase_inactives_new_000694,mol_000694,23,23
695,Aromatase_inactives_new_000695,mol_000695,28,28
696,Aromatase_inactives_new_000696,mol_000696,79,86
697,Aromatase_inactives_new_000697,mol_000697,31,33
698,Aromatase_inactives_new_000698,mol_000698,47,50
699,Aromatase_inactives_new_000699,mol_000699,45,48
700,Aromatase_inactives_new_000700,mol_000700,68,71
701,Aromatase_inactives_new_000701,mol_000701,55,57
702,Aromatase_inactives_new_000702,mol_000702,50,49
703,Aromatase_inactives_new_000703,mol_000703,52,56
704,Aromatase_inactives_new_000704,mol_000704,32,33
705,Aromatase_inactives_new_000705,mol_000705,51,53
706,Aromatase_inactives_new_000706,mol_000706,25,26
707,Aromatase_inactives_new_000707,mol_000707,27,29
708,Aromatase_inactives_new_000708,mol_000708,24,26
709,Aromatase_inactives_new_000709,mol_000709,53,57
710,Aromatase_inactives_new_000710,mol_000710,49,52
711,Aromatase_inactives_new_000711,mol_000711,19,18
712,Aromatase_inactives_new_000712,mol_000712,82,87
713,Aromatase_inactives_new_000713,mol_000713,38,41
714,Aromatase_inactives_new_000714,mol_000714,52,54
715,Aromatase_inactives_new_000715,mol_000715,63,62
716,Aromatase_inactives_new_000716,mol_000716,52,54
717,Aromatase_inactives_new_000717,mol_000717,41,42
718,Aromatase_inactives_new_000718,mol_000718,50,52
719,Aromatase_inactives_new_000719,mol_000719,40,41
720,Aromatase_inactives_new_000720,mol_000720,55,56
721,Aromatase_inactives_new_000721,mol_000721,49,50
722,Aromatase_inactives_new_000722,mol_000722,62,63
723,Aromatase_inactives_new_000723,mol_000723,20,21
724,Aromatase_inactives_new_000724,mol_000724,21,22
725,Aromatase_inactives_new_000725,mol_000725,20,20
726,Aromatase_inactives_new_000726,mol_000726,17,17
727,Aromatase_inactives_new_000727,mol_000727,53,56
728,Aromatase_inactives_new_000728,mol_000728,33,33
729,Aromatase_inactives_new_000729,mol_000729,53,53
730,Aromatase_inactives_new_000730,mol_000730,43,45
731,Aromatase_inactives_new_000731,mol_000731,35,35
732,Aromatase_inactives_new_000732,mol_000732,60,60
733,Aromatase_inactives_new_000733,mol_000733,37,32
734,Aromatase_inactives_new_000734,mol_000734,78,79
735,Aromatase_inactives_new_000735,mol_000735,28,28
736,Aromatase_inactives_new_000736,mol_000736,30,28
737,Aromatase_inactives_new_000737,mol_000737,25,26
738,Aromatase_inactives_new_000738,mol_000738,14,13
739,Aromatase_inactives_new_000739,mol_000739,34,34
740,Aromatase_inactives_new_000740,mol_000740,58,58
741,Aromatase_inactives_new_000741,mol_000741,38,39
742,Aromatase_inactives_new_000742,mol_000742,73,70
743,Aromatase_inactives_new_000743,mol_000743,56,57
744,Aromatase_inactives_new_000744,mol_000744,37,39
745,Aromatase_inactives_new_000745,mol_000745,85,87
746,Aromatase_inactives_new_000746,mol_000746,40,43
747,Aromatase_inactives_new_000747,mol_000747,35,36
748,Aromatase_inactives_new_000748,mol_000748,80,82
749,Aromatase_inactives_new_000749,mol_000749,32,32
750,Aromatase_inactives_new_000750,mol_000750,31,32
751,Aromatase_inactives_new_000751,mol_000751,24,24
752,Aromatase_inactives_new_000752,mol_000752,41,43
753,Aromatase_inactives_new_000753,mol_000753,20,21
754,Aromatase_inactives_new_000754,mol_000754,16,16
755,Aromatase_inactives_new_000755,mol_000755,18,19
756,Aromatase_inactives_new_000756,mol_000756,31,33
757,Aromatase_inactives_new_000757,mol_000757,46,48
758,Aromatase_inactives_new_000758,mol_000758,43,44
759,Aromatase_inactives_new_000759,mol_000759,27,29
760,Aromatase_inactives_new_000760,mol_000760,47,50
761,Aromatase_inactives_new_000761,mol_000761,58,61
762,Aromatase_inactives_new_000762,mol_000762,50,53
763,Aromatase_inactives_new_000763,mol_000763,71,73
764,Aromatase_inactives_new_000764,mol_000764,94,93
765,Aromatase_inactives_new_000765,mol_000765,130,129
766,Aromatase_inactives_new_000766,mol_000766,118,117
767,Aromatase_inactives_new_000767,mol_000767,27,26
768,Aromatase_inactives_new_000768,mol_000768,73,72
769,Aromatase_inactives_new_000769,mol_000769,16,15
770,Aromatase_inactives_new_000770,mol_000770,44,45
771,Aromatase_inactives_new_000771,mol_000771,19,18
772,Aromatase_inactives_new_000772,mol_000772,72,75
773,Aromatase_inactives_new_000773,mol_000773,50,54
774,Aromatase_inactives_new_000774,mol_000774,27,28
775,Aromatase_inactives_new_000775,mol_000775,62,65
776,Aromatase_inactives_new_000776,mol_000776,25,25
777,Aromatase_inactives_new_000777,mol_000777,46,49
778,Aromatase_inactives_new_000778,mol_000778,40,44
779,Aromatase_inactives_new_000779,mol_000779,23,23
780,Aromatase_inactives_new_000780,mol_000780,58,59
781,Aromatase_inactives_new_000781,mol_000781,53,54
782,Aromatase_inactives_new_000782,mol_000782,38,39
783,Aromatase_inactives_new_000783,mol_000783,34,35
784,Aromatase_inactives_new_000784,mol_000784,30,31
785,Aromatase_inactives_new_000785,mol_000785,31,32
786,Aromatase_inactives_new_000786,mol_000786,58,60
787,Aromatase_inactives_new_000787,mol_000787,66,66
788,Aromatase_inactives_new_000788,mol_000788,43,44
789,Aromatase_inactives_new_000789,mol_000789,36,36
790,Aromatase_inactives_new_000790,mol_000790,43,45
791,Aromatase_inactives_new_000791,mol_000791,42,43
792,Aromatase_inactives_new_000792,mol_000792,24,24
793,Aromatase_inactives_new_000793,mol_000793,31,32
794,Aromatase_inactives_new_000794,mol_000794,44,44
795,Aromatase_inactives_new_000795,mol_000795,60,64
796,Aromatase_inactives_new_000796,mol_000796,33,35
797,Aromatase_inactives_new_000797,mol_000797,32,32
798,Aromatase_inactives_new_000798,mol_000798,36,34
799,Aromatase_inactives_new_000799,mol_000799,48,51
800,Aromatase_inactives_new_000800,mol_000800,46,47
801,Aromatase_inactives_new_000801,mol_000801,32,32
802,Aromatase_inactives_new_000802,mol_000802,42,42
803,Aromatase_inactives_new_000803,mol_000803,26,26
804,Aromatase_inactives_new_000804,mol_000804,23,23
805,Aromatase_inactives_new_000805,mol_000805,33,32
806,Aromatase_inactives_new_000806,mol_000806,26,26
807,Aromatase_inactives_new_000807,mol_000807,31,29
808,Aromatase_inactives_new_000808,mol_000808,44,44
809,Aromatase_inactives_new_000809,mol_000809,48,48
810,Aromatase_inactives_new_000810,mol_000810,50,52
811,Aromatase_inactives_new_000811,mol_000811,48,48
812,Aromatase_inactives_new_000812,mol_000812,52,52
813,Aromatase_inactives_new_000813,mol_000813,56,56
814,Aromatase_inactives_new_000814,mol_000814,27,29
815,Aromatase_inactives_new_000815,mol_000815,50,50
816,Aromatase_inactives_new_000816,mol_000816,48,50
817,Aromatase_inactives_new_000817,mol_000817,42,42
818,Aromatase_inactives_new_000818,mol_000818,56,57
819,Aromatase_inactives_new_000819,mol_000819,50,51
820,Aromatase_inactives_new_000820,mol_000820,45,45
821,Aromatase_inactives_new_000821,mol_000821,71,72
822,Aromatase_inactives_new_000822,mol_000822,26,24
823,Aromatase_inactives_new_000823,mol_000823,23,23
824,Aromatase_inactives_new_000824,mol_000824,50,53
825,Aromatase_inactives_new_000825,mol_000825,34,37
826,Aromatase_inactives_new_000826,mol_000826,17,17
827,Aromatase_inactives_new_000827,mol_000827,49,49
828,Aromatase_inactives_new_000828,mol_000828,34,34
829,Aromatase_inactives_new_000829,mol_000829,55,57
830,Aromatase_inactives_new_000830,mol_000830,42,42
831,Aromatase_inactives_new_000831,mol_000831,57,58
832,Aromatase_inactives_new_000832,mol_000832,76,78
833,Aromatase_inactives_new_000833,mol_000833,50,51
834,Aromatase_inactives_new_000834,mol_000834,64,65
835,Aromatase_inactives_new_000835,mol_000835,44,46
836,Aromatase_inactives_new_000836,mol_000836,50,52
837,Aromatase_inactives_new_000837,mol_000837,35,34
838,Aromatase_inactives_new_000838,mol_000838,70,73
839,Aromatase_inactives_new_000839,mol_000839,9,6
840,Aromatase_inactives_new_000840,mol_000840,38,40
841,Aromatase_inactives_new_000841,mol_000841,44,46
842,Aromatase_inactives_new_000842,mol_000842,31,31
843,Aromatase_inactives_new_000843,mol_000843,28,28
844,Aromatase_inactives_new_000844,mol_000844,53,57
845,Aromatase_inactives_new_000845,mol_000845,25,25
846,Aromatase_inactives_new_000846,mol_000846,23,24
847,Aromatase_inactives_new_000847,mol_000847,36,37
848,Aromatase_inactives_new_000848,mol_000848,141,144
849,Aromatase_inactives_new_000849,mol_000849,118,120
850,Aromatase_inactives_new_000850,mol_000850,51,54
851,Aromatase_inactives_new_000851,mol_000851,51,53
852,Aromatase_inactives_new_000852,mol_000852,44,47
853,Aromatase_inactives_new_000853,mol_000853,44,46
854,Aromatase_inactives_new_000854,mol_000854,45,48
855,Aromatase_inactives_new_000855,mol_000855,48,51
856,Aromatase_inactives_new_000856,mol_000856,63,66
857,Aromatase_inactives_new_000857,mol_000857,50,55
858,Aromatase_inactives_new_000858,mol_000858,18,17
859,Aromatase_inactives_new_000859,mol_000859,32,33
860,Aromatase_inactives_new_000860,mol_000860,52,55
861,Aromatase_inactives_new_000861,mol_000861,41,42
862,Aromatase_inactives_new_000862,mol_000862,74,80
863,Aromatase_inactives_new_000863,mol_000863,47,48
864,Aromatase_inactives_new_000864,mol_000864,46,47
865,Aromatase_inactives_new_000865,mol_000865,26,27
866,Aromatase_inactives_new_000866,mol_000866,30,30
867,Aromatase_inactives_new_000867,mol_000867,53,57
868,Aromatase_inactives_new_000868,mol_000868,37,36
869,Aromatase_inactives_new_000869,mol_000869,57,59
870,Aromatase_inactives_new_000870,mol_000870,43,45
871,Aromatase_inactives_new_000871,mol_000871,30,29
872,Aromatase_inactives_new_000872,mol_000872,33,35
873,Aromatase_inactives_new_000873,mol_000873,43,46
874,Aromatase_inactives_new_000874,mol_000874,32,32
875,Aromatase_inactives_new_000875,mol_000875,13,13
876,Aromatase_inactives_new_000876,mol_000876,44,46
877,Aromatase_inactives_new_000877,mol_000877,22,22
878,Aromatase_inactives_new_000878,mol_000878,32,33
879,Aromatase_inactives_new_000879,mol_000879,36,36
880,Aromatase_inactives_new_000880,mol_000880,20,21
881,Aromatase_inactives_new_000881,mol_000881,181,186
882,Aromatase_inactives_new_000882,mol_000882,138,141
883,Aromatase_inactives_new_000883,mol_000883,28,29
884,Aromatase_inactives_new_000884,mol_000884,20,20
885,Aromatase_inactives_new_000885,mol_000885,40,40
886,Aromatase_inactives_new_000886,mol_000886,38,41
887,Aromatase_inactives_new_000887,mol_000887,33,34
888,Aromatase_inactives_new_000888,mol_000888,42,42
889,Aromatase_inactives_new_000889,mol_000889,40,42
890,Aromatase_inactives_new_000890,mol_000890,30,31
891,Aromatase_inactives_new_000891,mol_000891,41,43
892,Aromatase_inactives_new_000892,mol_000892,31,32
893,Aromatase_inactives_new_000893,mol_000893,38,39
894,Aromatase_inactives_new_000894,mol_000894,25,26
895,Aromatase_inactives_new_000895,mol_000895,65,62
896,Aromatase_inactives_new_000896,mol_000896,18,16
897,Aromatase_inactives_new_000897,mol_000897,19,19
898,Aromatase_inactives_new_000898,mol_000898,39,41
899,Aromatase_inactives_new_000899,mol_000899,51,53
900,Aromatase_inactives_new_000900,mol_000900,24,24
901,Aromatase_inactives_new_000901,mol_000901,22,22
902,Aromatase_inactives_new_000902,mol_000902,56,59
903,Aromatase_inactives_new_000903,mol_000903,19,19
904,Aromatase_inactives_new_000904,mol_000904,20,20
905,Aromatase_inactives_new_000905,mol_000905,27,26
906,Aromatase_inactives_new_000906,mol_000906,22,22
907,Aromatase_inactives_new_000907,mol_000907,19,19
908,Aromatase_inactives_new_000908,mol_000908,27,27
909,Aromatase_inactives_new_000909,mol_000909,28,29
910,Aromatase_inactives_new_000910,mol_000910,58,61
911,Aromatase_inactives_new_000911,mol_000911,155,154
912,Aromatase_inactives_new_000912,mol_000912,50,52
913,Aromatase_inactives_new_000913,mol_000913,25,25
914,Aromatase_inactives_new_000914,mol_000914,27,27
915,Aromatase_inactives_new_000915,mol_000915,23,22
916,Aromatase_inactives_new_000916,mol_000916,35,36
917,Aromatase_inactives_new_000917,mol_000917,67,68
918,Aromatase_inactives_new_000918,mol_000918,37,38
919,Aromatase_inactives_new_000919,mol_000919,70,73
920,Aromatase_inactives_new_000920,mol_000920,45,46
921,Aromatase_inactives_new_000921,mol_000921,21,20
922,Aromatase_inactives_new_000922,mol_000922,40,41
923,Aromatase_inactives_new_000923,mol_000923,35,36
924,Aromatase_inactives_new_000924,mol_000924,50,52
925,Aromatase_inactives_new_000925,mol_000925,12,11
926,Aromatase_inactives_new_000926,mol_000926,44,46
927,Aromatase_inactives_new_000927,mol_000927,28,29
928,Aromatase_inactives_new_000928,mol_000928,53,54
929,Aromatase_inactives_new_000929,mol_000929,32,34
930,Aromatase_inactives_new_000930,mol_000930,33,33
931,Aromatase_inactives_new_000931,mol_000931,61,61
932,Aromatase_inactives_new_000932,mol_000932,39,39
933,Aromatase_inactives_new_000933,mol_000933,45,47
934,Aromatase_inactives_new_000934,mol_000934,41,43
935,Aromatase_inactives_new_000935,mol_000935,29,30
936,Aromatase_inactives_new_000936,mol_000936,54,57
937,Aromatase_inactives_new_000937,mol_000937,35,37
938,Aromatase_inactives_new_000938,mol_000938,24,25
939,Aromatase_inactives_new_000939,mol_000939,42,44
940,Aromatase_inactives_new_000940,mol_000940,33,34
941,Aromatase_inactives_new_000941,mol_000941,38,41
942,Aromatase_inactives_new_000942,mol_000942,38,38
943,Aromatase_inactives_new_000943,mol_000943,27,26
944,Aromatase_inactives_new_000944,mol_000944,34,36
945,Aromatase_inactives_new_000945,mol_000945,62,64
946,Aromatase_inactives_new_000946,mol_000946,36,37
947,Aromatase_inactives_new_000947,mol_000947,34,35
948,Aromatase_inactives_new_000948,mol_000948,40,42
949,Aromatase_inactives_new_000949,mol_000949,27,28
950,Aromatase_inactives_new_000950,mol_000950,12,12
951,Aromatase_inactives_new_000951,mol_000951,177,184
952,Aromatase_inactives_new_000952,mol_000952,28,28
953,Aromatase_inactives_new_000953,mol_000953,46,48
954,Aromatase_inactives_new_000954,mol_000954,33,35
955,Aromatase_inactives_new_000955,mol_000955,23,24
956,Aromatase_inactives_new_000956,mol_000956,34,36
957,Aromatase_inactives_new_000957,mol_000957,25,22
958,Aromatase_inactives_new_000958,mol_000958,59,62
959,Aromatase_inactives_new_000959,mol_000959,34,35
960,Aromatase_inactives_new_000960,mol_000960,44,47
961,Aromatase_inactives_new_000961,mol_000961,32,31
962,Aromatase_inactives_new_000962,mol_000962,44,45
963,Aromatase_inactives_new_000963,mol_000963,30,30
964,Aromatase_inactives_new_000964,mol_000964,27,28
965,Aromatase_inactives_new_000965,mol_000965,38,39
966,Aromatase_inactives_new_000966,mol_000966,30,31
967,Aromatase_inactives_new_000967,mol_000967,42,43
968,Aromatase_inactives_new_000968,mol_000968,126,133
969,Aromatase_inactives_new_000969,mol_000969,22,23
970,Aromatase_inactives_new_000970,mol_000970,28,29
971,Aromatase_inactives_new_000971,mol_000971,58,61
972,Aromatase_inactives_new_000972,mol_000972,183,184
973,Aromatase_inactives_new_000973,mol_000973,38,39
974,Aromatase_inactives_new_000974,mol_000974,26,27
975,Aromatase_inactives_new_000975,mol_000975,28,29
976,Aromatase_inactives_new_000976,mol_000976,46,48
977,Aromatase_inactives_new_000977,mol_000977,54,56
978,Aromatase_inactives_new_000978,mol_000978,18,17
979,Aromatase_inactives_new_000979,mol_000979,111,110
980,Aromatase_inactives_new_000980,mol_000980,26,26
981,Aromatase_inactives_new_000981,mol_000981,37,39
982,Aromatase_inactives_new_000982,mol_000982,20,19
983,Aromatase_inactives_new_000983,mol_000983,28,29
984,Aromatase_inactives_new_000984,mol_000984,22,22
985,Aromatase_inactives_new_000985,mol_000985,21,21
986,Aromatase_inactives_new_000986,mol_000986,19,19
987,Aromatase_inactives_new_000987,mol_000987,28,28
988,Aromatase_inactives_new_000988,mol_000988,35,37
989,Aromatase_inactives_new_000989,mol_000989,17,17
990,Aromatase_inactives_new_000990,mol_000990,14,15
991,Aromatase_inactives_new_000991,mol_000991,45,48
992,Aromatase_inactives_new_000992,mol_000992,51,52
993,Aromatase_inactives_new_000993,mol_000993,60,60
994,Aromatase_inactives_new_000994,mol_000994,27,27
995,Aromatase_inactives_new_000995,mol_000995,87,90
996,Aromatase_inactives_new_000996,mol_000996,50,51
997,Aromatase_inactives_new_000997,mol_000997,23,25
998,Aromatase_inactives_new_000998,mol_000998,22,21
999,Aromatase_inactives_new_000999,mol_000999,26,27
1000,Aromatase_inactives_new_001000,mol_001000,59,62
1001,Aromatase_inactives_new_001001,mol_001001,27,27
1002,Aromatase_inactives_new_001002,mol_001002,2,1
1003,Aromatase_inactives_new_001003,mol_001003,50,52
1004,Aromatase_inactives_new_001004,mol_001004,35,36
1005,Aromatase_inactives_new_001005,mol_001005,26,29
1006,Aromatase_inactives_new_001006,mol_001006,60,63
1007,Aromatase_inactives_new_001007,mol_001007,43,44
1008,Aromatase_inactives_new_001008,mol_001008,38,38
1009,Aromatase_inactives_new_001009,mol_001009,67,70
1010,Aromatase_inactives_new_001010,mol_001010,52,51
1011,Aromatase_inactives_new_001011,mol_001011,18,17
1012,Aromatase_inactives_new_001012,mol_001012,36,37
1013,Aromatase_inactives_new_001013,mol_001013,51,54
1014,Aromatase_inactives_new_001014,mol_001014,13,13
1015,Aromatase_inactives_new_001015,mol_001015,17,17
1016,Aromatase_inactives_new_001016,mol_001016,43,41
1017,Aromatase_inactives_new_001017,mol_001017,30,30
1018,Aromatase_inactives_new_001018,mol_001018,50,50
1019,Aromatase_inactives_new_001019,mol_001019,13,13
1020,Aromatase_inactives_new_001020,mol_001020,34,36
1021,Aromatase_inactives_new_001021,mol_001021,23,25
1022,Aromatase_inactives_new_001022,mol_001022,34,34
1023,Aromatase_inactives_new_001023,mol_001023,49,51
1024,Aromatase_inactives_new_001024,mol_001024,18,17
1025,Aromatase_inactives_new_001025,mol_001025,4,3
1026,Aromatase_inactives_new_001026,mol_001026,16,16
1027,Aromatase_inactives_new_001027,mol_001027,33,34
1028,Aromatase_inactives_new_001028,mol_001028,14,15
1029,Aromatase_inactives_new_001029,mol_001029,26,27
1030,Aromatase_inactives_new_001030,mol_001030,37,38
1031,Aromatase_inactives_new_001031,mol_001031,20,20
1032,Aromatase_inactives_new_001032,mol_001032,50,51
1033,Aromatase_inactives_new_001033,mol_001033,60,61
1034,Aromatase_inactives_new_001034,mol_001034,31,33
1035,Aromatase_inactives_new_001035,mol_001035,54,54
1036,Aromatase_inactives_new_001036,mol_001036,29,30
1037,Aromatase_inactives_new_001037,mol_001037,52,55
1038,Aromatase_inactives_new_001038,mol_001038,23,24
1039,Aromatase_inactives_new_001039,mol_001039,20,21
1040,Aromatase_inactives_new_001040,mol_001040,35,34
1041,Aromatase_inactives_new_001041,mol_001041,29,28
1042,Aromatase_inactives_new_001042,mol_001042,47,48
1043,Aromatase_inactives_new_001043,mol_001043,42,42
1044,Aromatase_inactives_new_001044,mol_001044,21,19
1045,Aromatase_inactives_new_001045,mol_001045,34,34
1046,Aromatase_inactives_new_001046,mol_001046,23,23
1047,Aromatase_inactives_new_001047,mol_001047,26,27
1048,Aromatase_inactives_new_001048,mol_001048,29,29
1049,Aromatase_inactives_new_001049,mol_001049,38,37
1050,Aromatase_inactives_new_001050,mol_001050,15,15
1051,Aromatase_inactives_new_001051,mol_001051,59,63
1052,Aromatase_inactives_new_001052,mol_001052,116,121
1053,Aromatase_inactives_new_001053,mol_001053,34,34
1054,Aromatase_inactives_new_001054,mol_001054,26,26
1055,Aromatase_inactives_new_001055,mol_001055,27,27
1056,Aromatase_inactives_new_001056,mol_001056,32,31
1057,Aromatase_inactives_new_001057,mol_001057,32,33
1058,Aromatase_inactives_new_001058,mol_001058,49,47
1059,Aromatase_inactives_new_001059,mol_001059,22,21
1060,Aromatase_inactives_new_001060,mol_001060,14,13
1061,Aromatase_inactives_new_001061,mol_001061,26,27
1062,Aromatase_inactives_new_001062,mol_001062,71,73
1063,Aromatase_inactives_new_001063,mol_001063,80,79
1064,Aromatase_inactives_new_001064,mol_001064,28,29
1065,Aromatase_inactives_new_001065,mol_001065,17,16
1066,Aromatase_inactives_new_001066,mol_001066,22,21
1067,Aromatase_inactives_new_001067,mol_001067,36,36
1068,Aromatase_inactives_new_001068,mol_001068,26,26
1069,Aromatase_inactives_new_001069,mol_001069,33,33
1070,Aromatase_inactives_new_001070,mol_001070,52,57
1071,Aromatase_inactives_new_001071,mol_001071,29,29
1072,Aromatase_inactives_new_001072,mol_001072,26,27
1073,Aromatase_inactives_new_001073,mol_001073,23,24
1074,Aromatase_inactives_new_001074,mol_001074,19,19
1075,Aromatase_inactives_new_001075,mol_001075,16,16
1076,Aromatase_inactives_new_001076,mol_001076,30,32
1077,Aromatase_inactives_new_001077,mol_001077,20,20
1078,Aromatase_inactives_new_001078,mol_001078,20,20
1079,Aromatase_inactives_new_001079,mol_001079,31,31
1080,Aromatase_inactives_new_001080,mol_001080,41,42
1081,Aromatase_inactives_new_001081,mol_001081,38,39
1082,Aromatase_inactives_new_001082,mol_001082,28,27
1083,Aromatase_inactives_new_001083,mol_001083,19,19
1084,Aromatase_inactives_new_001084,mol_001084,51,54
1085,Aromatase_inactives_new_001085,mol_001085,17,17
1086,Aromatase_inactives_new_001086,mol_001086,54,52
1087,Aromatase_inactives_new_001087,mol_001087,32,31
1088,Aromatase_inactives_new_001088,mol_001088,39,39
1089,Aromatase_inactives_new_001089,mol_001089,23,23
1090,Aromatase_inactives_new_001090,mol_001090,5,4
1091,Aromatase_inactives_new_001091,mol_001091,7,6
1092,Aromatase_inactives_new_001092,mol_001092,16,16
1093,Aromatase_inactives_new_001093,mol_001093,22,23
1094,Aromatase_inactives_new_001094,mol_001094,31,31
1095,Aromatase_inactives_new_001095,mol_001095,23,22
1096,Aromatase_inactives_new_001096,mol_001096,32,32
1097,Aromatase_inactives_new_001097,mol_001097,20,20
1098,Aromatase_inactives_new_001098,mol_001098,26,25
1099,Aromatase_inactives_new_001099,mol_001099,38,37
1100,Aromatase_inactives_new_001100,mol_001100,24,23
1101,Aromatase_inactives_new_001101,mol_001101,32,31
1102,Aromatase_inactives_new_001102,mol_001102,32,32
1103,Aromatase_inactives_new_001103,mol_001103,22,22
1104,Aromatase_inactives_new_001104,mol_001104,24,24
1105,Aromatase_inactives_new_001105,mol_001105,15,15
1106,Aromatase_inactives_new_001106,mol_001106,26,27
1107,Aromatase_inactives_new_001107,mol_001107,24,24
1108,Aromatase_inactives_new_001108,mol_001108,35,35
1109,Aromatase_inactives_new_001109,mol_001109,28,29
1110,Aromatase_inactives_new_001110,mol_001110,16,16
1111,Aromatase_inactives_new_001111,mol_001111,18,18
1112,Aromatase_inactives_new_001112,mol_001112,18,18
1113,Aromatase_inactives_new_001113,mol_001113,53,57
1114,Aromatase_inactives_new_001114,mol_001114,29,31
1115,Aromatase_inactives_new_001115,mol_001115,57,56
1116,Aromatase_inactives_new_001116,mol_001116,33,33
1117,Aromatase_inactives_new_001117,mol_001117,45,45
1118,Aromatase_inactives_new_001118,mol_001118,29,29
1119,Aromatase_inactives_new_001119,mol_001119,35,37
1120,Aromatase_inactives_new_001120,mol_001120,18,18
1121,Aromatase_inactives_new_001121,mol_001121,24,24
1122,Aromatase_inactives_new_001122,mol_001122,12,12
1123,Aromatase_inactives_new_001123,mol_001123,11,11
1124,Aromatase_inactives_new_001124,mol_001124,39,39
1125,Aromatase_inactives_new_001125,mol_001125,34,34
1126,Aromatase_inactives_new_001126,mol_001126,19,18
1127,Aromatase_inactives_new_001127,mol_001127,56,56
1128,Aromatase_inactives_new_001128,mol_001128,18,18
1129,Aromatase_inactives_new_001129,mol_001129,36,37
1130,Aromatase_inactives_new_001130,mol_001130,10,9
1131,Aromatase_inactives_new_001131,mol_001131,25,24
1132,Aromatase_inactives_new_001132,mol_001132,20,19
1133,Aromatase_inactives_new_001133,mol_001133,34,34
1134,Aromatase_inactives_new_001134,mol_001134,15,15
1135,Aromatase_inactives_new_001135,mol_001135,19,19
1136,Aromatase_inactives_new_001136,mol_001136,21,21
1137,Aromatase_inactives_new_001137,mol_001137,18,18
1138,Aromatase_inactives_new_001138,mol_001138,16,16
1139,Aromatase_inactives_new_001139,mol_001139,27,26
1140,Aromatase_inactives_new_001140,mol_001140,14,13
1141,Aromatase_inactives_new_001141,mol_001141,52,51
1142,Aromatase_inactives_new_001142,mol_001142,15,14
1143,Aromatase_inactives_new_001143,mol_001143,29,28
1144,Aromatase_inactives_new_001144,mol_001144,20,20
1145,Aromatase_inactives_new_001145,mol_001145,11,10
1146,Aromatase_inactives_new_001146,mol_001146,8,7
1147,Aromatase_inactives_new_001147,mol_001147,14,14
1148,Aromatase_inactives_new_001148,mol_001148,17,17
1149,Aromatase_inactives_new_001149,mol_001149,26,27
1150,Aromatase_inactives_new_001150,mol_001150,30,32
1151,Aromatase_inactives_new_001151,mol_001151,38,39
1152,Aromatase_inactives_new_001152,mol_001152,12,11
1153,Aromatase_inactives_new_001153,mol_001153,21,21
1154,Aromatase_inactives_new_001154,mol_001154,20,20
1155,Aromatase_inactives_new_001155,mol_001155,24,24
1156,Aromatase_inactives_new_001156,mol_001156,18,18
1157,Aromatase_inactives_new_001157,mol_001157,23,22
1158,Aromatase_inactives_new_001158,mol_001158,50,49
1159,Aromatase_inactives_new_001159,mol_001159,25,26
1160,Aromatase_inactives_new_001160,mol_001160,15,15
1161,Aromatase_inactives_new_001161,mol_001161,21,20
1162,Aromatase_inactives_new_001162,mol_001162,10,9
1163,Aromatase_inactives_new_001163,mol_001163,54,57
1164,Aromatase_inactives_new_001164,mol_001164,48,49
1165,Aromatase_inactives_new_001165,mol_001165,48,50
1166,Aromatase_inactives_new_001166,mol_001166,49,52
1167,Aromatase_inactives_new_001167,mol_001167,49,51
1168,Aromatase_inactives_new_001168,mol_001168,34,36
1169,Aromatase_inactives_new_001169,mol_001169,37,37
1170,Aromatase_inactives_new_001170,mol_001170,55,59
1171,Aromatase_inactives_new_001171,mol_001171,53,52
1172,Aromatase_inactives_new_001172,mol_001172,15,16
1173,Aromatase_inactives_new_001173,mol_001173,56,59
1174,Aromatase_inactives_new_001174,mol_001174,55,58
1175,Aromatase_inactives_new_001175,mol_001175,47,50
1176,Aromatase_inactives_new_001176,mol_001176,50,51
1177,Aromatase_inactives_new_001177,mol_001177,53,56
1178,Aromatase_inactives_new_001178,mol_001178,26,27
1179,Aromatase_inactives_new_001179,mol_001179,59,60
1180,Aromatase_inactives_new_001180,mol_001180,31,33
1181,Aromatase_inactives_new_001181,mol_001181,44,45
1182,Aromatase_inactives_new_001182,mol_001182,31,33
1183,Aromatase_inactives_new_001183,mol_001183,55,58
1184,Aromatase_inactives_new_001184,mol_001184,20,19
1185,Aromatase_inactives_new_001185,mol_001185,57,59
1186,Aromatase_inactives_new_001186,mol_001186,192,193
1187,Aromatase_inactives_new_001187,mol_001187,35,37
1188,Aromatase_inactives_new_001188,mol_001188,17,18
1189,Aromatase_inactives_new_001189,mol_001189,51,54
1190,Aromatase_inactives_new_001190,mol_001190,26,28
1191,Aromatase_inactives_new_001191,mol_001191,47,49
1192,Aromatase_inactives_new_001192,mol_001192,76,78
1193,Aromatase_inactives_new_001193,mol_001193,33,34
1194,Aromatase_inactives_new_001194,mol_001194,34,36
1195,Aromatase_inactives_new_001195,mol_001195,23,25
1196,Aromatase_inactives_new_001196,mol_001196,51,54
1197,Aromatase_inactives_new_001197,mol_001197,57,60
1198,Aromatase_inactives_new_001198,mol_001198,71,74
1199,Aromatase_inactives_new_001199,mol_001199,59,62
1200,Aromatase_inactives_new_001200,mol_001200,59,62
1201,Aromatase_inactives_new_001201,mol_001201,58,61
1202,Aromatase_inactives_new_001202,mol_001202,47,48
1203,Aromatase_inactives_new_001203,mol_001203,26,26
1204,Aromatase_inactives_new_001204,mol_001204,81,84
1205,Aromatase_inactives_new_001205,mol_001205,81,82
1206,Aromatase_inactives_new_001206,mol_001206,75,76
1207,Aromatase_inactives_new_001207,mol_001207,41,41
1208,Aromatase_inactives_new_001208,mol_001208,59,62
1209,Aromatase_inactives_new_001209,mol_001209,98,98
1210,Aromatase_inactives_new_001210,mol_001210,33,34
1211,Aromatase_inactives_new_001211,mol_001211,35,39
1212,Aromatase_inactives_new_001212,mol_001212,72,74
1213,Aromatase_inactives_new_001213,mol_001213,53,54
1214,Aromatase_inactives_new_001214,mol_001214,52,53
1215,Aromatase_inactives_new_001215,mol_001215,47,49
1216,Aromatase_inactives_new_001216,mol_001216,124,127
1217,Aromatase_inactives_new_001217,mol_001217,53,55
1218,Aromatase_inactives_new_001218,mol_001218,26,26
1219,Aromatase_inactives_new_001219,mol_001219,30,32
1220,Aromatase_inactives_new_001220,mol_001220,31,33
1221,Aromatase_inactives_new_001221,mol_001221,24,24
1222,Aromatase_inactives_new_001222,mol_001222,43,45
1223,Aromatase_inactives_new_001223,mol_001223,47,47
1224,Aromatase_inactives_new_001224,mol_001224,49,52
1225,Aromatase_inactives_new_001225,mol_001225,40,42
1226,Aromatase_inactives_new_001226,mol_001226,67,70
1227,Aromatase_inactives_new_001227,mol_001227,12,11
1228,Aromatase_inactives_new_001228,mol_001228,53,56
1229,Aromatase_inactives_new_001229,mol_001229,28,30
1230,Aromatase_inactives_new_001230,mol_001230,26,28
1231,Aromatase_inactives_new_001231,mol_001231,27,27
1232,Aromatase_inactives_new_001232,mol_001232,28,30
1233,Aromatase_inactives_new_001233,mol_001233,29,31
1234,Aromatase_inactives_new_001234,mol_001234,49,50
1235,Aromatase_inactives_new_001235,mol_001235,63,64
1236,Aromatase_inactives_new_001236,mol_001236,22,22
1237,Aromatase_inactives_new_001237,mol_001237,61,63
1238,Aromatase_inactives_new_001238,mol_001238,32,33
1239,Aromatase_inactives_new_001239,mol_001239,38,39
1240,Aromatase_inactives_new_001240,mol_001240,51,53
1241,Aromatase_inactives_new_001241,mol_001241,37,39
1242,Aromatase_inactives_new_001242,mol_001242,101,100
1243,Aromatase_inactives_new_001243,mol_001243,79,83
1244,Aromatase_inactives_new_001244,mol_001244,13,14
1245,Aromatase_inactives_new_001245,mol_001245,21,22
1246,Aromatase_inactives_new_001246,mol_001246,94,95
1247,Aromatase_inactives_new_001247,mol_001247,29,27
1248,Aromatase_inactives_new_001248,mol_001248,51,54
1249,Aromatase_inactives_new_001249,mol_001249,14,14
1250,Aromatase_inactives_new_001250,mol_001250,79,85
1251,Aromatase_inactives_new_001251,mol_001251,62,65
1252,Aromatase_inactives_new_001252,mol_001252,47,49
1253,Aromatase_inactives_new_001253,mol_001253,38,39
1254,Aromatase_inactives_new_001254,mol_001254,31,32
1255,Aromatase_inactives_new_001255,mol_001255,56,56
1256,Aromatase_inactives_new_001256,mol_001256,48,50
1257,Aromatase_inactives_new_001257,mol_001257,18,16
1258,Aromatase_inactives_new_001258,mol_001258,45,42
1259,Aromatase_inactives_new_001259,mol_001259,74,75
1260,Aromatase_inactives_new_001260,mol_001260,52,49
1261,Aromatase_inactives_new_001261,mol_001261,23,24
1262,Aromatase_inactives_new_001262,mol_001262,96,96
1263,Aromatase_inactives_new_001263,mol_001263,59,62
1264,Aromatase_inactives_new_001264,mol_001264,56,58
1265,Aromatase_inactives_new_001265,mol_001265,52,52
1266,Aromatase_inactives_new_001266,mol_001266,46,49
1267,Aromatase_inactives_new_001267,mol_001267,46,47
1268,Aromatase_inactives_new_001268,mol_001268,47,49
1269,Aromatase_inactives_new_001269,mol_001269,18,17
1270,Aromatase_inactives_new_001270,mol_001270,43,43
1271,Aromatase_inactives_new_001271,mol_001271,50,51
1272,Aromatase_inactives_new_001272,mol_001272,52,54
1273,Aromatase_inactives_new_001273,mol_001273,42,41
1274,Aromatase_inactives_new_001274,mol_001274,46,48
1275,Aromatase_inactives_new_001275,mol_001275,26,28
1276,Aromatase_inactives_new_001276,mol_001276,42,43
1277,Aromatase_inactives_new_001277,mol_001277,29,30
1278,Aromatase_inactives_new_001278,mol_001278,51,52
1279,Aromatase_inactives_new_001279,mol_001279,16,17
1280,Aromatase_inactives_new_001280,mol_001280,21,23
1281,Aromatase_inactives_new_001281,mol_001281,39,41
1282,Aromatase_inactives_new_001282,mol_001282,135,137
1283,Aromatase_inactives_new_001283,mol_001283,140,143
1284,Aromatase_inactives_new_001284,mol_001284,155,154
1285,Aromatase_inactives_new_001285,mol_001285,62,66
1286,Aromatase_inactives_new_001286,mol_001286,59,62
1287,Aromatase_inactives_new_001287,mol_001287,42,43
1288,Aromatase_inactives_new_001288,mol_001288,40,40
1289,Aromatase_inactives_new_001289,mol_001289,29,28
1290,Aromatase_inactives_new_001290,mol_001290,22,21
1291,Aromatase_inactives_new_001291,mol_001291,22,21
1292,Aromatase_inactives_new_001292,mol_001292,73,76
1293,Aromatase_inactives_new_001293,mol_001293,33,34
1294,Aromatase_inactives_new_001294,mol_001294,51,52
1295,Aromatase_inactives_new_001295,mol_001295,59,61
1296,Aromatase_inactives_new_001296,mol_001296,57,61
1297,Aromatase_inactives_new_001297,mol_001297,43,45
1298,Aromatase_inactives_new_001298,mol_001298,49,52
1299,Aromatase_inactives_new_001299,mol_001299,24,24
1300,Aromatase_inactives_new_001300,mol_001300,36,38
1301,Aromatase_inactives_new_001301,mol_001301,36,38
1302,Aromatase_inactives_new_001302,mol_001302,53,55
1303,Aromatase_inactives_new_001303,mol_001303,29,29
1304,Aromatase_inactives_new_001304,mol_001304,24,24
1305,Aromatase_inactives_new_001305,mol_001305,105,105
1306,Aromatase_inactives_new_001306,mol_001306,95,96
1307,Aromatase_inactives_new_001307,mol_001307,31,32
1308,Aromatase_inactives_new_001308,mol_001308,49,52
1309,Aromatase_inactives_new_001309,mol_001309,22,22
1310,Aromatase_inactives_new_001310,mol_001310,46,50
1311,Aromatase_inactives_new_001311,mol_001311,29,32
1312,Aromatase_inactives_new_001312,mol_001312,45,45
1313,Aromatase_inactives_new_001313,mol_001313,42,43
1314,Aromatase_inactives_new_001314,mol_001314,49,49
1315,Aromatase_inactives_new_001315,mol_001315,46,46
1316,Aromatase_inactives_new_001316,mol_001316,31,29
1317,Aromatase_inactives_new_001317,mol_001317,43,43
1318,Aromatase_inactives_new_001318,mol_001318,37,39
1319,Aromatase_inactives_new_001319,mol_001319,48,49
1320,Aromatase_inactives_new_001320,mol_001320,50,50
1321,Aromatase_inactives_new_001321,mol_001321,47,47
1322,Aromatase_inactives_new_001322,mol_001322,57,55
1323,Aromatase_inactives_new_001323,mol_001323,40,41
1324,Aromatase_inactives_new_001324,mol_001324,43,46
1325,Aromatase_inactives_new_001325,mol_001325,24,24
1326,Aromatase_inactives_new_001326,mol_001326,30,30
1327,Aromatase_inactives_new_001327,mol_001327,47,47
1328,Aromatase_inactives_new_001328,mol_001328,45,47
1329,Aromatase_inactives_new_001329,mol_001329,46,48
1330,Aromatase_inactives_new_001330,mol_001330,43,45
1331,Aromatase_inactives_new_001331,mol_001331,45,46
1332,Aromatase_inactives_new_001332,mol_001332,49,51
1333,Aromatase_inactives_new_001333,mol_001333,75,76
1334,Aromatase_inactives_new_001334,mol_001334,54,54
1335,Aromatase_inactives_new_001335,mol_001335,31,31
1336,Aromatase_inactives_new_001336,mol_001336,57,60
1337,Aromatase_inactives_new_001337,mol_001337,31,32
1338,Aromatase_inactives_new_001338,mol_001338,61,62
1339,Aromatase_inactives_new_001339,mol_001339,58,60
1340,Aromatase_inactives_new_001340,mol_001340,60,61
1341,Aromatase_inactives_new_001341,mol_001341,44,44
1342,Aromatase_inactives_new_001342,mol_001342,22,22
1343,Aromatase_inactives_new_001343,mol_001343,160,165
1344,Aromatase_inactives_new_001344,mol_001344,72,73
1345,Aromatase_inactives_new_001345,mol_001345,29,30
1346,Aromatase_inactives_new_001346,mol_001346,41,42
1347,Aromatase_inactives_new_001347,mol_001347,56,57
1348,Aromatase_inactives_new_001348,mol_001348,50,52
1349,Aromatase_inactives_new_001349,mol_001349,52,55
1350,Aromatase_inactives_new_001350,mol_001350,45,46
1351,Aromatase_inactives_new_001351,mol_001351,48,48
1352,Aromatase_inactives_new_001352,mol_001352,46,48
1353,Aromatase_inactives_new_001353,mol_001353,24,24
1354,Aromatase_inactives_new_001354,mol_001354,30,32
1355,Aromatase_inactives_new_001355,mol_001355,50,52
1356,Aromatase_inactives_new_001356,mol_001356,51,54
1357,Aromatase_inactives_new_001357,mol_001357,22,21
1358,Aromatase_inactives_new_001358,mol_001358,134,136
1359,Aromatase_inactives_new_001359,mol_001359,34,35
1360,Aromatase_inactives_new_001360,mol_001360,47,47
1361,Aromatase_inactives_new_001361,mol_001361,41,44
1362,Aromatase_inactives_new_001362,mol_001362,39,42
1363,Aromatase_inactives_new_001363,mol_001363,48,51
1364,Aromatase_inactives_new_001364,mol_001364,53,56
1365,Aromatase_inactives_new_001365,mol_001365,41,43
1366,Aromatase_inactives_new_001366,mol_001366,169,172
1367,Aromatase_inactives_new_001367,mol_001367,17,16
1368,Aromatase_inactives_new_001368,mol_001368,44,48
1369,Aromatase_inactives_new_001369,mol_001369,54,56
1370,Aromatase_inactives_new_001370,mol_001370,44,45
1371,Aromatase_inactives_new_001371,mol_001371,34,35
1372,Aromatase_inactives_new_001372,mol_001372,41,42
1373,Aromatase_inactives_new_001373,mol_001373,35,36
1374,Aromatase_inactives_new_001374,mol_001374,43,44
1375,Aromatase_inactives_new_001375,mol_001375,36,38
1376,Aromatase_inactives_new_001376,mol_001376,65,66
1377,Aromatase_inactives_new_001377,mol_001377,50,52
1378,Aromatase_inactives_new_001378,mol_001378,51,54
1379,Aromatase_inactives_new_001379,mol_001379,49,51
1380,Aromatase_inactives_new_001380,mol_001380,43,45
1381,Aromatase_inactives_new_001381,mol_001381,29,29
1382,Aromatase_inactives_new_001382,mol_001382,33,33
1383,Aromatase_inactives_new_001383,mol_001383,37,38
1384,Aromatase_inactives_new_001384,mol_001384,68,70
1385,Aromatase_inactives_new_001385,mol_001385,53,56
1386,Aromatase_inactives_new_001386,mol_001386,68,72
1387,Aromatase_inactives_new_001387,mol_001387,25,26
1388,Aromatase_inactives_new_001388,mol_001388,52,52
1389,Aromatase_inactives_new_001389,mol_001389,29,30
1390,Aromatase_inactives_new_001390,mol_001390,32,34
1391,Aromatase_inactives_new_001391,mol_001391,32,34
1392,Aromatase_inactives_new_001392,mol_001392,30,32
1393,Aromatase_inactives_new_001393,mol_001393,14,13
1394,Aromatase_inactives_new_001394,mol_001394,32,33
1395,Aromatase_inactives_new_001395,mol_001395,38,40
1396,Aromatase_inactives_new_001396,mol_001396,38,38
1397,Aromatase_inactives_new_001397,mol_001397,26,25
1398,Aromatase_inactives_new_001398,mol_001398,24,24
1399,Aromatase_inactives_new_001399,mol_001399,19,19
1400,Aromatase_inactives_new_001400,mol_001400,30,31
1401,Aromatase_inactives_new_001401,mol_001401,50,51
1402,Aromatase_inactives_new_001402,mol_001402,46,47
1403,Aromatase_inactives_new_001403,mol_001403,24,25
1404,Aromatase_inactives_new_001404,mol_001404,47,50
1405,Aromatase_inactives_new_001405,mol_001405,31,32
1406,Aromatase_inactives_new_001406,mol_001406,52,54
1407,Aromatase_inactives_new_001407,mol_001407,17,17
1408,Aromatase_inactives_new_001408,mol_001408,39,40
1409,Aromatase_inactives_new_001409,mol_001409,48,48
1410,Aromatase_inactives_new_001410,mol_001410,39,39
1411,Aromatase_inactives_new_001411,mol_001411,69,71
1412,Aromatase_inactives_new_001412,mol_001412,24,24
1413,Aromatase_inactives_new_001413,mol_001413,54,54
1414,Aromatase_inactives_new_001414,mol_001414,39,40
1415,Aromatase_inactives_new_001415,mol_001415,20,19
1416,Aromatase_inactives_new_001416,mol_001416,94,97
1417,Aromatase_inactives_new_001417,mol_001417,69,70
1418,Aromatase_inactives_new_001418,mol_001418,39,41
1419,Aromatase_inactives_new_001419,mol_001419,35,37
1420,Aromatase_inactives_new_001420,mol_001420,58,58
1421,Aromatase_inactives_new_001421,mol_001421,69,69
1422,Aromatase_inactives_new_001422,mol_001422,43,46
1423,Aromatase_inactives_new_001423,mol_001423,20,21
1424,Aromatase_inactives_new_001424,mol_001424,39,41
1425,Aromatase_inactives_new_001425,mol_001425,56,56
1426,Aromatase_inactives_new_001426,mol_001426,52,51
1427,Aromatase_inactives_new_001427,mol_001427,54,53
1428,Aromatase_inactives_new_001428,mol_001428,28,30
1429,Aromatase_inactives_new_001429,mol_001429,52,56
1430,Aromatase_inactives_new_001430,mol_001430,41,42
1431,Aromatase_inactives_new_001431,mol_001431,36,37
1432,Aromatase_inactives_new_001432,mol_001432,95,95
1433,Aromatase_inactives_new_001433,mol_001433,54,57
1434,Aromatase_inactives_new_001434,mol_001434,48,51
1435,Aromatase_inactives_new_001435,mol_001435,32,33
1436,Aromatase_inactives_new_001436,mol_001436,16,16
1437,Aromatase_inactives_new_001437,mol_001437,17,17
1438,Aromatase_inactives_new_001438,mol_001438,48,51
1439,Aromatase_inactives_new_001439,mol_001439,26,27
1440,Aromatase_inactives_new_001440,mol_001440,21,22
1441,Aromatase_inactives_new_001441,mol_001441,36,37
1442,Aromatase_inactives_new_001442,mol_001442,41,43
1443,Aromatase_inactives_new_001443,mol_001443,17,18
1444,Aromatase_inactives_new_001444,mol_001444,27,28
1445,Aromatase_inactives_new_001445,mol_001445,17,18
1446,Aromatase_inactives_new_001446,mol_001446,43,45
1447,Aromatase_inactives_new_001447,mol_001447,73,78
1448,Aromatase_inactives_new_001448,mol_001448,52,55
1449,Aromatase_inactives_new_001449,mol_001449,48,51
1450,Aromatase_inactives_new_001450,mol_001450,33,33
1451,Aromatase_inactives_new_001451,mol_001451,43,47
1452,Aromatase_inactives_new_001452,mol_001452,31,31
1453,Aromatase_inactives_new_001453,mol_001453,33,34
1454,Aromatase_inactives_new_001454,mol_001454,38,41
1455,Aromatase_inactives_new_001455,mol_001455,190,190
1456,Aromatase_inactives_new_001456,mol_001456,29,29
1457,Aromatase_inactives_new_001457,mol_001457,37,39
1458,Aromatase_inactives_new_001458,mol_001458,35,33
1459,Aromatase_inactives_new_001459,mol_001459,35,35
1460,Aromatase_inactives_new_001460,mol_001460,59,61
1461,Aromatase_inactives_new_001461,mol_001461,35,36
1462,Aromatase_inactives_new_001462,mol_001462,18,18
1463,Aromatase_inactives_new_001463,mol_001463,47,48
1464,Aromatase_inactives_new_001464,mol_001464,41,43
1465,Aromatase_inactives_new_001465,mol_001465,45,48
1466,Aromatase_inactives_new_001466,mol_001466,67,67
1467,Aromatase_inactives_new_001467,mol_001467,36,38
1468,Aromatase_inactives_new_001468,mol_001468,13,13
1469,Aromatase_inactives_new_001469,mol_001469,25,25
1470,Aromatase_inactives_new_001470,mol_001470,47,46
1471,Aromatase_inactives_new_001471,mol_001471,32,32
1472,Aromatase_inactives_new_001472,mol_001472,33,33
1473,Aromatase_inactives_new_001473,mol_001473,19,19
1474,Aromatase_inactives_new_001474,mol_001474,16,16
1475,Aromatase_inactives_new_001475,mol_001475,25,25
1476,Aromatase_inactives_new_001476,mol_001476,45,48
1477,Aromatase_inactives_new_001477,mol_001477,42,45
1478,Aromatase_inactives_new_001478,mol_001478,31,33
1479,Aromatase_inactives_new_001479,mol_001479,54,57
1480,Aromatase_inactives_new_001480,mol_001480,57,57
1481,Aromatase_inactives_new_001481,mol_001481,67,66
1482,Aromatase_inactives_new_001482,mol_001482,38,38
1483,Aromatase_inactives_new_001483,mol_001483,96,94
1484,Aromatase_inactives_new_001484,mol_001484,33,34
1485,Aromatase_inactives_new_001485,mol_001485,32,33
1486,Aromatase_inactives_new_001486,mol_001486,30,30
1487,Aromatase_inactives_new_001487,mol_001487,49,46
1488,Aromatase_inactives_new_001488,mol_001488,56,55
1489,Aromatase_inactives_new_001489,mol_001489,80,85
1490,Aromatase_inactives_new_001490,mol_001490,107,110
1491,Aromatase_inactives_new_001491,mol_001491,103,106
1492,Aromatase_inactives_new_001492,mol_001492,21,20
1493,Aromatase_inactives_new_001493,mol_001493,98,102
1494,Aromatase_inactives_new_001494,mol_001494,53,53
1495,Aromatase_inactives_new_001495,mol_001495,49,50
1496,Aromatase_inactives_new_001496,mol_001496,58,59
1497,Aromatase_inactives_new_001497,mol_001497,54,54
1498,Aromatase_inactives_new_001498,mol_001498,55,56
1499,Aromatase_inactives_new_001499,mol_001499,58,58
1500,Aromatase_inactives_new_001500,mol_001500,53,55
1501,Aromatase_inactives_new_001501,mol_001501,56,59
1502,Aromatase_inactives_new_001502,mol_001502,14,13
1503,Aromatase_inactives_new_001503,mol_001503,69,68
1504,Aromatase_inactives_new_001504,mol_001504,101,102
1505,Aromatase_inactives_new_001505,mol_001505,56,57
1506,Aromatase_inactives_new_001506,mol_001506,103,106
1507,Aromatase_inactives_new_001507,mol_001507,43,40
1508,Aromatase_inactives_new_001508,mol_001508,42,41
1509,Aromatase_inactives_new_001509,mol_001509,30,28
1510,Aromatase_inactives_new_001510,mol_001510,28,27
1511,Aromatase_inactives_new_001511,mol_001511,29,28
1512,Aromatase_inactives_new_001512,mol_001512,25,23
1513,Aromatase_inactives_new_001513,mol_001513,47,48
1514,Aromatase_inactives_new_001514,mol_001514,38,37
1515,Aromatase_inactives_new_001515,mol_001515,61,62
1516,Aromatase_inactives_new_001516,mol_001516,86,92
1517,Aromatase_inactives_new_001517,mol_001517,90,88
1518,Aromatase_inactives_new_001518,mol_001518,20,19
1519,Aromatase_inactives_new_001519,mol_001519,40,41
1520,Aromatase_inactives_new_001520,mol_001520,45,46
1521,Aromatase_inactives_new_001521,mol_001521,60,63
1522,Aromatase_inactives_new_001522,mol_001522,60,60
1523,Aromatase_inactives_new_001523,mol_001523,15,11
1524,Aromatase_inactives_new_001524,mol_001524,34,31
1525,Aromatase_inactives_new_001525,mol_001525,96,102
1526,Aromatase_inactives_new_001526,mol_001526,47,48
1527,Aromatase_inactives_new_001527,mol_001527,16,15
1528,Aromatase_inactives_new_001528,mol_001528,15,14
1529,Aromatase_inactives_new_001529,mol_001529,55,54
1530,Aromatase_inactives_new_001530,mol_001530,10,6
1531,Aromatase_inactives_new_001531,mol_001531,91,93
1532,Aromatase_inactives_new_001532,mol_001532,19,16
1533,Aromatase_inactives_new_001533,mol_001533,19,18
1534,Aromatase_inactives_new_001534,mol_001534,15,12
1535,Aromatase_inactives_new_001535,mol_001535,26,24
1536,Aromatase_inactives_new_001536,mol_001536,44,43
1537,Aromatase_inactives_new_001537,mol_001537,18,13
1538,Aromatase_inactives_new_001538,mol_001538,41,41
1539,Aromatase_inactives_new_001539,mol_001539,41,40
1540,Aromatase_inactives_new_001540,mol_001540,31,31
1541,Aromatase_inactives_new_001541,mol_001541,66,66
1542,Aromatase_inactives_new_001542,mol_001542,45,46
1543,Aromatase_inactives_new_001543,mol_001543,45,47
1544,Aromatase_inactives_new_001544,mol_001544,40,42
1545,Aromatase_inactives_new_001545,mol_001545,10,9
1546,Aromatase_inactives_new_001546,mol_001546,13,12
1547,Aromatase_inactives_new_001547,mol_001547,56,58
1548,Aromatase_inactives_new_001548,mol_001548,10,8
1549,Aromatase_inactives_new_001549,mol_001549,13,11
1550,Aromatase_inactives_new_001550,mol_001550,38,38
1551,Aromatase_inactives_new_001551,mol_001551,43,41
1552,Aromatase_inactives_new_001552,mol_001552,48,47
1553,Aromatase_inactives_new_001553,mol_001553,30,30
1554,Aromatase_inactives_new_001554,mol_001554,12,11
1555,Aromatase_inactives_new_001555,mol_001555,47,48
1556,Aromatase_inactives_new_001556,mol_001556,32,32
1557,Aromatase_inactives_new_001557,mol_001557,47,48
1558,Aromatase_inactives_new_001558,mol_001558,38,39
1559,Aromatase_inactives_new_001559,mol_001559,20,17
1560,Aromatase_inactives_new_001560,mol_001560,59,59
1561,Aromatase_inactives_new_001561,mol_001561,64,60
1562,Aromatase_inactives_new_001562,mol_001562,43,43
1563,Aromatase_inactives_new_001563,mol_001563,55,57
1564,Aromatase_inactives_new_001564,mol_001564,50,50
1565,Aromatase_inactives_new_001565,mol_001565,120,126
1566,Aromatase_inactives_new_001566,mol_001566,34,34
1567,Aromatase_inactives_new_001567,mol_001567,35,34
1568,Aromatase_inactives_new_001568,mol_001568,52,51
1569,Aromatase_inactives_new_001569,mol_001569,49,51
1570,Aromatase_inactives_new_001570,mol_001570,41,42
1571,Aromatase_inactives_new_001571,mol_001571,32,34
1572,Aromatase_inactives_new_001572,mol_001572,33,34
1573,Aromatase_inactives_new_001573,mol_001573,17,17
1574,Aromatase_inactives_new_001574,mol_001574,42,45
1575,Aromatase_inactives_new_001575,mol_001575,83,83
1576,Aromatase_inactives_new_001576,mol_001576,54,55
1577,Aromatase_inactives_new_001577,mol_001577,15,15
1578,Aromatase_inactives_new_001578,mol_001578,43,44
1579,Aromatase_inactives_new_001579,mol_001579,41,43
1580,Aromatase_inactives_new_001580,mol_001580,54,53
1581,Aromatase_inactives_new_001581,mol_001581,46,48
1582,Aromatase_inactives_new_001582,mol_001582,45,47
1583,Aromatase_inactives_new_001583,mol_001583,26,25
1584,Aromatase_inactives_new_001584,mol_001584,48,48
1585,Aromatase_inactives_new_001585,mol_001585,96,95
1586,Aromatase_inactives_new_001586,mol_001586,29,30
1587,Aromatase_inactives_new_001587,mol_001587,58,61
1588,Aromatase_inactives_new_001588,mol_001588,48,51
1589,Aromatase_inactives_new_001589,mol_001589,47,50
1590,Aromatase_inactives_new_001590,mol_001590,33,33
1591,Aromatase_inactives_new_001591,mol_001591,19,18
1592,Aromatase_inactives_new_001592,mol_001592,44,43
1593,Aromatase_inactives_new_001593,mol_001593,94,93
1594,Aromatase_inactives_new_001594,mol_001594,131,130
1595,Aromatase_inactives_new_001595,mol_001595,45,47
1596,Aromatase_inactives_new_001596,mol_001596,52,53
1597,Aromatase_inactives_new_001597,mol_001597,71,70
1598,Aromatase_inactives_new_001598,mol_001598,80,79
1599,Aromatase_inactives_new_001599,mol_001599,29,28
1600,Aromatase_inactives_new_001600,mol_001600,35,37
1601,Aromatase_inactives_new_001601,mol_001601,50,55
1602,Aromatase_inactives_new_001602,mol_001602,20,19
1603,Aromatase_inactives_new_001603,mol_001603,11,10
1604,Aromatase_inactives_new_001604,mol_001604,16,16
1605,Aromatase_inactives_new_001605,mol_001605,30,31
1606,Aromatase_inactives_new_001606,mol_001606,40,43
1607,Aromatase_inactives_new_001607,mol_001607,40,42
1608,Aromatase_inactives_new_001608,mol_001608,36,38
1609,Aromatase_inactives_new_001609,mol_001609,20,21
1610,Aromatase_inactives_new_001610,mol_001610,28,31
1611,Aromatase_inactives_new_001611,mol_001611,55,61
1612,Aromatase_inactives_new_001612,mol_001612,45,49
1613,Aromatase_inactives_new_001613,mol_001613,43,46
1614,Aromatase_inactives_new_001614,mol_001614,30,30
1615,Aromatase_inactives_new_001615,mol_001615,60,63
1616,Aromatase_inactives_new_001616,mol_001616,38,39
1617,Aromatase_inactives_new_001617,mol_001617,97,100
1618,Aromatase_inactives_new_001618,mol_001618,44,46
1619,Aromatase_inactives_new_001619,mol_001619,51,52
1620,Aromatase_inactives_new_001620,mol_001620,33,34
1621,Aromatase_inactives_new_001621,mol_001621,179,183
1622,Aromatase_inactives_new_001622,mol_001622,183,187
1623,Aromatase_inactives_new_001623,mol_001623,93,99
1624,Aromatase_inactives_new_001624,mol_001624,124,127
1625,Aromatase_inactives_new_001625,mol_001625,85,86
1626,Aromatase_inactives_new_001626,mol_001626,96,101
1627,Aromatase_inactives_new_001627,mol_001627,168,173
1628,Aromatase_inactives_new_001628,mol_001628,11,10
1629,Aromatase_inactives_new_001629,mol_001629,86,87
1630,Aromatase_inactives_new_001630,mol_001630,33,34
1631,Aromatase_inactives_new_001631,mol_001631,61,63
1632,Aromatase_inactives_new_001632,mol_001632,40,42
1633,Aromatase_inactives_new_001633,mol_001633,43,44
1634,Aromatase_inactives_new_001634,mol_001634,83,84
1635,Aromatase_inactives_new_001635,mol_001635,63,66
1636,Aromatase_inactives_new_001636,mol_001636,49,50
1637,Aromatase_inactives_new_001637,mol_001637,31,32
1638,Aromatase_inactives_new_001638,mol_001638,33,32
1639,Aromatase_inactives_new_001639,mol_001639,29,29
1640,Aromatase_inactives_new_001640,mol_001640,59,60
1641,Aromatase_inactives_new_001641,mol_001641,35,36
1642,Aromatase_inactives_new_001642,mol_001642,35,36
1643,Aromatase_inactives_new_001643,mol_001643,52,54
1644,Aromatase_inactives_new_001644,mol_001644,25,25
1645,Aromatase_inactives_new_001645,mol_001645,31,31
1646,Aromatase_inactives_new_001646,mol_001646,78,82
1647,Aromatase_inactives_new_001647,mol_001647,54,56
1648,Aromatase_inactives_new_001648,mol_001648,127,129
1649,Aromatase_inactives_new_001649,mol_001649,76,79
1650,Aromatase_inactives_new_001650,mol_001650,81,82
1651,Aromatase_inactives_new_001651,mol_001651,19,18
1652,Aromatase_inactives_new_001652,mol_001652,54,55
1653,Aromatase_inactives_new_001653,mol_001653,43,44
1654,Aromatase_inactives_new_001654,mol_001654,41,41
1655,Aromatase_inactives_new_001655,mol_001655,37,38
1656,Aromatase_inactives_new_001656,mol_001656,41,41
1657,Aromatase_inactives_new_001657,mol_001657,32,32
1658,Aromatase_inactives_new_001658,mol_001658,40,41
1659,Aromatase_inactives_new_001659,mol_001659,52,51
1660,Aromatase_inactives_new_001660,mol_001660,31,32
1661,Aromatase_inactives_new_001661,mol_001661,22,21
1662,Aromatase_inactives_new_001662,mol_001662,30,31
1663,Aromatase_inactives_new_001663,mol_001663,96,97
1664,Aromatase_inactives_new_001664,mol_001664,43,45
1665,Aromatase_inactives_new_001665,mol_001665,58,62
1666,Aromatase_inactives_new_001666,mol_001666,33,34
1667,Aromatase_inactives_new_001667,mol_001667,33,34
1668,Aromatase_inactives_new_001668,mol_001668,28,28
1669,Aromatase_inactives_new_001669,mol_001669,48,47
1670,Aromatase_inactives_new_001670,mol_001670,21,21
1671,Aromatase_inactives_new_001671,mol_001671,32,32
1672,Aromatase_inactives_new_001672,mol_001672,26,27
1673,Aromatase_inactives_new_001673,mol_001673,32,33
1674,Aromatase_inactives_new_001674,mol_001674,32,33
1675,Aromatase_inactives_new_001675,mol_001675,28,29
1676,Aromatase_inactives_new_001676,mol_001676,73,72
1677,Aromatase_inactives_new_001677,mol_001677,23,23
1678,Aromatase_inactives_new_001678,mol_001678,31,32
1679,Aromatase_inactives_new_001679,mol_001679,36,38
1680,Aromatase_inactives_new_001680,mol_001680,37,38
1681,Aromatase_inactives_new_001681,mol_001681,46,47
1682,Aromatase_inactives_new_001682,mol_001682,16,16
1683,Aromatase_inactives_new_001683,mol_001683,31,31
1684,Aromatase_inactives_new_001684,mol_001684,58,60
1685,Aromatase_inactives_new_001685,mol_001685,21,21
1686,Aromatase_inactives_new_001686,mol_001686,53,55
1687,Aromatase_inactives_new_001687,mol_001687,31,32
1688,Aromatase_inactives_new_001688,mol_001688,28,29
1689,Aromatase_inactives_new_001689,mol_001689,33,34
1690,Aromatase_inactives_new_001690,mol_001690,43,44
1691,Aromatase_inactives_new_001691,mol_001691,31,32
1692,Aromatase_inactives_new_001692,mol_001692,19,20
1693,Aromatase_inactives_new_001693,mol_001693,27,28
1694,Aromatase_inactives_new_001694,mol_001694,33,35
1695,Aromatase_inactives_new_001695,mol_001695,23,22
1696,Aromatase_inactives_new_001696,mol_001696,124,126
1697,Aromatase_inactives_new_001697,mol_001697,48,49
1698,Aromatase_inactives_new_001698,mol_001698,30,31
1699,Aromatase_inactives_new_001699,mol_001699,25,25
1700,Aromatase_inactives_new_001700,mol_001700,33,34
1701,Aromatase_inactives_new_001701,mol_001701,21,21
1702,Aromatase_inactives_new_001702,mol_001702,30,31
1703,Aromatase_inactives_new_001703,mol_001703,56,59
1704,Aromatase_inactives_new_001704,mol_001704,26,25
1705,Aromatase_inactives_new_001705,mol_001705,27,26
1706,Aromatase_inactives_new_001706,mol_001706,28,27
1707,Aromatase_inactives_new_001707,mol_001707,24,24
1708,Aromatase_inactives_new_001708,mol_001708,24,24
1709,Aromatase_inactives_new_001709,mol_001709,17,16
1710,Aromatase_inactives_new_001710,mol_001710,105,105
1711,Aromatase_inactives_new_001711,mol_001711,21,20
1712,Aromatase_inactives_new_001712,mol_001712,27,26
1713,Aromatase_inactives_new_001713,mol_001713,55,54
1714,Aromatase_inactives_new_001714,mol_001714,63,62
1715,Aromatase_inactives_new_001715,mol_001715,57,56
1716,Aromatase_inactives_new_001716,mol_001716,51,50
1717,Aromatase_inactives_new_001717,mol_001717,28,27
1718,Aromatase_inactives_new_001718,mol_001718,43,44
1719,Aromatase_inactives_new_001719,mol_001719,30,31
1720,Aromatase_inactives_new_001720,mol_001720,42,43
1721,Aromatase_inactives_new_001721,mol_001721,45,46
1722,Aromatase_inactives_new_001722,mol_001722,52,53
1723,Aromatase_inactives_new_001723,mol_001723,34,36
1724,Aromatase_inactives_new_001724,mol_001724,38,37
1725,Aromatase_inactives_new_001725,mol_001725,22,21
1726,Aromatase_inactives_new_001726,mol_001726,44,45
1727,Aromatase_inactives_new_001727,mol_001727,44,45
1728,Aromatase_inactives_new_001728,mol_001728,42,43
1729,Aromatase_inactives_new_001729,mol_001729,38,39
1730,Aromatase_inactives_new_001730,mol_001730,41,42
1731,Aromatase_inactives_new_001731,mol_001731,23,23
1732,Aromatase_inactives_new_001732,mol_001732,26,26
1733,Aromatase_inactives_new_001733,mol_001733,28,26
1734,Aromatase_inactives_new_001734,mol_001734,45,47
1735,Aromatase_inactives_new_001735,mol_001735,32,34
1736,Aromatase_inactives_new_001736,mol_001736,32,33
1737,Aromatase_inactives_new_001737,mol_001737,24,25
1738,Aromatase_inactives_new_001738,mol_001738,52,55
1739,Aromatase_inactives_new_001739,mol_001739,65,66
1740,Aromatase_inactives_new_001740,mol_001740,46,47
1741,Aromatase_inactives_new_001741,mol_001741,47,47
1742,Aromatase_inactives_new_001742,mol_001742,38,38
1743,Aromatase_inactives_new_001743,mol_001743,45,45
1744,Aromatase_inactives_new_001744,mol_001744,52,52
1745,Aromatase_inactives_new_001745,mol_001745,31,32
1746,Aromatase_inactives_new_001746,mol_001746,43,43
1747,Aromatase_inactives_new_001747,mol_001747,14,13
1748,Aromatase_inactives_new_001748,mol_001748,44,44
1749,Aromatase_inactives_new_001749,mol_001749,52,53
1750,Aromatase_inactives_new_001750,mol_001750,28,29
1751,Aromatase_inactives_new_001751,mol_001751,75,77
1752,Aromatase_inactives_new_001752,mol_001752,75,77
1753,Aromatase_inactives_new_001753,mol_001753,39,39
1754,Aromatase_inactives_new_001754,mol_001754,62,61
1755,Aromatase_inactives_new_001755,mol_001755,46,45
1756,Aromatase_inactives_new_001756,mol_001756,69,72
1757,Aromatase_inactives_new_001757,mol_001757,55,57
1758,Aromatase_inactives_new_001758,mol_001758,50,51
1759,Aromatase_inactives_new_001759,mol_001759,44,45
1760,Aromatase_inactives_new_001760,mol_001760,51,51
1761,Aromatase_inactives_new_001761,mol_001761,42,39
1762,Aromatase_inactives_new_001762,mol_001762,42,44
1763,Aromatase_inactives_new_001763,mol_001763,39,38
1764,Aromatase_inactives_new_001764,mol_001764,39,39
1765,Aromatase_inactives_new_001765,mol_001765,33,33
1766,Aromatase_inactives_new_001766,mol_001766,33,33
1767,Aromatase_inactives_new_001767,mol_001767,48,51
1768,Aromatase_inactives_new_001768,mol_001768,23,23
1769,Aromatase_inactives_new_001769,mol_001769,27,27
1770,Aromatase_inactives_new_001770,mol_001770,40,39
1771,Aromatase_inactives_new_001771,mol_001771,48,49
1772,Aromatase_inactives_new_001772,mol_001772,25,25
1773,Aromatase_inactives_new_001773,mol_001773,40,41
1774,Aromatase_inactives_new_001774,mol_001774,43,46
1775,Aromatase_inactives_new_001775,mol_001775,43,45
1776,Aromatase_inactives_new_001776,mol_001776,43,45
1777,Aromatase_inactives_new_001777,mol_001777,22,21
1778,Aromatase_inactives_new_001778,mol_001778,68,68
1779,Aromatase_inactives_new_001779,mol_001779,38,37
1780,Aromatase_inactives_new_001780,mol_001780,40,44
1781,Aromatase_inactives_new_001781,mol_001781,32,32
1782,Aromatase_inactives_new_001782,mol_001782,47,48
1783,Aromatase_inactives_new_001783,mol_001783,72,74
1784,Aromatase_inactives_new_001784,mol_001784,59,60
1785,Aromatase_inactives_new_001785,mol_001785,109,109
1786,Aromatase_inactives_new_001786,mol_001786,34,33
1787,Aromatase_inactives_new_001787,mol_001787,62,64
1788,Aromatase_inactives_new_001788,mol_001788,46,49
1789,Aromatase_inactives_new_001789,mol_001789,16,15
1790,Aromatase_inactives_new_001790,mol_001790,25,25
1791,Aromatase_inactives_new_001791,mol_001791,92,92
1792,Aromatase_inactives_new_001792,mol_001792,59,61
1793,Aromatase_inactives_new_001793,mol_001793,56,58
1794,Aromatase_inactives_new_001794,mol_001794,38,38
1795,Aromatase_inactives_new_001795,mol_001795,37,37
1796,Aromatase_inactives_new_001796,mol_001796,57,60
1797,Aromatase_inactives_new_001797,mol_001797,35,36
1798,Aromatase_inactives_new_001798,mol_001798,35,35
1799,Aromatase_inactives_new_001799,mol_001799,71,70
1800,Aromatase_inactives_new_001800,mol_001800,58,60
1801,Aromatase_inactives_new_001801,mol_001801,29,28
1802,Aromatase_inactives_new_001802,mol_001802,27,26
1803,Aromatase_inactives_new_001803,mol_001803,63,63
1804,Aromatase_inactives_new_001804,mol_001804,24,24
1805,Aromatase_inactives_new_001805,mol_001805,27,26
1806,Aromatase_inactives_new_001806,mol_001806,45,44
1807,Aromatase_inactives_new_001807,mol_001807,36,35
1808,Aromatase_inactives_new_001808,mol_001808,42,42
1809,Aromatase_inactives_new_001809,mol_001809,50,50
1810,Aromatase_inactives_new_001810,mol_001810,32,31
1811,Aromatase_inactives_new_001811,mol_001811,41,40
1812,Aromatase_inactives_new_001812,mol_001812,38,37
1813,Aromatase_inactives_new_001813,mol_001813,73,76
1814,Aromatase_inactives_new_001814,mol_001814,31,31
1815,Aromatase_inactives_new_001815,mol_001815,176,185
1816,Aromatase_inactives_new_001816,mol_001816,76,79
1817,Aromatase_inactives_new_001817,mol_001817,42,45
1818,Aromatase_inactives_new_001818,mol_001818,46,47
1819,Aromatase_inactives_new_001819,mol_001819,46,47
1820,Aromatase_inactives_new_001820,mol_001820,63,67
1821,Aromatase_inactives_new_001821,mol_001821,38,38
1822,Aromatase_inactives_new_001822,mol_001822,36,36
1823,Aromatase_inactives_new_001823,mol_001823,57,56
1824,Aromatase_inactives_new_001824,mol_001824,61,63
1825,Aromatase_inactives_new_001825,mol_001825,54,57
1826,Aromatase_inactives_new_001826,mol_001826,34,34
1827,Aromatase_inactives_new_001827,mol_001827,58,61
1828,Aromatase_inactives_new_001828,mol_001828,46,46
1829,Aromatase_inactives_new_001829,mol_001829,43,43
1830,Aromatase_inactives_new_001830,mol_001830,40,39
1831,Aromatase_inactives_new_001831,mol_001831,22,22
1832,Aromatase_inactives_new_001832,mol_001832,56,57
1833,Aromatase_inactives_new_001833,mol_001833,28,28
1834,Aromatase_inactives_new_001834,mol_001834,28,28
1835,Aromatase_inactives_new_001835,mol_001835,22,22
1836,Aromatase_inactives_new_001836,mol_001836,30,30
1837,Aromatase_inactives_new_001837,mol_001837,30,29
1838,Aromatase_inactives_new_001838,mol_001838,47,47
1839,Aromatase_inactives_new_001839,mol_001839,39,38
1840,Aromatase_inactives_new_001840,mol_001840,44,48
1841,Aromatase_inactives_new_001841,mol_001841,35,36
1842,Aromatase_inactives_new_001842,mol_001842,22,21
1843,Aromatase_inactives_new_001843,mol_001843,25,25
1844,Aromatase_inactives_new_001844,mol_001844,8,7
1845,Aromatase_inactives_new_001845,mol_001845,18,18
1846,Aromatase_inactives_new_001846,mol_001846,26,27
1847,Aromatase_inactives_new_001847,mol_001847,30,32
1848,Aromatase_inactives_new_001848,mol_001848,27,27
1849,Aromatase_inactives_new_001849,mol_001849,23,23
1850,Aromatase_inactives_new_001850,mol_001850,41,43
1851,Aromatase_inactives_new_001851,mol_001851,35,36
1852,Aromatase_inactives_new_001852,mol_001852,26,26
1853,Aromatase_inactives_new_001853,mol_001853,38,38
1854,Aromatase_inactives_new_001854,mol_001854,33,33
1855,Aromatase_inactives_new_001855,mol_001855,24,24
1856,Aromatase_inactives_new_001856,mol_001856,25,25
1857,Aromatase_inactives_new_001857,mol_001857,40,40
1858,Aromatase_inactives_new_001858,mol_001858,24,24
1859,Aromatase_inactives_new_001859,mol_001859,34,34
1860,Aromatase_inactives_new_001860,mol_001860,21,22
1861,Aromatase_inactives_new_001861,mol_001861,31,33
1862,Aromatase_inactives_new_001862,mol_001862,32,33
1863,Aromatase_inactives_new_001863,mol_001863,27,28
1864,Aromatase_inactives_new_001864,mol_001864,32,35
1865,Aromatase_inactives_new_001865,mol_001865,23,24
1866,Aromatase_inactives_new_001866,mol_001866,62,68
1867,Aromatase_inactives_new_001867,mol_001867,44,45
1868,Aromatase_inactives_new_001868,mol_001868,12,12
1869,Aromatase_inactives_new_001869,mol_001869,23,23
1870,Aromatase_inactives_new_001870,mol_001870,29,29
1871,Aromatase_inactives_new_001871,mol_001871,133,136
1872,Aromatase_inactives_new_001872,mol_001872,134,136
1873,Aromatase_inactives_new_001873,mol_001873,121,123
1874,Aromatase_inactives_new_001874,mol_001874,76,78
1875,Aromatase_inactives_new_001875,mol_001875,33,33
1876,Aromatase_inactives_new_001876,mol_001876,23,23
1877,Aromatase_inactives_new_001877,mol_001877,42,42
1878,Aromatase_inactives_new_001878,mol_001878,39,41
1879,Aromatase_inactives_new_001879,mol_001879,112,115
1880,Aromatase_inactives_new_001880,mol_001880,39,41
1881,Aromatase_inactives_new_001881,mol_001881,33,34
1882,Aromatase_inactives_new_001882,mol_001882,32,33
1883,Aromatase_inactives_new_001883,mol_001883,32,33
1884,Aromatase_inactives_new_001884,mol_001884,19,19
1885,Aromatase_inactives_new_001885,mol_001885,22,22
1886,Aromatase_inactives_new_001886,mol_001886,48,50
1887,Aromatase_inactives_new_001887,mol_001887,46,49
1888,Aromatase_inactives_new_001888,mol_001888,21,22
1889,Aromatase_inactives_new_001889,mol_001889,22,22
1890,Aromatase_inactives_new_001890,mol_001890,25,26
1891,Aromatase_inactives_new_001891,mol_001891,49,53
1892,Aromatase_inactives_new_001892,mol_001892,31,32
1893,Aromatase_inactives_new_001893,mol_001893,40,42
1894,Aromatase_inactives_new_001894,mol_001894,40,42
1895,Aromatase_inactives_new_001895,mol_001895,44,46
1896,Aromatase_inactives_new_001896,mol_001896,44,46
1897,Aromatase_inactives_new_001897,mol_001897,33,33
1898,Aromatase_inactives_new_001898,mol_001898,32,33
1899,Aromatase_inactives_new_001899,mol_001899,27,28
1900,Aromatase_inactives_new_001900,mol_001900,33,34
1901,Aromatase_inactives_new_001901,mol_001901,45,47
1902,Aromatase_inactives_new_001902,mol_001902,24,24
1903,Aromatase_inactives_new_001903,mol_001903,153,153
1904,Aromatase_inactives_new_001904,mol_001904,153,153
1905,Aromatase_inactives_new_001905,mol_001905,44,48
1906,Aromatase_inactives_new_001906,mol_001906,46,46
1907,Aromatase_inactives_new_001907,mol_001907,24,24
1908,Aromatase_inactives_new_001908,mol_001908,23,23
1909,Aromatase_inactives_new_001909,mol_001909,23,23
1910,Aromatase_inactives_new_001910,mol_001910,77,81
1911,Aromatase_inactives_new_001911,mol_001911,75,79
1912,Aromatase_inactives_new_001912,mol_001912,52,54
1913,Aromatase_inactives_new_001913,mol_001913,40,44
1914,Aromatase_inactives_new_001914,mol_001914,41,43
1915,Aromatase_inactives_new_001915,mol_001915,29,30
1916,Aromatase_inactives_new_001916,mol_001916,31,32
1917,Aromatase_inactives_new_001917,mol_001917,31,33
1918,Aromatase_inactives_new_001918,mol_001918,57,59
1919,Aromatase_inactives_new_001919,mol_001919,31,32
1920,Aromatase_inactives_new_001920,mol_001920,39,41
1921,Aromatase_inactives_new_001921,mol_001921,35,35
1922,Aromatase_inactives_new_001922,mol_001922,42,44
1923,Aromatase_inactives_new_001923,mol_001923,65,66
1924,Aromatase_inactives_new_001924,mol_001924,26,25
1925,Aromatase_inactives_new_001925,mol_001925,20,19
1926,Aromatase_inactives_new_001926,mol_001926,17,16
1927,Aromatase_inactives_new_001927,mol_001927,12,11
1928,Aromatase_inactives_new_001928,mol_001928,15,14
1929,Aromatase_inactives_new_001929,mol_001929,41,43
1930,Aromatase_inactives_new_001930,mol_001930,28,29
1931,Aromatase_inactives_new_001931,mol_001931,26,27
1932,Aromatase_inactives_new_001932,mol_001932,28,29
1933,Aromatase_inactives_new_001933,mol_001933,39,41
1934,Aromatase_inactives_new_001934,mol_001934,50,53
1935,Aromatase_inactives_new_001935,mol_001935,41,42
1936,Aromatase_inactives_new_001936,mol_001936,52,55
1937,Aromatase_inactives_new_001937,mol_001937,51,53
1938,Aromatase_inactives_new_001938,mol_001938,46,48
1939,Aromatase_inactives_new_001939,mol_001939,43,44
1940,Aromatase_inactives_new_001940,mol_001940,53,53
1941,Aromatase_inactives_new_001941,mol_001941,64,65
1942,Aromatase_inactives_new_001942,mol_001942,24,24
1943,Aromatase_inactives_new_001943,mol_001943,33,33
1944,Aromatase_inactives_new_001944,mol_001944,5,4
1945,Aromatase_inactives_new_001945,mol_001945,69,71
1946,Aromatase_inactives_new_001946,mol_001946,28,29
1947,Aromatase_inactives_new_001947,mol_001947,30,32
1948,Aromatase_inactives_new_001948,mol_001948,103,105
1949,Aromatase_inactives_new_001949,mol_001949,140,143
1950,Aromatase_inactives_new_001950,mol_001950,96,98
1951,Aromatase_inactives_new_001951,mol_001951,49,50
1952,Aromatase_inactives_new_001952,mol_001952,15,15
1953,Aromatase_inactives_new_001953,mol_001953,14,14
1954,Aromatase_inactives_new_001954,mol_001954,33,35
1955,Aromatase_inactives_new_001955,mol_001955,49,52
1956,Aromatase_inactives_new_001956,mol_001956,138,141
1957,Aromatase_inactives_new_001957,mol_001957,137,140
1958,Aromatase_inactives_new_001958,mol_001958,159,162
1959,Aromatase_inactives_new_001959,mol_001959,135,137
1960,Aromatase_inactives_new_001960,mol_001960,155,154
1961,Aromatase_inactives_new_001961,mol_001961,29,30
1962,Aromatase_inactives_new_001962,mol_001962,20,20
1963,Aromatase_inactives_new_001963,mol_001963,13,12
1964,Aromatase_inactives_new_001964,mol_001964,31,31
1965,Aromatase_inactives_new_001965,mol_001965,32,32
1966,Aromatase_inactives_new_001966,mol_001966,26,26
1967,Aromatase_inactives_new_001967,mol_001967,20,20
1968,Aromatase_inactives_new_001968,mol_001968,28,27
1969,Aromatase_inactives_new_001969,mol_001969,15,15
1970,Aromatase_inactives_new_001970,mol_001970,26,27
1971,Aromatase_inactives_new_001971,mol_001971,26,27
1972,Aromatase_inactives_new_001972,mol_001972,28,29
1973,Aromatase_inactives_new_001973,mol_001973,28,28
1974,Aromatase_inactives_new_001974,mol_001974,28,28
1975,Aromatase_inactives_new_001975,mol_001975,30,31
1976,Aromatase_inactives_new_001976,mol_001976,42,42
1977,Aromatase_inactives_new_001977,mol_001977,75,78
1978,Aromatase_inactives_new_001978,mol_001978,24,24
1979,Aromatase_inactives_new_001979,mol_001979,31,32
1980,Aromatase_inactives_new_001980,mol_001980,35,35
1981,Aromatase_inactives_new_001981,mol_001981,24,24
1982,Aromatase_inactives_new_001982,mol_001982,29,30
1983,Aromatase_inactives_new_001983,mol_001983,36,38
1984,Aromatase_inactives_new_001984,mol_001984,32,33
1985,Aromatase_inactives_new_001985,mol_001985,19,19
1986,Aromatase_inactives_new_001986,mol_001986,13,13
1987,Aromatase_inactives_new_001987,mol_001987,31,31
1988,Aromatase_inactives_new_001988,mol_001988,45,46
1989,Aromatase_inactives_new_001989,mol_001989,35,35
1990,Aromatase_inactives_new_001990,mol_001990,39,41
1991,Aromatase_inactives_new_001991,mol_001991,45,47
1992,Aromatase_inactives_new_001992,mol_001992,51,54
1993,Aromatase_inactives_new_001993,mol_001993,27,28
1994,Aromatase_inactives_new_001994,mol_001994,22,23
1995,Aromatase_inactives_new_001995,mol_001995,39,40
1996,Aromatase_inactives_new_001996,mol_001996,38,39
1997,Aromatase_inactives_new_001997,mol_001997,35,36
1998,Aromatase_inactives_new_001998,mol_001998,22,23
1999,Aromatase_inactives_new_001999,mol_001999,19,20
2000,Aromatase_inactives_new_002000,mol_002000,41,43
2001,Aromatase_inactives_new_002001,mol_002001,34,37
2002,Aromatase_inactives_new_002002,mol_002002,63,64
2003,Aromatase_inactives_new_002003,mol_002003,83,85
2004,Aromatase_inactives_new_002004,mol_002004,29,29
2005,Aromatase_inactives_new_002005,mol_002005,26,26
2006,Aromatase_inactives_new_002006,mol_002006,32,33
2007,Aromatase_inactives_new_002007,mol_002007,16,15
2008,Aromatase_inactives_new_002008,mol_002008,50,49
2009,Aromatase_inactives_new_002009,mol_002009,11,10
2010,Aromatase_inactives_new_002010,mol_002010,40,42
2011,Aromatase_inactives_new_002011,mol_002011,33,35
2012,Aromatase_inactives_new_002012,mol_002012,44,45
2013,Aromatase_inactives_new_002013,mol_002013,40,42
2014,Aromatase_inactives_new_002014,mol_002014,30,31
2015,Aromatase_inactives_new_002015,mol_002015,23,24
2016,Aromatase_inactives_new_002016,mol_002016,28,29
2017,Aromatase_inactives_new_002017,mol_002017,31,32
2018,Aromatase_inactives_new_002018,mol_002018,36,37
2019,Aromatase_inactives_new_002019,mol_002019,40,42
2020,Aromatase_inactives_new_002020,mol_002020,41,43
2021,Aromatase_inactives_new_002021,mol_002021,40,43
2022,Aromatase_inactives_new_002022,mol_002022,22,23
2023,Aromatase_inactives_new_002023,mol_002023,43,45
2024,Aromatase_inactives_new_002024,mol_002024,32,34
2025,Aromatase_inactives_new_002025,mol_002025,15,11
2026,Aromatase_inactives_new_002026,mol_002026,29,29
2027,Aromatase_inactives_new_002027,mol_002027,66,65
2028,Aromatase_inactives_new_002028,mol_002028,15,15
2029,Aromatase_inactives_new_002029,mol_002029,29,29
2030,Aromatase_inactives_new_002030,mol_002030,42,43
2031,Aromatase_inactives_new_002031,mol_002031,44,45
2032,Aromatase_inactives_new_002032,mol_002032,43,43
2033,Aromatase_inactives_new_002033,mol_002033,30,30
2034,Aromatase_inactives_new_002034,mol_002034,30,29
2035,Aromatase_inactives_new_002035,mol_002035,24,23
2036,Aromatase_inactives_new_002036,mol_002036,67,66
2037,Aromatase_inactives_new_002037,mol_002037,67,66
2038,Aromatase_inactives_new_002038,mol_002038,27,28
2039,Aromatase_inactives_new_002039,mol_002039,126,132
2040,Aromatase_inactives_new_002040,mol_002040,147,154
2041,Aromatase_inactives_new_002041,mol_002041,58,59
2042,Aromatase_inactives_new_002042,mol_002042,78,81
2043,Aromatase_inactives_new_002043,mol_002043,30,29
2044,Aromatase_inactives_new_002044,mol_002044,26,25
2045,Aromatase_inactives_new_002045,mol_002045,26,25
2046,Aromatase_inactives_new_002046,mol_002046,37,38
2047,Aromatase_inactives_new_002047,mol_002047,22,21
2048,Aromatase_inactives_new_002048,mol_002048,45,46
2049,Aromatase_inactives_new_002049,mol_002049,39,39
2050,Aromatase_inactives_new_002050,mol_002050,24,24
2051,Aromatase_inactives_new_002051,mol_002051,20,20
2052,Aromatase_inactives_new_002052,mol_002052,45,46
2053,Aromatase_inactives_new_002053,mol_002053,42,45
2054,Aromatase_inactives_new_002054,mol_002054,22,23
2055,Aromatase_inactives_new_002055,mol_002055,20,21
2056,Aromatase_inactives_new_002056,mol_002056,45,46
2057,Aromatase_inactives_new_002057,mol_002057,45,46
2058,Aromatase_inactives_new_002058,mol_002058,19,19
2059,Aromatase_inactives_new_002059,mol_002059,32,32
2060,Aromatase_inactives_new_002060,mol_002060,32,32
2061,Aromatase_inactives_new_002061,mol_002061,52,54
2062,Aromatase_inactives_new_002062,mol_002062,28,26
2063,Aromatase_inactives_new_002063,mol_002063,25,24
2064,Aromatase_inactives_new_002064,mol_002064,32,32
2065,Aromatase_inactives_new_002065,mol_002065,25,25
2066,Aromatase_inactives_new_002066,mol_002066,25,25
2067,Aromatase_inactives_new_002067,mol_002067,39,40
2068,Aromatase_inactives_new_002068,mol_002068,39,40
2069,Aromatase_inactives_new_002069,mol_002069,30,31
2070,Aromatase_inactives_new_002070,mol_002070,28,29
2071,Aromatase_inactives_new_002071,mol_002071,23,23
2072,Aromatase_inactives_new_002072,mol_002072,21,21
2073,Aromatase_inactives_new_002073,mol_002073,23,23
2074,Aromatase_inactives_new_002074,mol_002074,83,82
2075,Aromatase_inactives_new_002075,mol_002075,58,57
2076,Aromatase_inactives_new_002076,mol_002076,36,35
2077,Aromatase_inactives_new_002077,mol_002077,131,134
2078,Aromatase_inactives_new_002078,mol_002078,58,57
2079,Aromatase_inactives_new_002079,mol_002079,63,62
2080,Aromatase_inactives_new_002080,mol_002080,62,65
2081,Aromatase_inactives_new_002081,mol_002081,39,40
2082,Aromatase_inactives_new_002082,mol_002082,48,50
2083,Aromatase_inactives_new_002083,mol_002083,18,18
2084,Aromatase_inactives_new_002084,mol_002084,23,23
2085,Aromatase_inactives_new_002085,mol_002085,33,32
2086,Aromatase_inactives_new_002086,mol_002086,36,37
2087,Aromatase_inactives_new_002087,mol_002087,26,25
2088,Aromatase_inactives_new_002088,mol_002088,25,25
2089,Aromatase_inactives_new_002089,mol_002089,37,38
2090,Aromatase_inactives_new_002090,mol_002090,22,22
2091,Aromatase_inactives_new_002091,mol_002091,42,41
2092,Aromatase_inactives_new_002092,mol_002092,37,38
2093,Aromatase_inactives_new_002093,mol_002093,50,50
2094,Aromatase_inactives_new_002094,mol_002094,37,38
2095,Aromatase_inactives_new_002095,mol_002095,32,32
2096,Aromatase_inactives_new_002096,mol_002096,45,45
2097,Aromatase_inactives_new_002097,mol_002097,48,49
2098,Aromatase_inactives_new_002098,mol_002098,42,42
2099,Aromatase_inactives_new_002099,mol_002099,40,41
2100,Aromatase_inactives_new_002100,mol_002100,42,43
2101,Aromatase_inactives_new_002101,mol_002101,43,44
2102,Aromatase_inactives_new_002102,mol_002102,37,36
2103,Aromatase_inactives_new_002103,mol_002103,24,24
2104,Aromatase_inactives_new_002104,mol_002104,22,22
2105,Aromatase_inactives_new_002105,mol_002105,22,22
2106,Aromatase_inactives_new_002106,mol_002106,49,50
2107,Aromatase_inactives_new_002107,mol_002107,78,77
2108,Aromatase_inactives_new_002108,mol_002108,71,75
2109,Aromatase_inactives_new_002109,mol_002109,17,17
2110,Aromatase_inactives_new_002110,mol_002110,42,43
2111,Aromatase_inactives_new_002111,mol_002111,37,38
2112,Aromatase_inactives_new_002112,mol_002112,120,119
2113,Aromatase_inactives_new_002113,mol_002113,19,19
2114,Aromatase_inactives_new_002114,mol_002114,50,52
2115,Aromatase_inactives_new_002115,mol_002115,76,79
2116,Aromatase_inactives_new_002116,mol_002116,48,49
2117,Aromatase_inactives_new_002117,mol_002117,61,63
2118,Aromatase_inactives_new_002118,mol_002118,50,52
2119,Aromatase_inactives_new_002119,mol_002119,16,16
2120,Aromatase_inactives_new_002120,mol_002120,140,142
2121,Aromatase_inactives_new_002121,mol_002121,55,57
2122,Aromatase_inactives_new_002122,mol_002122,52,54
2123,Aromatase_inactives_new_002123,mol_002123,81,84
2124,Aromatase_inactives_new_002124,mol_002124,104,103
2125,Aromatase_inactives_new_002125,mol_002125,141,144
2126,Aromatase_inactives_new_002126,mol_002126,79,78
2127,Aromatase_inactives_new_002127,mol_002127,40,40
2128,Aromatase_inactives_new_002128,mol_002128,45,47
2129,Aromatase_inactives_new_002129,mol_002129,37,38
2130,Aromatase_inactives_new_002130,mol_002130,70,72
2131,Aromatase_inactives_new_002131,mol_002131,31,33
2132,Aromatase_inactives_new_002132,mol_002132,36,37
2133,Aromatase_inactives_new_002133,mol_002133,12,11
2134,Aromatase_inactives_new_002134,mol_002134,66,69
2135,Aromatase_inactives_new_002135,mol_002135,45,45
2136,Aromatase_inactives_new_002136,mol_002136,66,65
2137,Aromatase_inactives_new_002137,mol_002137,203,206
2138,Aromatase_inactives_new_002138,mol_002138,30,31
2139,Aromatase_inactives_new_002139,mol_002139,77,77
2140,Aromatase_inactives_new_002140,mol_002140,39,40
2141,Aromatase_inactives_new_002141,mol_002141,85,88
2142,Aromatase_inactives_new_002142,mol_002142,17,17
2143,Aromatase_inactives_new_002143,mol_002143,14,14
2144,Aromatase_inactives_new_002144,mol_002144,57,58
2145,Aromatase_inactives_new_002145,mol_002145,44,46
2146,Aromatase_inactives_new_002146,mol_002146,41,43
2147,Aromatase_inactives_new_002147,mol_002147,30,32
2148,Aromatase_inactives_new_002148,mol_002148,40,42
2149,Aromatase_inactives_new_002149,mol_002149,29,31
2150,Aromatase_inactives_new_002150,mol_002150,29,30
2151,Aromatase_inactives_new_002151,mol_002151,100,107
2152,Aromatase_inactives_new_002152,mol_002152,85,88
2153,Aromatase_inactives_new_002153,mol_002153,24,25
2154,Aromatase_inactives_new_002154,mol_002154,36,38
2155,Aromatase_inactives_new_002155,mol_002155,14,13
2156,Aromatase_inactives_new_002156,mol_002156,48,50
2157,Aromatase_inactives_new_002157,mol_002157,58,60
2158,Aromatase_inactives_new_002158,mol_002158,24,25
2159,Aromatase_inactives_new_002159,mol_002159,26,26
2160,Aromatase_inactives_new_002160,mol_002160,26,25
2161,Aromatase_inactives_new_002161,mol_002161,29,28
2162,Aromatase_inactives_new_002162,mol_002162,56,55
2163,Aromatase_inactives_new_002163,mol_002163,79,80
2164,Aromatase_inactives_new_002164,mol_002164,38,40
2165,Aromatase_inactives_new_002165,mol_002165,13,12
2166,Aromatase_inactives_new_002166,mol_002166,132,135
2167,Aromatase_inactives_new_002167,mol_002167,52,56
2168,Aromatase_inactives_new_002168,mol_002168,50,52
2169,Aromatase_inactives_new_002169,mol_002169,55,54
2170,Aromatase_inactives_new_002170,mol_002170,51,52
2171,Aromatase_inactives_new_002171,mol_002171,29,30
2172,Aromatase_inactives_new_002172,mol_002172,65,68
2173,Aromatase_inactives_new_002173,mol_002173,58,59
2174,Aromatase_inactives_new_002174,mol_002174,65,67
2175,Aromatase_inactives_new_002175,mol_002175,65,67
2176,Aromatase_inactives_new_002176,mol_002176,61,63
2177,Aromatase_inactives_new_002177,mol_002177,31,32
2178,Aromatase_inactives_new_002178,mol_002178,65,66
2179,Aromatase_inactives_new_002179,mol_002179,36,38
2180,Aromatase_inactives_new_002180,mol_002180,135,137
2181,Aromatase_inactives_new_002181,mol_002181,41,41
2182,Aromatase_inactives_new_002182,mol_002182,28,29
2183,Aromatase_inactives_new_002183,mol_002183,47,48
2184,Aromatase_inactives_new_002184,mol_002184,32,32
2185,Aromatase_inactives_new_002185,mol_002185,66,66
2186,Aromatase_inactives_new_002186,mol_002186,41,44
2187,Aromatase_inactives_new_002187,mol_002187,16,16
2188,Aromatase_inactives_new_002188,mol_002188,36,38
2189,Aromatase_inactives_new_002189,mol_002189,32,35
2190,Aromatase_inactives_new_002190,mol_002190,45,49
2191,Aromatase_inactives_new_002191,mol_002191,48,53
2192,Aromatase_inactives_new_002192,mol_002192,34,36
2193,Aromatase_inactives_new_002193,mol_002193,26,26
2194,Aromatase_inactives_new_002194,mol_002194,19,19
2195,Aromatase_inactives_new_002195,mol_002195,20,20
2196,Aromatase_inactives_new_002196,mol_002196,29,30
2197,Aromatase_inactives_new_002197,mol_002197,29,30
2198,Aromatase_inactives_new_002198,mol_002198,29,31
2199,Aromatase_inactives_new_002199,mol_002199,32,34
2200,Aromatase_inactives_new_002200,mol_002200,32,33
2201,Aromatase_inactives_new_002201,mol_002201,29,30
2202,Aromatase_inactives_new_002202,mol_002202,25,25
2203,Aromatase_inactives_new_002203,mol_002203,35,35
2204,Aromatase_inactives_new_002204,mol_002204,16,17
2205,Aromatase_inactives_new_002205,mol_002205,34,34
2206,Aromatase_inactives_new_002206,mol_002206,19,19
2207,Aromatase_inactives_new_002207,mol_002207,26,26
2208,Aromatase_inactives_new_002208,mol_002208,26,27
2209,Aromatase_inactives_new_002209,mol_002209,28,29
2210,Aromatase_inactives_new_002210,mol_002210,47,53
2211,Aromatase_inactives_new_002211,mol_002211,33,35
2212,Aromatase_inactives_new_002212,mol_002212,28,29
2213,Aromatase_inactives_new_002213,mol_002213,35,36
2214,Aromatase_inactives_new_002214,mol_002214,29,30
2215,Aromatase_inactives_new_002215,mol_002215,45,46
2216,Aromatase_inactives_new_002216,mol_002216,47,50
2217,Aromatase_inactives_new_002217,mol_002217,21,23
2218,Aromatase_inactives_new_002218,mol_002218,24,25
2219,Aromatase_inactives_new_002219,mol_002219,50,52
2220,Aromatase_inactives_new_002220,mol_002220,18,19
2221,Aromatase_inactives_new_002221,mol_002221,39,41
2222,Aromatase_inactives_new_002222,mol_002222,39,41
2223,Aromatase_inactives_new_002223,mol_002223,39,41
2224,Aromatase_inactives_new_002224,mol_002224,29,31
2225,Aromatase_inactives_new_002225,mol_002225,34,37
2226,Aromatase_inactives_new_002226,mol_002226,49,52
2227,Aromatase_inactives_new_002227,mol_002227,51,54
2228,Aromatase_inactives_new_002228,mol_002228,51,55
2229,Aromatase_inactives_new_002229,mol_002229,53,56
2230,Aromatase_inactives_new_002230,mol_002230,14,14
2231,Aromatase_inactives_new_002231,mol_002231,32,33
2232,Aromatase_inactives_new_002232,mol_002232,42,44
2233,Aromatase_inactives_new_002233,mol_002233,29,29
2234,Aromatase_inactives_new_002234,mol_002234,48,50
2235,Aromatase_inactives_new_002235,mol_002235,29,29
2236,Aromatase_inactives_new_002236,mol_002236,32,32
2237,Aromatase_inactives_new_002237,mol_002237,31,32
2238,Aromatase_inactives_new_002238,mol_002238,36,37
2239,Aromatase_inactives_new_002239,mol_002239,27,28
2240,Aromatase_inactives_new_002240,mol_002240,31,32
2241,Aromatase_inactives_new_002241,mol_002241,28,29
2242,Aromatase_inactives_new_002242,mol_002242,42,44
2243,Aromatase_inactives_new_002243,mol_002243,33,34
2244,Aromatase_inactives_new_002244,mol_002244,30,31
2245,Aromatase_inactives_new_002245,mol_002245,31,32
2246,Aromatase_inactives_new_002246,mol_002246,27,28
2247,Aromatase_inactives_new_002247,mol_002247,25,26
2248,Aromatase_inactives_new_002248,mol_002248,34,35
2249,Aromatase_inactives_new_002249,mol_002249,36,37
2250,Aromatase_inactives_new_002250,mol_002250,40,42
2251,Aromatase_inactives_new_002251,mol_002251,35,36
2252,Aromatase_inactives_new_002252,mol_002252,38,39
2253,Aromatase_inactives_new_002253,mol_002253,39,40
2254,Aromatase_inactives_new_002254,mol_002254,29,31
2255,Aromatase_inactives_new_002255,mol_002255,65,67
2256,Aromatase_inactives_new_002256,mol_002256,94,96
2257,Aromatase_inactives_new_002257,mol_002257,75,76
2258,Aromatase_inactives_new_002258,mol_002258,76,77
2259,Aromatase_inactives_new_002259,mol_002259,179,180
2260,Aromatase_inactives_new_002260,mol_002260,68,70
2261,Aromatase_inactives_new_002261,mol_002261,36,36
2262,Aromatase_inactives_new_002262,mol_002262,38,38
2263,Aromatase_inactives_new_002263,mol_002263,52,53
2264,Aromatase_inactives_new_002264,mol_002264,28,27
2265,Aromatase_inactives_new_002265,mol_002265,34,35
2266,Aromatase_inactives_new_002266,mol_002266,22,22
2267,Aromatase_inactives_new_002267,mol_002267,20,20
2268,Aromatase_inactives_new_002268,mol_002268,30,30
2269,Aromatase_inactives_new_002269,mol_002269,19,19
2270,Aromatase_inactives_new_002270,mol_002270,45,46
2271,Aromatase_inactives_new_002271,mol_002271,32,33
2272,Aromatase_inactives_new_002272,mol_002272,7,6
2273,Aromatase_inactives_new_002273,mol_002273,55,56
2274,Aromatase_inactives_new_002274,mol_002274,49,50
2275,Aromatase_inactives_new_002275,mol_002275,61,63
2276,Aromatase_inactives_new_002276,mol_002276,16,15
2277,Aromatase_inactives_new_002277,mol_002277,15,15
2278,Aromatase_inactives_new_002278,mol_002278,30,31
2279,Aromatase_inactives_new_002279,mol_002279,17,17
2280,Aromatase_inactives_new_002280,mol_002280,19,19
2281,Aromatase_inactives_new_002281,mol_002281,17,17
2282,Aromatase_inactives_new_002282,mol_002282,16,16
2283,Aromatase_inactives_new_002283,mol_002283,16,16
2284,Aromatase_inactives_new_002284,mol_002284,21,20
2285,Aromatase_inactives_new_002285,mol_002285,28,29
2286,Aromatase_inactives_new_002286,mol_002286,19,18
2287,Aromatase_inactives_new_002287,mol_002287,37,38
2288,Aromatase_inactives_new_002288,mol_002288,49,50
2289,Aromatase_inactives_new_002289,mol_002289,28,28
2290,Aromatase_inactives_new_002290,mol_002290,65,66
2291,Aromatase_inactives_new_002291,mol_002291,37,38
2292,Aromatase_inactives_new_002292,mol_002292,64,66
2293,Aromatase_inactives_new_002293,mol_002293,34,36
2294,Aromatase_inactives_new_002294,mol_002294,25,25
2295,Aromatase_inactives_new_002295,mol_002295,34,34
2296,Aromatase_inactives_new_002296,mol_002296,20,19
2297,Aromatase_inactives_new_002297,mol_002297,28,29
2298,Aromatase_inactives_new_002298,mol_002298,28,29
2299,Aromatase_inactives_new_002299,mol_002299,36,36
2300,Aromatase_inactives_new_002300,mol_002300,47,47
2301,Aromatase_inactives_new_002301,mol_002301,16,16
2302,Aromatase_inactives_new_002302,mol_002302,33,35
2303,Aromatase_inactives_new_002303,mol_002303,47,48
2304,Aromatase_inactives_new_002304,mol_002304,21,21
2305,Aromatase_inactives_new_002305,mol_002305,35,35
2306,Aromatase_inactives_new_002306,mol_002306,18,18
2307,Aromatase_inactives_new_002307,mol_002307,28,31
2308,Aromatase_inactives_new_002308,mol_002308,66,70
2309,Aromatase_inactives_new_002309,mol_002309,77,76
2310,Aromatase_inactives_new_002310,mol_002310,18,18
2311,Aromatase_inactives_new_002311,mol_002311,29,29
2312,Aromatase_inactives_new_002312,mol_002312,49,52
2313,Aromatase_inactives_new_002313,mol_002313,19,19
2314,Aromatase_inactives_new_002314,mol_002314,39,42
2315,Aromatase_inactives_new_002315,mol_002315,37,39
2316,Aromatase_inactives_new_002316,mol_002316,35,36
2317,Aromatase_inactives_new_002317,mol_002317,73,77
2318,Aromatase_inactives_new_002318,mol_002318,33,33
2319,Aromatase_inactives_new_002319,mol_002319,27,27
2320,Aromatase_inactives_new_002320,mol_002320,23,23
2321,Aromatase_inactives_new_002321,mol_002321,20,20
2322,Aromatase_inactives_new_002322,mol_002322,34,33
2323,Aromatase_inactives_new_002323,mol_002323,14,14
2324,Aromatase_inactives_new_002324,mol_002324,13,13
2325,Aromatase_inactives_new_002325,mol_002325,22,22
2326,Aromatase_inactives_new_002326,mol_002326,22,22
2327,Aromatase_inactives_new_002327,mol_002327,23,23
2328,Aromatase_inactives_new_002328,mol_002328,17,17
2329,Aromatase_inactives_new_002329,mol_002329,109,114
2330,Aromatase_inactives_new_002330,mol_002330,30,30
2331,Aromatase_inactives_new_002331,mol_002331,30,32
2332,Aromatase_inactives_new_002332,mol_002332,54,55
2333,Aromatase_inactives_new_002333,mol_002333,44,47
2334,Aromatase_inactives_new_002334,mol_002334,61,63
2335,Aromatase_inactives_new_002335,mol_002335,33,34
2336,Aromatase_inactives_new_002336,mol_002336,19,18
2337,Aromatase_inactives_new_002337,mol_002337,32,33
2338,Aromatase_inactives_new_002338,mol_002338,106,107
2339,Aromatase_inactives_new_002339,mol_002339,37,36
2340,Aromatase_inactives_new_002340,mol_002340,49,48
2341,Aromatase_inactives_new_002341,mol_002341,28,28
2342,Aromatase_inactives_new_002342,mol_002342,20,20
2343,Aromatase_inactives_new_002343,mol_002343,16,16
2344,Aromatase_inactives_new_002344,mol_002344,16,16
2345,Aromatase_inactives_new_002345,mol_002345,15,15
2346,Aromatase_inactives_new_002346,mol_002346,19,19
2347,Aromatase_inactives_new_002347,mol_002347,31,31
2348,Aromatase_inactives_new_002348,mol_002348,32,33
2349,Aromatase_inactives_new_002349,mol_002349,94,98
2350,Aromatase_inactives_new_002350,mol_002350,20,20
2351,Aromatase_inactives_new_002351,mol_002351,20,20
2352,Aromatase_inactives_new_002352,mol_002352,24,23
2353,Aromatase_inactives_new_002353,mol_002353,53,52
2354,Aromatase_inactives_new_002354,mol_002354,17,16
2355,Aromatase_inactives_new_002355,mol_002355,43,44
2356,Aromatase_inactives_new_002356,mol_002356,21,21
2357,Aromatase_inactives_new_002357,mol_002357,39,40
2358,Aromatase_inactives_new_002358,mol_002358,22,22
2359,Aromatase_inactives_new_002359,mol_002359,30,30
2360,Aromatase_inactives_new_002360,mol_002360,21,21
2361,Aromatase_inactives_new_002361,mol_002361,13,13
2362,Aromatase_inactives_new_002362,mol_002362,16,15
2363,Aromatase_inactives_new_002363,mol_002363,28,30
2364,Aromatase_inactives_new_002364,mol_002364,31,32
2365,Aromatase_inactives_new_002365,mol_002365,89,93
2366,Aromatase_inactives_new_002366,mol_002366,29,31
2367,Aromatase_inactives_new_002367,mol_002367,27,26
2368,Aromatase_inactives_new_002368,mol_002368,19,18
2369,Aromatase_inactives_new_002369,mol_002369,34,36
2370,Aromatase_inactives_new_002370,mol_002370,40,41
2371,Aromatase_inactives_new_002371,mol_002371,52,52
2372,Aromatase_inactives_new_002372,mol_002372,82,85
2373,Aromatase_inactives_new_002373,mol_002373,30,30
2374,Aromatase_inactives_new_002374,mol_002374,26,27
2375,Aromatase_inactives_new_002375,mol_002375,17,17
2376,Aromatase_inactives_new_002376,mol_002376,28,29
2377,Aromatase_inactives_new_002377,mol_002377,48,47
2378,Aromatase_inactives_new_002378,mol_002378,67,70
2379,Aromatase_inactives_new_002379,mol_002379,38,37
2380,Aromatase_inactives_new_002380,mol_002380,51,53
2381,Aromatase_inactives_new_002381,mol_002381,24,25
2382,Aromatase_inactives_new_002382,mol_002382,47,49
2383,Aromatase_inactives_new_002383,mol_002383,24,26
2384,Aromatase_inactives_new_002384,mol_002384,28,29
2385,Aromatase_inactives_new_002385,mol_002385,13,13
2386,Aromatase_inactives_new_002386,mol_002386,23,24
2387,Aromatase_inactives_new_002387,mol_002387,53,55
2388,Aromatase_inactives_new_002388,mol_002388,8,7
2389,Aromatase_inactives_new_002389,mol_002389,53,54
2390,Aromatase_inactives_new_002390,mol_002390,78,78
2391,Aromatase_inactives_new_002391,mol_002391,46,48
2392,Aromatase_inactives_new_002392,mol_002392,55,56
2393,Aromatase_inactives_new_002393,mol_002393,56,58
2394,Aromatase_inactives_new_002394,mol_002394,58,60
2395,Aromatase_inactives_new_002395,mol_002395,52,53
2396,Aromatase_inactives_new_002396,mol_002396,35,36
2397,Aromatase_inactives_new_002397,mol_002397,38,39
2398,Aromatase_inactives_new_002398,mol_002398,42,42
2399,Aromatase_inactives_new_002399,mol_002399,24,22
2400,Aromatase_inactives_new_002400,mol_002400,52,54
2401,Aromatase_inactives_new_002401,mol_002401,49,52
2402,Aromatase_inactives_new_002402,mol_002402,26,27
2403,Aromatase_inactives_new_002403,mol_002403,178,187
2404,Aromatase_inactives_new_002404,mol_002404,40,40
2405,Aromatase_inactives_new_002405,mol_002405,18,17
2406,Aromatase_inactives_new_002406,mol_002406,51,54
2407,Aromatase_inactives_new_002407,mol_002407,75,79
2408,Aromatase_inactives_new_002408,mol_002408,55,57
2409,Aromatase_inactives_new_002409,mol_002409,74,75
2410,Aromatase_inactives_new_002410,mol_002410,27,28
2411,Aromatase_inactives_new_002411,mol_002411,54,57
2412,Aromatase_inactives_new_002412,mol_002412,20,19
2413,Aromatase_inactives_new_002413,mol_002413,42,42
2414,Aromatase_inactives_new_002414,mol_002414,24,26
2415,Aromatase_inactives_new_002415,mol_002415,21,21
2416,Aromatase_inactives_new_002416,mol_002416,42,44
2417,Aromatase_inactives_new_002417,mol_002417,36,40
2418,Aromatase_inactives_new_002418,mol_002418,53,51
2419,Aromatase_inactives_new_002419,mol_002419,48,48
2420,Aromatase_inactives_new_002420,mol_002420,50,53
2421,Aromatase_inactives_new_002421,mol_002421,39,40
2422,Aromatase_inactives_new_002422,mol_002422,19,19
2423,Aromatase_inactives_new_002423,mol_002423,31,32
2424,Aromatase_inactives_new_002424,mol_002424,35,34
2425,Aromatase_inactives_new_002425,mol_002425,49,52
2426,Aromatase_inactives_new_002426,mol_002426,35,36
2427,Aromatase_inactives_new_002427,mol_002427,19,18
2428,Aromatase_inactives_new_002428,mol_002428,50,52
2429,Aromatase_inactives_new_002429,mol_002429,21,19
2430,Aromatase_inactives_new_002430,mol_002430,18,18
2431,Aromatase_inactives_new_002431,mol_002431,50,52
2432,Aromatase_inactives_new_002432,mol_002432,32,31
2433,Aromatase_inactives_new_002433,mol_002433,13,13
2434,Aromatase_inactives_new_002434,mol_002434,23,24
2435,Aromatase_inactives_new_002435,mol_002435,38,40
2436,Aromatase_inactives_new_002436,mol_002436,42,44
2437,Aromatase_inactives_new_002437,mol_002437,14,14
2438,Aromatase_inactives_new_002438,mol_002438,15,15
2439,Aromatase_inactives_new_002439,mol_002439,18,18
2440,Aromatase_inactives_new_002440,mol_002440,16,16
2441,Aromatase_inactives_new_002441,mol_002441,39,39
2442,Aromatase_inactives_new_002442,mol_002442,19,19
2443,Aromatase_inactives_new_002443,mol_002443,27,26
2444,Aromatase_inactives_new_002444,mol_002444,27,26
2445,Aromatase_inactives_new_002445,mol_002445,20,19
2446,Aromatase_inactives_new_002446,mol_002446,50,51
2447,Aromatase_inactives_new_002447,mol_002447,112,111
2448,Aromatase_inactives_new_002448,mol_002448,48,47
2449,Aromatase_inactives_new_002449,mol_002449,54,53
2450,Aromatase_inactives_new_002450,mol_002450,29,28
2451,Aromatase_inactives_new_002451,mol_002451,41,40
2452,Aromatase_inactives_new_002452,mol_002452,29,30
2453,Aromatase_inactives_new_002453,mol_002453,56,59
2454,Aromatase_inactives_new_002454,mol_002454,54,54
2455,Aromatase_inactives_new_002455,mol_002455,63,63
2456,Aromatase_inactives_new_002456,mol_002456,20,20
2457,Aromatase_inactives_new_002457,mol_002457,13,13
2458,Aromatase_inactives_new_002458,mol_002458,37,39
2459,Aromatase_inactives_new_002459,mol_002459,25,26
2460,Aromatase_inactives_new_002460,mol_002460,30,31
2461,Aromatase_inactives_new_002461,mol_002461,27,29
2462,Aromatase_inactives_new_002462,mol_002462,31,30
2463,Aromatase_inactives_new_002463,mol_002463,27,27
2464,Aromatase_inactives_new_002464,mol_002464,33,34
2465,Aromatase_inactives_new_002465,mol_002465,5,3
2466,Aromatase_inactives_new_002466,mol_002466,43,45
2467,Aromatase_inactives_new_002467,mol_002467,21,22
2468,Aromatase_inactives_new_002468,mol_002468,20,22
2469,Aromatase_inactives_new_002469,mol_002469,16,17
2470,Aromatase_inactives_new_002470,mol_002470,21,23
2471,Aromatase_inactives_new_002471,mol_002471,34,36
2472,Aromatase_inactives_new_002472,mol_002472,21,23
2473,Aromatase_inactives_new_002473,mol_002473,54,57
2474,Aromatase_inactives_new_002474,mol_002474,21,21
2475,Aromatase_inactives_new_002475,mol_002475,63,66
2476,Aromatase_inactives_new_002476,mol_002476,33,34
2477,Aromatase_inactives_new_002477,mol_002477,31,32
2478,Aromatase_inactives_new_002478,mol_002478,23,22
2479,Aromatase_inactives_new_002479,mol_002479,78,80
2480,Aromatase_inactives_new_002480,mol_002480,36,37
2481,Aromatase_inactives_new_002481,mol_002481,19,19
2482,Aromatase_inactives_new_002482,mol_002482,32,33
2483,Aromatase_inactives_new_002483,mol_002483,32,33
2484,Aromatase_inactives_new_002484,mol_002484,26,27
2485,Aromatase_inactives_new_002485,mol_002485,28,29
2486,Aromatase_inactives_new_002486,mol_002486,35,36
2487,Aromatase_inactives_new_002487,mol_002487,31,30
2488,Aromatase_inactives_new_002488,mol_002488,39,38
2489,Aromatase_inactives_new_002489,mol_002489,21,21
2490,Aromatase_inactives_new_002490,mol_002490,46,47
2491,Aromatase_inactives_new_002491,mol_002491,16,15
2492,Aromatase_inactives_new_002492,mol_002492,42,42
2493,Aromatase_inactives_new_002493,mol_002493,45,45
2494,Aromatase_inactives_new_002494,mol_002494,48,48
2495,Aromatase_inactives_new_002495,mol_002495,46,48
2496,Aromatase_inactives_new_002496,mol_002496,38,37
2497,Aromatase_inactives_new_002497,mol_002497,40,41
2498,Aromatase_inactives_new_002498,mol_002498,40,41
2499,Aromatase_inactives_new_002499,mol_002499,24,24
2500,Aromatase_inactives_new_002500,mol_002500,16,16
2501,Aromatase_inactives_new_002501,mol_002501,10,10
2502,Aromatase_inactives_new_002502,mol_002502,19,19
2503,Aromatase_inactives_new_002503,mol_002503,30,30
2504,Aromatase_inactives_new_002504,mol_002504,21,21
2505,Aromatase_inactives_new_002505,mol_002505,46,47
2506,Aromatase_inactives_new_002506,mol_002506,16,17
2507,Aromatase_inactives_new_002507,mol_002507,43,44
2508,Aromatase_inactives_new_002508,mol_002508,39,40
2509,Aromatase_inactives_new_002509,mol_002509,18,17
2510,Aromatase_inactives_new_002510,mol_002510,20,19
2511,Aromatase_inactives_new_002511,mol_002511,39,38
2512,Aromatase_inactives_new_002512,mol_002512,28,30
2513,Aromatase_inactives_new_002513,mol_002513,14,13
2514,Aromatase_inactives_new_002514,mol_002514,19,19
2515,Aromatase_inactives_new_002515,mol_002515,29,29
2516,Aromatase_inactives_new_002516,mol_002516,14,14
2517,Aromatase_inactives_new_002517,mol_002517,27,27
2518,Aromatase_inactives_new_002518,mol_002518,24,25
2519,Aromatase_inactives_new_002519,mol_002519,16,16
2520,Aromatase_inactives_new_002520,mol_002520,10,7
2521,Aromatase_inactives_new_002521,mol_002521,23,23
2522,Aromatase_inactives_new_002522,mol_002522,27,28
2523,Aromatase_inactives_new_002523,mol_002523,66,65
2524,Aromatase_inactives_new_002524,mol_002524,48,47
2525,Aromatase_inactives_new_002525,mol_002525,17,17
2526,Aromatase_inactives_new_002526,mol_002526,38,40
2527,Aromatase_inactives_new_002527,mol_002527,25,26
2528,Aromatase_inactives_new_002528,mol_002528,26,26
2529,Aromatase_inactives_new_002529,mol_002529,20,20
2530,Aromatase_inactives_new_002530,mol_002530,28,29
2531,Aromatase_inactives_new_002531,mol_002531,29,30
2532,Aromatase_inactives_new_002532,mol_002532,13,13
2533,Aromatase_inactives_new_002533,mol_002533,34,33
2534,Aromatase_inactives_new_002534,mol_002534,33,34
2535,Aromatase_inactives_new_002535,mol_002535,57,56
2536,Aromatase_inactives_new_002536,mol_002536,54,52
2537,Aromatase_inactives_new_002537,mol_002537,54,52
2538,Aromatase_inactives_new_002538,mol_002538,72,73
2539,Aromatase_inactives_new_002539,mol_002539,50,50
2540,Aromatase_inactives_new_002540,mol_002540,17,14
2541,Aromatase_inactives_new_002541,mol_002541,12,12
2542,Aromatase_inactives_new_002542,mol_002542,14,13
2543,Aromatase_inactives_new_002543,mol_002543,55,56
2544,Aromatase_inactives_new_002544,mol_002544,27,26
2545,Aromatase_inactives_new_002545,mol_002545,16,15
2546,Aromatase_inactives_new_002546,mol_002546,17,18
2547,Aromatase_inactives_new_002547,mol_002547,22,24
2548,Aromatase_inactives_new_002548,mol_002548,26,29
2549,Aromatase_inactives_new_002549,mol_002549,193,196
2550,Aromatase_inactives_new_002550,mol_002550,29,29
2551,Aromatase_inactives_new_002551,mol_002551,36,35
2552,Aromatase_inactives_new_002552,mol_002552,29,29
2553,Aromatase_inactives_new_002553,mol_002553,26,27
2554,Aromatase_inactives_new_002554,mol_002554,23,24
2555,Aromatase_inactives_new_002555,mol_002555,28,28
2556,Aromatase_inactives_new_002556,mol_002556,28,30
2557,Aromatase_inactives_new_002557,mol_002557,32,33
2558,Aromatase_inactives_new_002558,mol_002558,31,31
2559,Aromatase_inactives_new_002559,mol_002559,21,21
2560,Aromatase_inactives_new_002560,mol_002560,22,22
2561,Aromatase_inactives_new_002561,mol_002561,31,31
2562,Aromatase_inactives_new_002562,mol_002562,18,18
2563,Aromatase_inactives_new_002563,mol_002563,35,36
2564,Aromatase_inactives_new_002564,mol_002564,33,32
2565,Aromatase_inactives_new_002565,mol_002565,39,39
2566,Aromatase_inactives_new_002566,mol_002566,31,30
2567,Aromatase_inactives_new_002567,mol_002567,25,24
2568,Aromatase_inactives_new_002568,mol_002568,80,79
2569,Aromatase_inactives_new_002569,mol_002569,50,49
2570,Aromatase_inactives_new_002570,mol_002570,28,27
2571,Aromatase_inactives_new_002571,mol_002571,44,43
2572,Aromatase_inactives_new_002572,mol_002572,31,30
2573,Aromatase_inactives_new_002573,mol_002573,22,21
2574,Aromatase_inactives_new_002574,mol_002574,31,31
2575,Aromatase_inactives_new_002575,mol_002575,26,27
2576,Aromatase_inactives_new_002576,mol_002576,27,27
2577,Aromatase_inactives_new_002577,mol_002577,37,36
2578,Aromatase_inactives_new_002578,mol_002578,34,35
2579,Aromatase_inactives_new_002579,mol_002579,37,36
2580,Aromatase_inactives_new_002580,mol_002580,54,54
2581,Aromatase_inactives_new_002581,mol_002581,15,15
2582,Aromatase_inactives_new_002582,mol_002582,17,17
2583,Aromatase_inactives_new_002583,mol_002583,16,16
2584,Aromatase_inactives_new_002584,mol_002584,15,15
2585,Aromatase_inactives_new_002585,mol_002585,16,16
2586,Aromatase_inactives_new_002586,mol_002586,12,12
2587,Aromatase_inactives_new_002587,mol_002587,30,30
2588,Aromatase_inactives_new_002588,mol_002588,19,19
2589,Aromatase_inactives_new_002589,mol_002589,31,31
2590,Aromatase_inactives_new_002590,mol_002590,14,14
2591,Aromatase_inactives_new_002591,mol_002591,25,25
2592,Aromatase_inactives_new_002592,mol_002592,22,26
2593,Aromatase_inactives_new_002593,mol_002593,12,12
2594,Aromatase_inactives_new_002594,mol_002594,5,4
2595,Aromatase_inactives_new_002595,mol_002595,26,26
2596,Aromatase_inactives_new_002596,mol_002596,35,34
2597,Aromatase_inactives_new_002597,mol_002597,42,44
2598,Aromatase_inactives_new_002598,mol_002598,38,38
2599,Aromatase_inactives_new_002599,mol_002599,45,47
2600,Aromatase_inactives_new_002600,mol_002600,24,24
2601,Aromatase_inactives_new_002601,mol_002601,24,23
2602,Aromatase_inactives_new_002602,mol_002602,32,32
2603,Aromatase_inactives_new_002603,mol_002603,34,32
2604,Aromatase_inactives_new_002604,mol_002604,49,52
2605,Aromatase_inactives_new_002605,mol_002605,31,32
2606,Aromatase_inactives_new_002606,mol_002606,24,23
2607,Aromatase_inactives_new_002607,mol_002607,13,13
2608,Aromatase_inactives_new_002608,mol_002608,30,29
2609,Aromatase_inactives_new_002609,mol_002609,25,27
2610,Aromatase_inactives_new_002610,mol_002610,21,21
2611,Aromatase_inactives_new_002611,mol_002611,20,20
2612,Aromatase_inactives_new_002612,mol_002612,29,29
2613,Aromatase_inactives_new_002613,mol_002613,49,53
2614,Aromatase_inactives_new_002614,mol_002614,26,25
2615,Aromatase_inactives_new_002615,mol_002615,12,11
2616,Aromatase_inactives_new_002616,mol_002616,25,26
2617,Aromatase_inactives_new_002617,mol_002617,45,46
2618,Aromatase_inactives_new_002618,mol_002618,42,43
2619,Aromatase_inactives_new_002619,mol_002619,18,18
2620,Aromatase_inactives_new_002620,mol_002620,17,17
2621,Aromatase_inactives_new_002621,mol_002621,23,22
2622,Aromatase_inactives_new_002622,mol_002622,29,28
2623,Aromatase_inactives_new_002623,mol_002623,48,50
2624,Aromatase_inactives_new_002624,mol_002624,8,7
2625,Aromatase_inactives_new_002625,mol_002625,12,11
2626,Aromatase_inactives_new_002626,mol_002626,14,14
2627,Aromatase_inactives_new_002627,mol_002627,14,13
2628,Aromatase_inactives_new_002628,mol_002628,47,46
2629,Aromatase_inactives_new_002629,mol_002629,50,51
2630,Aromatase_inactives_new_002630,mol_002630,12,12
2631,Aromatase_inactives_new_002631,mol_002631,33,34
2632,Aromatase_inactives_new_002632,mol_002632,17,17
2633,Aromatase_inactives_new_002633,mol_002633,45,45
2634,Aromatase_inactives_new_002634,mol_002634,18,20
2635,Aromatase_inactives_new_002635,mol_002635,43,45
2636,Aromatase_inactives_new_002636,mol_002636,36,36
2637,Aromatase_inactives_new_002637,mol_002637,37,37
2638,Aromatase_inactives_new_002638,mol_002638,17,18
2639,Aromatase_inactives_new_002639,mol_002639,8,7
2640,Aromatase_inactives_new_002640,mol_002640,30,30
2641,Aromatase_inactives_new_002641,mol_002641,7,6
2642,Aromatase_inactives_new_002642,mol_002642,20,19
2643,Aromatase_inactives_new_002643,mol_002643,40,41
2644,Aromatase_inactives_new_002644,mol_002644,14,13
2645,Aromatase_inactives_new_002645,mol_002645,14,14
2646,Aromatase_inactives_new_002646,mol_002646,25,25
2647,Aromatase_inactives_new_002647,mol_002647,27,28
2648,Aromatase_inactives_new_002648,mol_002648,101,105
2649,Aromatase_inactives_new_002649,mol_002649,23,23
2650,Aromatase_inactives_new_002650,mol_002650,17,17
2651,Aromatase_inactives_new_002651,mol_002651,13,13
2652,Aromatase_inactives_new_002652,mol_002652,29,30
2653,Aromatase_inactives_new_002653,mol_002653,12,11
2654,Aromatase_inactives_new_002654,mol_002654,81,79
2655,Aromatase_inactives_new_002655,mol_002655,27,28
2656,Aromatase_inactives_new_002656,mol_002656,19,19
2657,Aromatase_inactives_new_002657,mol_002657,26,25
2658,Aromatase_inactives_new_002658,mol_002658,32,32
2659,Aromatase_inactives_new_002659,mol_002659,21,19
2660,Aromatase_inactives_new_002660,mol_002660,21,20
2661,Aromatase_inactives_new_002661,mol_002661,31,30
2662,Aromatase_inactives_new_002662,mol_002662,6,4
2663,Aromatase_inactives_new_002663,mol_002663,18,17
2664,Aromatase_inactives_new_002664,mol_002664,40,41
2665,Aromatase_inactives_new_002665,mol_002665,20,18
2666,Aromatase_inactives_new_002666,mol_002666,12,9
2667,Aromatase_inactives_new_002667,mol_002667,22,20
2668,Aromatase_inactives_new_002668,mol_002668,9,7
2669,Aromatase_inactives_new_002669,mol_002669,26,24
2670,Aromatase_inactives_new_002670,mol_002670,22,21
2671,Aromatase_inactives_new_002671,mol_002671,43,43
2672,Aromatase_inactives_new_002672,mol_002672,21,19
2673,Aromatase_inactives_new_002673,mol_002673,18,19
2674,Aromatase_inactives_new_002674,mol_002674,21,22
2675,Aromatase_inactives_new_002675,mol_002675,12,12
2676,Aromatase_inactives_new_002676,mol_002676,3,0
2677,Aromatase_inactives_new_002677,mol_002677,6,5
2678,Aromatase_inactives_new_002678,mol_002678,12,11
2679,Aromatase_inactives_new_002679,mol_002679,12,12
2680,Aromatase_inactives_new_002680,mol_002680,24,26
2681,Aromatase_inactives_new_002681,mol_002681,35,34
2682,Aromatase_inactives_new_002682,mol_002682,29,30
2683,Aromatase_inactives_new_002683,mol_002683,12,11
2684,Aromatase_inactives_new_002684,mol_002684,16,15
2685,Aromatase_inactives_new_002685,mol_002685,22,23
2686,Aromatase_inactives_new_002686,mol_002686,23,25
2687,Aromatase_inactives_new_002687,mol_002687,22,24
2688,Aromatase_inactives_new_002688,mol_002688,17,18
2689,Aromatase_inactives_new_002689,mol_002689,21,23
2690,Aromatase_inactives_new_002690,mol_002690,17,17
2691,Aromatase_inactives_new_002691,mol_002691,15,15
2692,Aromatase_inactives_new_002692,mol_002692,11,10
2693,Aromatase_inactives_new_002693,mol_002693,23,22
2694,Aromatase_inactives_new_002694,mol_002694,28,27
2695,Aromatase_inactives_new_002695,mol_002695,34,34
2696,Aromatase_inactives_new_002696,mol_002696,21,20
2697,Aromatase_inactives_new_002697,mol_002697,23,22
2698,Aromatase_inactives_new_002698,mol_002698,30,30
2699,Aromatase_inactives_new_002699,mol_002699,22,22
2700,Aromatase_inactives_new_002700,mol_002700,30,30
2701,Aromatase_inactives_new_002701,mol_002701,39,38
2702,Aromatase_inactives_new_002702,mol_002702,42,42
2703,Aromatase_inactives_new_002703,mol_002703,16,15
2704,Aromatase_inactives_new_002704,mol_002704,63,58
2705,Aromatase_inactives_new_002705,mol_002705,18,17
2706,Aromatase_inactives_new_002706,mol_002706,23,23
2707,Aromatase_inactives_new_002707,mol_002707,21,20
2708,Aromatase_inactives_new_002708,mol_002708,8,7
2709,Aromatase_inactives_new_002709,mol_002709,19,18
2710,Aromatase_inactives_new_002710,mol_002710,22,21
2711,Aromatase_inactives_new_002711,mol_002711,24,23
2712,Aromatase_inactives_new_002712,mol_002712,13,12
2713,Aromatase_inactives_new_002713,mol_002713,25,24
2714,Aromatase_inactives_new_002714,mol_002714,14,14
2715,Aromatase_inactives_new_002715,mol_002715,27,28
2716,Aromatase_inactives_new_002716,mol_002716,12,11
2717,Aromatase_inactives_new_002717,mol_002717,37,37
2718,Aromatase_inactives_new_002718,mol_002718,40,42
2719,Aromatase_inactives_new_002719,mol_002719,28,29
2720,Aromatase_inactives_new_002720,mol_002720,20,20
2721,Aromatase_inactives_new_002721,mol_002721,20,20
2722,Aromatase_inactives_new_002722,mol_002722,19,19
2723,Aromatase_inactives_new_002723,mol_002723,19,19
2724,Aromatase_inactives_new_002724,mol_002724,15,15
2725,Aromatase_inactives_new_002725,mol_002725,20,21
2726,Aromatase_inactives_new_002726,mol_002726,21,21
2727,Aromatase_inactives_new_002727,mol_002727,21,22
2728,Aromatase_inactives_new_002728,mol_002728,24,25
2729,Aromatase_inactives_new_002729,mol_002729,35,36
2730,Aromatase_inactives_new_002730,mol_002730,35,35
2731,Aromatase_inactives_new_002731,mol_002731,13,12
2732,Aromatase_inactives_new_002732,mol_002732,21,21
2733,Aromatase_inactives_new_002733,mol_002733,18,18
2734,Aromatase_inactives_new_002734,mol_002734,37,36
2735,Aromatase_inactives_new_002735,mol_002735,38,37
2736,Aromatase_inactives_new_002736,mol_002736,38,37
2737,Aromatase_inactives_new_002737,mol_002737,51,51
2738,Aromatase_inactives_new_002738,mol_002738,29,28
2739,Aromatase_inactives_new_002739,mol_002739,26,25
2740,Aromatase_inactives_new_002740,mol_002740,46,47
2741,Aromatase_inactives_new_002741,mol_002741,26,26
2742,Aromatase_inactives_new_002742,mol_002742,29,28
2743,Aromatase_inactives_new_002743,mol_002743,33,32
2744,Aromatase_inactives_new_002744,mol_002744,37,37
2745,Aromatase_inactives_new_002745,mol_002745,32,33
2746,Aromatase_inactives_new_002746,mol_002746,27,26
2747,Aromatase_inactives_new_002747,mol_002747,34,34
2748,Aromatase_inactives_new_002748,mol_002748,16,14
2749,Aromatase_inactives_new_002749,mol_002749,34,33
2750,Aromatase_inactives_new_002750,mol_002750,6,5
2751,Aromatase_inactives_new_002751,mol_002751,4,3
2752,Aromatase_inactives_new_002752,mol_002752,18,18
2753,Aromatase_inactives_new_002753,mol_002753,8,7
2754,Aromatase_inactives_new_002754,mol_002754,22,22
2755,Aromatase_inactives_new_002755,mol_002755,22,23
2756,Aromatase_inactives_new_002756,mol_002756,22,22
2757,Aromatase_inactives_new_002757,mol_002757,9,9
2758,Aromatase_inactives_new_002758,mol_002758,31,31
2759,Aromatase_inactives_new_002759,mol_002759,8,7
2760,Aromatase_inactives_new_002760,mol_002760,8,7
2761,Aromatase_inactives_new_002761,mol_002761,20,19
2762,Aromatase_inactives_new_002762,mol_002762,15,15
2763,Aromatase_inactives_new_002763,mol_002763,9,8
2764,Aromatase_inactives_new_002764,mol_002764,25,24
2765,Aromatase_inactives_new_002765,mol_002765,21,21
2766,Aromatase_inactives_new_002766,mol_002766,32,31
2767,Aromatase_inactives_new_002767,mol_002767,18,18
2768,Aromatase_inactives_new_002768,mol_002768,21,22
2769,Aromatase_inactives_new_002769,mol_002769,49,53
2770,Aromatase_inactives_new_002770,mol_002770,29,30
2771,Aromatase_inactives_new_002771,mol_002771,30,30
2772,Aromatase_inactives_new_002772,mol_002772,24,24
2773,Aromatase_inactives_new_002773,mol_002773,20,20
2774,Aromatase_inactives_new_002774,mol_002774,23,23
2775,Aromatase_inactives_new_002775,mol_002775,28,28
2776,Aromatase_inactives_new_002776,mol_002776,18,18
2777,Aromatase_inactives_new_002777,mol_002777,32,32
2778,Aromatase_inactives_new_002778,mol_002778,37,37
2779,Aromatase_inactives_new_002779,mol_002779,32,32
2780,Aromatase_inactives_new_002780,mol_002780,14,14
2781,Aromatase_inactives_new_002781,mol_002781,26,27
2782,Aromatase_inactives_new_002782,mol_002782,12,12
2783,Aromatase_inactives_new_002783,mol_002783,23,22
2784,Aromatase_inactives_new_002784,mol_002784,10,9
2785,Aromatase_inactives_new_002785,mol_002785,27,27
2786,Aromatase_inactives_new_002786,mol_002786,14,14
2787,Aromatase_inactives_new_002787,mol_002787,16,16
2788,Aromatase_inactives_new_002788,mol_002788,17,17
2789,Aromatase_inactives_new_002789,mol_002789,19,19
2790,Aromatase_inactives_new_002790,mol_002790,20,20
2791,Aromatase_inactives_new_002791,mol_002791,21,21
2792,Aromatase_inactives_new_002792,mol_002792,17,17
2793,Aromatase_inactives_new_002793,mol_002793,16,16
2794,Aromatase_inactives_new_002794,mol_002794,29,30
2795,Aromatase_inactives_new_002795,mol_002795,36,35
2796,Aromatase_inactives_new_002796,mol_002796,32,31
2797,Aromatase_inactives_new_002797,mol_002797,26,25
2798,Aromatase_inactives_new_002798,mol_002798,20,20
2799,Aromatase_inactives_new_002799,mol_002799,16,16
2800,Aromatase_inactives_new_002800,mol_002800,14,14
2801,Aromatase_inactives_new_002801,mol_002801,22,22
2802,Aromatase_inactives_new_002802,mol_002802,26,26
2803,Aromatase_inactives_new_002803,mol_002803,24,25
2804,Aromatase_inactives_new_002804,mol_002804,26,26
2805,Aromatase_inactives_new_002805,mol_002805,33,32
2806,Aromatase_inactives_new_002806,mol_002806,68,67
2807,Aromatase_inactives_new_002807,mol_002807,55,54
2808,Aromatase_inactives_new_002808,mol_002808,57,56
2809,Aromatase_inactives_new_002809,mol_002809,77,76
2810,Aromatase_inactives_new_002810,mol_002810,16,16
2811,Aromatase_inactives_new_002811,mol_002811,17,17
2812,Aromatase_inactives_new_002812,mol_002812,23,24
2813,Aromatase_inactives_new_002813,mol_002813,22,23
2814,Aromatase_inactives_new_002814,mol_002814,17,16
2815,Aromatase_inactives_new_002815,mol_002815,35,34
2816,Aromatase_inactives_new_002816,mol_002816,41,40
2817,Aromatase_inactives_new_002817,mol_002817,25,26
2818,Aromatase_inactives_new_002818,mol_002818,15,14
2819,Aromatase_inactives_new_002819,mol_002819,41,41
2820,Aromatase_inactives_new_002820,mol_002820,30,30
2821,Aromatase_inactives_new_002821,mol_002821,36,35
2822,Aromatase_inactives_new_002822,mol_002822,36,36
2823,Aromatase_inactives_new_002823,mol_002823,70,69
2824,Aromatase_inactives_new_002824,mol_002824,41,42
2825,Aromatase_inactives_new_002825,mol_002825,42,41
2826,Aromatase_inactives_new_002826,mol_002826,25,26
2827,Aromatase_inactives_new_002827,mol_002827,17,18
2828,Aromatase_inactives_new_002828,mol_002828,17,17
2829,Aromatase_inactives_new_002829,mol_002829,37,38
2830,Aromatase_inactives_new_002830,mol_002830,33,33
2831,Aromatase_inactives_new_002831,mol_002831,25,26
2832,Aromatase_inactives_new_002832,mol_002832,14,14
2833,Aromatase_inactives_new_002833,mol_002833,24,24
2834,Aromatase_inactives_new_002834,mol_002834,19,18
2835,Aromatase_inactives_new_002835,mol_002835,24,24
2836,Aromatase_inactives_new_002836,mol_002836,24,24
2837,Aromatase_inactives_new_002837,mol_002837,45,46
2838,Aromatase_inactives_new_002838,mol_002838,39,40
2839,Aromatase_inactives_new_002839,mol_002839,42,41
2840,Aromatase_inactives_new_002840,mol_002840,16,16
2841,Aromatase_inactives_new_002841,mol_002841,28,28
2842,Aromatase_inactives_new_002842,mol_002842,14,14
2843,Aromatase_inactives_new_002843,mol_002843,11,11
2844,Aromatase_inactives_new_002844,mol_002844,26,26
2845,Aromatase_inactives_new_002845,mol_002845,26,26
2846,Aromatase_inactives_new_002846,mol_002846,53,55
2847,Aromatase_inactives_new_002847,mol_002847,42,45
2848,Aromatase_inactives_new_002848,mol_002848,26,26
2849,Aromatase_inactives_new_002849,mol_002849,35,34
2850,Aromatase_inactives_new_002850,mol_002850,19,19
2851,Aromatase_inactives_new_002851,mol_002851,51,54
2852,Aromatase_inactives_new_002852,mol_002852,33,32
2853,Aromatase_inactives_new_002853,mol_002853,51,53
2854,Aromatase_inactives_new_002854,mol_002854,30,31
2855,Aromatase_inactives_new_002855,mol_002855,30,32
2856,Aromatase_inactives_new_002856,mol_002856,36,37
2857,Aromatase_inactives_new_002857,mol_002857,33,34
2858,Aromatase_inactives_new_002858,mol_002858,52,51
2859,Aromatase_inactives_new_002859,mol_002859,16,15
2860,Aromatase_inactives_new_002860,mol_002860,20,20
2861,Aromatase_inactives_new_002861,mol_002861,54,55
2862,Aromatase_inactives_new_002862,mol_002862,124,126
2863,Aromatase_inactives_new_002863,mol_002863,10,9
2864,Aromatase_inactives_new_002864,mol_002864,16,16
2865,Aromatase_inactives_new_002865,mol_002865,32,31
2866,Aromatase_inactives_new_002866,mol_002866,45,45
2867,Aromatase_inactives_new_002867,mol_002867,45,42
2868,Aromatase_inactives_new_002868,mol_002868,21,20
2869,Aromatase_inactives_new_002869,mol_002869,13,12
2870,Aromatase_inactives_new_002870,mol_002870,83,86
2871,Aromatase_inactives_new_002871,mol_002871,25,25
2872,Aromatase_inactives_new_002872,mol_002872,45,45
2873,Aromatase_inactives_new_002873,mol_002873,22,23
2874,Aromatase_inactives_new_002874,mol_002874,23,24
2875,Aromatase_inactives_new_002875,mol_002875,55,57
2876,Aromatase_inactives_new_002876,mol_002876,77,77
2877,Aromatase_inactives_new_002877,mol_002877,26,26
2878,Aromatase_inactives_new_002878,mol_002878,50,54
2879,Aromatase_inactives_new_002879,mol_002879,33,32
2880,Aromatase_inactives_new_002880,mol_002880,15,14
2881,Aromatase_inactives_new_002881,mol_002881,59,61
2882,Aromatase_inactives_new_002882,mol_002882,32,32
2883,Aromatase_inactives_new_002883,mol_002883,18,17
2884,Aromatase_inactives_new_002884,mol_002884,14,14
2885,Aromatase_inactives_new_002885,mol_002885,41,43
2886,Aromatase_inactives_new_002886,mol_002886,20,20
2887,Aromatase_inactives_new_002887,mol_002887,40,43
2888,Aromatase_inactives_new_002888,mol_002888,80,85
2889,Aromatase_inactives_new_002889,mol_002889,51,54
2890,Aromatase_inactives_new_002890,mol_002890,26,27
2891,Aromatase_inactives_new_002891,mol_002891,22,23
2892,Aromatase_inactives_new_002892,mol_002892,83,82
2893,Aromatase_inactives_new_002893,mol_002893,35,37
2894,Aromatase_inactives_new_002894,mol_002894,78,78
2895,Aromatase_inactives_new_002895,mol_002895,43,44
2896,Aromatase_inactives_new_002896,mol_002896,45,45
2897,Aromatase_inactives_new_002897,mol_002897,46,49
2898,Aromatase_inactives_new_002898,mol_002898,14,14
2899,Aromatase_inactives_new_002899,mol_002899,13,13
2900,Aromatase_inactives_new_002900,mol_002900,26,27
2901,Aromatase_inactives_new_002901,mol_002901,66,65
2902,Aromatase_inactives_new_002902,mol_002902,23,23
2903,Aromatase_inactives_new_002903,mol_002903,52,53
2904,Aromatase_inactives_new_002904,mol_002904,3,0
2905,Aromatase_inactives_new_002905,mol_002905,40,39
2906,Aromatase_inactives_new_002906,mol_002906,44,45
2907,Aromatase_inactives_new_002907,mol_002907,22,23
2908,Aromatase_inactives_new_002908,mol_002908,36,38
2909,Aromatase_inactives_new_002909,mol_002909,26,25
2910,Aromatase_inactives_new_002910,mol_002910,12,11
2911,Aromatase_inactives_new_002911,mol_002911,25,28
2912,Aromatase_inactives_new_002912,mol_002912,20,19
2913,Aromatase_inactives_new_002913,mol_002913,63,66
2914,Aromatase_inactives_new_002914,mol_002914,23,22
2915,Aromatase_inactives_new_002915,mol_002915,49,51
2916,Aromatase_inactives_new_002916,mol_002916,17,16
2917,Aromatase_inactives_new_002917,mol_002917,80,79
2918,Aromatase_inactives_new_002918,mol_002918,72,72
2919,Aromatase_inactives_new_002919,mol_002919,47,48
2920,Aromatase_inactives_new_002920,mol_002920,19,19
2921,Aromatase_inactives_new_002921,mol_002921,28,29
2922,Aromatase_inactives_new_002922,mol_002922,66,66
2923,Aromatase_inactives_new_002923,mol_002923,26,25
2924,Aromatase_inactives_new_002924,mol_002924,40,39
2925,Aromatase_inactives_new_002925,mol_002925,38,37
2926,Aromatase_inactives_new_002926,mol_002926,36,37
2927,Aromatase_inactives_new_002927,mol_002927,52,52
2928,Aromatase_inactives_new_002928,mol_002928,36,35
2929,Aromatase_inactives_new_002929,mol_002929,62,64
2930,Aromatase_inactives_new_002930,mol_002930,37,37
2931,Aromatase_inactives_new_002931,mol_002931,32,31
2932,Aromatase_inactives_new_002932,mol_002932,41,42
2933,Aromatase_inactives_new_002933,mol_002933,14,14
2934,Aromatase_inactives_new_002934,mol_002934,13,13
2935,Aromatase_inactives_new_002935,mol_002935,36,37
2936,Aromatase_inactives_new_002936,mol_002936,16,17
2937,Aromatase_inactives_new_002937,mol_002937,27,28
2938,Aromatase_inactives_new_002938,mol_002938,48,51
2939,Aromatase_inactives_new_002939,mol_002939,33,34
2940,Aromatase_inactives_new_002940,mol_002940,33,34
2941,Aromatase_inactives_new_002941,mol_002941,36,35
2942,Aromatase_inactives_new_002942,mol_002942,38,37
2943,Aromatase_inactives_new_002943,mol_002943,24,25
2944,Aromatase_inactives_new_002944,mol_002944,20,21
2945,Aromatase_inactives_new_002945,mol_002945,19,19
2946,Aromatase_inactives_new_002946,mol_002946,29,30
2947,Aromatase_inactives_new_002947,mol_002947,32,31
2948,Aromatase_inactives_new_002948,mol_002948,44,43
2949,Aromatase_inactives_new_002949,mol_002949,32,32
2950,Aromatase_inactives_new_002950,mol_002950,44,45
2951,Aromatase_inactives_new_002951,mol_002951,48,48
2952,Aromatase_inactives_new_002952,mol_002952,66,66
2953,Aromatase_inactives_new_002953,mol_002953,20,20
2954,Aromatase_inactives_new_002954,mol_002954,27,28
2955,Aromatase_inactives_new_002955,mol_002955,26,28
2956,Aromatase_inactives_new_002956,mol_002956,30,32
2957,Aromatase_inactives_new_002957,mol_002957,76,77
2958,Aromatase_inactives_new_002958,mol_002958,40,41
2959,Aromatase_inactives_new_002959,mol_002959,38,41
2960,Aromatase_inactives_new_002960,mol_002960,19,19
2961,Aromatase_inactives_new_002961,mol_002961,16,16
2962,Aromatase_inactives_new_002962,mol_002962,20,20
2963,Aromatase_inactives_new_002963,mol_002963,27,28
2964,Aromatase_inactives_new_002964,mol_002964,31,33
2965,Aromatase_inactives_new_002965,mol_002965,77,76
2966,Aromatase_inactives_new_002966,mol_002966,25,23
2967,Aromatase_inactives_new_002967,mol_002967,22,20
2968,Aromatase_inactives_new_002968,mol_002968,6,4
2969,Aromatase_inactives_new_002969,mol_002969,45,45
2970,Aromatase_inactives_new_002970,mol_002970,4,2
2971,Aromatase_inactives_new_002971,mol_002971,13,11
2972,Aromatase_inactives_new_002972,mol_002972,25,24
2973,Aromatase_inactives_new_002973,mol_002973,26,25
2974,Aromatase_inactives_new_002974,mol_002974,39,39
2975,Aromatase_inactives_new_002975,mol_002975,18,19
2976,Aromatase_inactives_new_002976,mol_002976,12,12
2977,Aromatase_inactives_new_002977,mol_002977,22,18
2978,Aromatase_inactives_new_002978,mol_002978,8,7
2979,Aromatase_inactives_new_002979,mol_002979,20,19
2980,Aromatase_inactives_new_002980,mol_002980,30,31
2981,Aromatase_inactives_new_002981,mol_002981,39,38
2982,Aromatase_inactives_new_002982,mol_002982,37,36
2983,Aromatase_inactives_new_002983,mol_002983,48,47
2984,Aromatase_inactives_new_002984,mol_002984,17,16
2985,Aromatase_inactives_new_002985,mol_002985,24,23
2986,Aromatase_inactives_new_002986,mol_002986,20,21
2987,Aromatase_inactives_new_002987,mol_002987,20,21
2988,Aromatase_inactives_new_002988,mol_002988,22,24
2989,Aromatase_inactives_new_002989,mol_002989,17,18
2990,Aromatase_inactives_new_002990,mol_002990,9,9
2991,Aromatase_inactives_new_002991,mol_002991,22,21
2992,Aromatase_inactives_new_002992,mol_002992,23,22
2993,Aromatase_inactives_new_002993,mol_002993,46,47
2994,Aromatase_inactives_new_002994,mol_002994,56,57
2995,Aromatase_inactives_new_002995,mol_002995,20,19
2996,Aromatase_inactives_new_002996,mol_002996,30,30
2997,Aromatase_inactives_new_002997,mol_002997,56,55
2998,Aromatase_inactives_new_002998,mol_002998,39,40
2999,Aromatase_inactives_new_002999,mol_002999,28,27
3000,Aromatase_inactives_new_003000,mol_003000,52,55
3001,Aromatase_inactives_new_003001,mol_003001,36,36
3002,Aromatase_inactives_new_003002,mol_003002,21,22
3003,Aromatase_inactives_new_003003,mol_003003,41,41
3004,Aromatase_inactives_new_003004,mol_003004,20,20
3005,Aromatase_inactives_new_003005,mol_003005,38,39
3006,Aromatase_inactives_new_003006,mol_003006,38,39
3007,Aromatase_inactives_new_003007,mol_003007,31,31
3008,Aromatase_inactives_new_003008,mol_003008,19,19
3009,Aromatase_inactives_new_003009,mol_003009,47,49
3010,Aromatase_inactives_new_003010,mol_003010,17,17
3011,Aromatase_inactives_new_003011,mol_003011,16,16
3012,Aromatase_inactives_new_003012,mol_003012,15,15
3013,Aromatase_inactives_new_003013,mol_003013,17,17
3014,Aromatase_inactives_new_003014,mol_003014,28,29
3015,Aromatase_inactives_new_003015,mol_003015,33,32
3016,Aromatase_inactives_new_003016,mol_003016,25,24
3017,Aromatase_inactives_new_003017,mol_003017,30,29
3018,Aromatase_inactives_new_003018,mol_003018,48,47
3019,Aromatase_inactives_new_003019,mol_003019,42,41
3020,Aromatase_inactives_new_003020,mol_003020,20,19
3021,Aromatase_inactives_new_003021,mol_003021,35,35
3022,Aromatase_inactives_new_003022,mol_003022,33,34
3023,Aromatase_inactives_new_003023,mol_003023,41,40
3024,Aromatase_inactives_new_003024,mol_003024,37,36
3025,Aromatase_inactives_new_003025,mol_003025,33,32
3026,Aromatase_inactives_new_003026,mol_003026,50,52
3027,Aromatase_inactives_new_003027,mol_003027,7,5
3028,Aromatase_inactives_new_003028,mol_003028,64,65
3029,Aromatase_inactives_new_003029,mol_003029,24,23
3030,Aromatase_inactives_new_003030,mol_003030,18,18
3031,Aromatase_inactives_new_003031,mol_003031,9,6
3032,Aromatase_inactives_new_003032,mol_003032,24,24
3033,Aromatase_inactives_new_003033,mol_003033,7,6
3034,Aromatase_inactives_new_003034,mol_003034,26,26
3035,Aromatase_inactives_new_003035,mol_003035,19,19
3036,Aromatase_inactives_new_003036,mol_003036,16,16
3037,Aromatase_inactives_new_003037,mol_003037,24,24
3038,Aromatase_inactives_new_003038,mol_003038,31,33
3039,Aromatase_inactives_new_003039,mol_003039,117,121
3040,Aromatase_inactives_new_003040,mol_003040,41,43
3041,Aromatase_inactives_new_003041,mol_003041,26,27
3042,Aromatase_inactives_new_003042,mol_003042,34,33
3043,Aromatase_inactives_new_003043,mol_003043,36,35
3044,Aromatase_inactives_new_003044,mol_003044,19,19
3045,Aromatase_inactives_new_003045,mol_003045,23,23
3046,Aromatase_inactives_new_003046,mol_003046,44,45
3047,Aromatase_inactives_new_003047,mol_003047,18,17
3048,Aromatase_inactives_new_003048,mol_003048,37,36
3049,Aromatase_inactives_new_003049,mol_003049,35,35
3050,Aromatase_inactives_new_003050,mol_003050,35,35
3051,Aromatase_inactives_new_003051,mol_003051,37,36
3052,Aromatase_inactives_new_003052,mol_003052,23,22
3053,Aromatase_inactives_new_003053,mol_003053,12,12
3054,Aromatase_inactives_new_003054,mol_003054,12,12
3055,Aromatase_inactives_new_003055,mol_003055,53,55
3056,Aromatase_inactives_new_003056,mol_003056,24,25
3057,Aromatase_inactives_new_003057,mol_003057,18,18
3058,Aromatase_inactives_new_003058,mol_003058,17,17
3059,Aromatase_inactives_new_003059,mol_003059,34,35
3060,Aromatase_inactives_new_003060,mol_003060,15,15
3061,Aromatase_inactives_new_003061,mol_003061,22,22
3062,Aromatase_inactives_new_003062,mol_003062,18,12
3063,Aromatase_inactives_new_003063,mol_003063,65,62
3064,Aromatase_inactives_new_003064,mol_003064,126,132
3065,Aromatase_inactives_new_003065,mol_003065,19,18
3066,Aromatase_inactives_new_003066,mol_003066,17,17
3067,Aromatase_inactives_new_003067,mol_003067,17,17
3068,Aromatase_inactives_new_003068,mol_003068,19,19
3069,Aromatase_inactives_new_003069,mol_003069,24,23
3070,Aromatase_inactives_new_003070,mol_003070,23,23
3071,Aromatase_inactives_new_003071,mol_003071,16,16
3072,Aromatase_inactives_new_003072,mol_003072,60,59
3073,Aromatase_inactives_new_003073,mol_003073,24,24
3074,Aromatase_inactives_new_003074,mol_003074,35,37
3075,Aromatase_inactives_new_003075,mol_003075,24,24
3076,Aromatase_inactives_new_003076,mol_003076,28,29
3077,Aromatase_inactives_new_003077,mol_003077,33,34
3078,Aromatase_inactives_new_003078,mol_003078,51,53
3079,Aromatase_inactives_new_003079,mol_003079,29,30
3080,Aromatase_inactives_new_003080,mol_003080,50,49
3081,Aromatase_inactives_new_003081,mol_003081,38,39
3082,Aromatase_inactives_new_003082,mol_003082,12,11
3083,Aromatase_inactives_new_003083,mol_003083,31,32
3084,Aromatase_inactives_new_003084,mol_003084,29,28
3085,Aromatase_inactives_new_003085,mol_003085,19,20
3086,Aromatase_inactives_new_003086,mol_003086,25,27
3087,Aromatase_inactives_new_003087,mol_003087,31,33
3088,Aromatase_inactives_new_003088,mol_003088,43,45
3089,Aromatase_inactives_new_003089,mol_003089,33,33
3090,Aromatase_inactives_new_003090,mol_003090,41,43
3091,Aromatase_inactives_new_003091,mol_003091,20,20
3092,Aromatase_inactives_new_003092,mol_003092,11,11
3093,Aromatase_inactives_new_003093,mol_003093,54,54
3094,Aromatase_inactives_new_003094,mol_003094,16,16
3095,Aromatase_inactives_new_003095,mol_003095,13,13
3096,Aromatase_inactives_new_003096,mol_003096,20,20
3097,Aromatase_inactives_new_003097,mol_003097,42,44
3098,Aromatase_inactives_new_003098,mol_003098,17,18
3099,Aromatase_inactives_new_003099,mol_003099,23,24
3100,Aromatase_inactives_new_003100,mol_003100,14,15
3101,Aromatase_inactives_new_003101,mol_003101,52,55
3102,Aromatase_inactives_new_003102,mol_003102,49,48
3103,Aromatase_inactives_new_003103,mol_003103,24,24
3104,Aromatase_inactives_new_003104,mol_003104,31,31
3105,Aromatase_inactives_new_003105,mol_003105,22,22
3106,Aromatase_inactives_new_003106,mol_003106,13,13
3107,Aromatase_inactives_new_003107,mol_003107,28,27
3108,Aromatase_inactives_new_003108,mol_003108,58,59
3109,Aromatase_inactives_new_003109,mol_003109,30,28
3110,Aromatase_inactives_new_003110,mol_003110,29,28
3111,Aromatase_inactives_new_003111,mol_003111,31,29
3112,Aromatase_inactives_new_003112,mol_003112,27,25
3113,Aromatase_inactives_new_003113,mol_003113,30,28
3114,Aromatase_inactives_new_003114,mol_003114,26,25
3115,Aromatase_inactives_new_003115,mol_003115,34,31
3116,Aromatase_inactives_new_003116,mol_003116,19,18
3117,Aromatase_inactives_new_003117,mol_003117,28,27
3118,Aromatase_inactives_new_003118,mol_003118,20,19
3119,Aromatase_inactives_new_003119,mol_003119,42,43
3120,Aromatase_inactives_new_003120,mol_003120,15,12
3121,Aromatase_inactives_new_003121,mol_003121,4,2
3122,Aromatase_inactives_new_003122,mol_003122,43,42
3123,Aromatase_inactives_new_003123,mol_003123,43,42
3124,Aromatase_inactives_new_003124,mol_003124,49,49
3125,Aromatase_inactives_new_003125,mol_003125,6,3
3126,Aromatase_inactives_new_003126,mol_003126,18,15
3127,Aromatase_inactives_new_003127,mol_003127,39,39
3128,Aromatase_inactives_new_003128,mol_003128,11,9
3129,Aromatase_inactives_new_003129,mol_003129,37,35
3130,Aromatase_inactives_new_003130,mol_003130,55,53
3131,Aromatase_inactives_new_003131,mol_003131,20,19
3132,Aromatase_inactives_new_003132,mol_003132,22,21
3133,Aromatase_inactives_new_003133,mol_003133,41,41
3134,Aromatase_inactives_new_003134,mol_003134,40,41
3135,Aromatase_inactives_new_003135,mol_003135,16,15
3136,Aromatase_inactives_new_003136,mol_003136,48,49
3137,Aromatase_inactives_new_003137,mol_003137,42,40
3138,Aromatase_inactives_new_003138,mol_003138,17,14
3139,Aromatase_inactives_new_003139,mol_003139,12,10
3140,Aromatase_inactives_new_003140,mol_003140,39,39
3141,Aromatase_inactives_new_003141,mol_003141,39,39
3142,Aromatase_inactives_new_003142,mol_003142,17,18
3143,Aromatase_inactives_new_003143,mol_003143,14,14
3144,Aromatase_inactives_new_003144,mol_003144,10,9
3145,Aromatase_inactives_new_003145,mol_003145,13,12
3146,Aromatase_inactives_new_003146,mol_003146,15,12
3147,Aromatase_inactives_new_003147,mol_003147,20,20
3148,Aromatase_inactives_new_003148,mol_003148,47,48
3149,Aromatase_inactives_new_003149,mol_003149,24,24
3150,Aromatase_inactives_new_003150,mol_003150,14,15
3151,Aromatase_inactives_new_003151,mol_003151,23,24
3152,Aromatase_inactives_new_003152,mol_003152,53,52
3153,Aromatase_inactives_new_003153,mol_003153,5,4
3154,Aromatase_inactives_new_003154,mol_003154,14,13
3155,Aromatase_inactives_new_003155,mol_003155,62,61
3156,Aromatase_inactives_new_003156,mol_003156,36,35
3157,Aromatase_inactives_new_003157,mol_003157,28,28
3158,Aromatase_inactives_new_003158,mol_003158,41,40
3159,Aromatase_inactives_new_003159,mol_003159,34,33
3160,Aromatase_inactives_new_003160,mol_003160,43,42
3161,Aromatase_inactives_new_003161,mol_003161,27,26
3162,Aromatase_inactives_new_003162,mol_003162,39,38
3163,Aromatase_inactives_new_003163,mol_003163,21,20
3164,Aromatase_inactives_new_003164,mol_003164,42,41
3165,Aromatase_inactives_new_003165,mol_003165,20,20
3166,Aromatase_inactives_new_003166,mol_003166,10,9
3167,Aromatase_inactives_new_003167,mol_003167,34,35
3168,Aromatase_inactives_new_003168,mol_003168,22,24
3169,Aromatase_inactives_new_003169,mol_003169,17,18
3170,Aromatase_inactives_new_003170,mol_003170,14,15
3171,Aromatase_inactives_new_003171,mol_003171,36,36
3172,Aromatase_inactives_new_003172,mol_003172,24,26
3173,Aromatase_inactives_new_003173,mol_003173,24,26
3174,Aromatase_inactives_new_003174,mol_003174,34,39
3175,Aromatase_inactives_new_003175,mol_003175,44,46
3176,Aromatase_inactives_new_003176,mol_003176,17,17
3177,Aromatase_inactives_new_003177,mol_003177,20,19
3178,Aromatase_inactives_new_003178,mol_003178,40,39
3179,Aromatase_inactives_new_003179,mol_003179,34,34
3180,Aromatase_inactives_new_003180,mol_003180,12,11
3181,Aromatase_inactives_new_003181,mol_003181,49,51
3182,Aromatase_inactives_new_003182,mol_003182,28,27
3183,Aromatase_inactives_new_003183,mol_003183,27,26
3184,Aromatase_inactives_new_003184,mol_003184,40,40
3185,Aromatase_inactives_new_003185,mol_003185,28,28
3186,Aromatase_inactives_new_003186,mol_003186,31,31
3187,Aromatase_inactives_new_003187,mol_003187,25,25
3188,Aromatase_inactives_new_003188,mol_003188,28,27
3189,Aromatase_inactives_new_003189,mol_003189,54,53
3190,Aromatase_inactives_new_003190,mol_003190,36,35
3191,Aromatase_inactives_new_003191,mol_003191,18,17
3192,Aromatase_inactives_new_003192,mol_003192,33,32
3193,Aromatase_inactives_new_003193,mol_003193,14,13
3194,Aromatase_inactives_new_003194,mol_003194,29,29
3195,Aromatase_inactives_new_003195,mol_003195,26,26
3196,Aromatase_inactives_new_003196,mol_003196,21,20
3197,Aromatase_inactives_new_003197,mol_003197,22,21
3198,Aromatase_inactives_new_003198,mol_003198,78,78
3199,Aromatase_inactives_new_003199,mol_003199,34,34
3200,Aromatase_inactives_new_003200,mol_003200,31,30
3201,Aromatase_inactives_new_003201,mol_003201,75,70
3202,Aromatase_inactives_new_003202,mol_003202,35,34
3203,Aromatase_inactives_new_003203,mol_003203,53,52
3204,Aromatase_inactives_new_003204,mol_003204,12,11
3205,Aromatase_inactives_new_003205,mol_003205,16,15
3206,Aromatase_inactives_new_003206,mol_003206,16,15
3207,Aromatase_inactives_new_003207,mol_003207,19,18
3208,Aromatase_inactives_new_003208,mol_003208,11,10
3209,Aromatase_inactives_new_003209,mol_003209,15,14
3210,Aromatase_inactives_new_003210,mol_003210,52,51
3211,Aromatase_inactives_new_003211,mol_003211,52,51
3212,Aromatase_inactives_new_003212,mol_003212,23,23
3213,Aromatase_inactives_new_003213,mol_003213,37,38
3214,Aromatase_inactives_new_003214,mol_003214,26,26
3215,Aromatase_inactives_new_003215,mol_003215,21,22
3216,Aromatase_inactives_new_003216,mol_003216,11,10
3217,Aromatase_inactives_new_003217,mol_003217,22,23
3218,Aromatase_inactives_new_003218,mol_003218,40,42
3219,Aromatase_inactives_new_003219,mol_003219,24,24
3220,Aromatase_inactives_new_003220,mol_003220,40,40
3221,Aromatase_inactives_new_003221,mol_003221,15,15
3222,Aromatase_inactives_new_003222,mol_003222,21,21
3223,Aromatase_inactives_new_003223,mol_003223,17,17
3224,Aromatase_inactives_new_003224,mol_003224,42,43
3225,Aromatase_inactives_new_003225,mol_003225,20,20
3226,Aromatase_inactives_new_003226,mol_003226,20,21
3227,Aromatase_inactives_new_003227,mol_003227,19,20
3228,Aromatase_inactives_new_003228,mol_003228,17,17
3229,Aromatase_inactives_new_003229,mol_003229,17,17
3230,Aromatase_inactives_new_003230,mol_003230,14,14
3231,Aromatase_inactives_new_003231,mol_003231,14,14
3232,Aromatase_inactives_new_003232,mol_003232,14,14
3233,Aromatase_inactives_new_003233,mol_003233,21,21
3234,Aromatase_inactives_new_003234,mol_003234,18,18
3235,Aromatase_inactives_new_003235,mol_003235,86,87
3236,Aromatase_inactives_new_003236,mol_003236,36,37
3237,Aromatase_inactives_new_003237,mol_003237,35,36
3238,Aromatase_inactives_new_003238,mol_003238,28,29
3239,Aromatase_inactives_new_003239,mol_003239,47,46
3240,Aromatase_inactives_new_003240,mol_003240,37,37
3241,Aromatase_inactives_new_003241,mol_003241,25,24
3242,Aromatase_inactives_new_003242,mol_003242,21,21
3243,Aromatase_inactives_new_003243,mol_003243,26,26
3244,Aromatase_inactives_new_003244,mol_003244,54,55
3245,Aromatase_inactives_new_003245,mol_003245,25,24
3246,Aromatase_inactives_new_003246,mol_003246,80,79
3247,Aromatase_inactives_new_003247,mol_003247,25,24
3248,Aromatase_inactives_new_003248,mol_003248,30,29
3249,Aromatase_inactives_new_003249,mol_003249,38,37
3250,Aromatase_inactives_new_003250,mol_003250,36,35
3251,Aromatase_inactives_new_003251,mol_003251,45,44
3252,Aromatase_inactives_new_003252,mol_003252,47,47
3253,Aromatase_inactives_new_003253,mol_003253,21,20
3254,Aromatase_inactives_new_003254,mol_003254,16,15
3255,Aromatase_inactives_new_003255,mol_003255,30,29
3256,Aromatase_inactives_new_003256,mol_003256,23,22
3257,Aromatase_inactives_new_003257,mol_003257,62,61
3258,Aromatase_inactives_new_003258,mol_003258,72,71
3259,Aromatase_inactives_new_003259,mol_003259,44,43
3260,Aromatase_inactives_new_003260,mol_003260,26,26
3261,Aromatase_inactives_new_003261,mol_003261,20,19
3262,Aromatase_inactives_new_003262,mol_003262,22,22
3263,Aromatase_inactives_new_003263,mol_003263,56,58
3264,Aromatase_inactives_new_003264,mol_003264,26,26
3265,Aromatase_inactives_new_003265,mol_003265,26,25
3266,Aromatase_inactives_new_003266,mol_003266,15,14
3267,Aromatase_inactives_new_003267,mol_003267,33,32
3268,Aromatase_inactives_new_003268,mol_003268,42,43
3269,Aromatase_inactives_new_003269,mol_003269,21,19
3270,Aromatase_inactives_new_003270,mol_003270,39,39
3271,Aromatase_inactives_new_003271,mol_003271,39,40
3272,Aromatase_inactives_new_003272,mol_003272,49,49
3273,Aromatase_inactives_new_003273,mol_003273,16,15
3274,Aromatase_inactives_new_003274,mol_003274,27,26
3275,Aromatase_inactives_new_003275,mol_003275,54,56
3276,Aromatase_inactives_new_003276,mol_003276,34,33
3277,Aromatase_inactives_new_003277,mol_003277,3,2
3278,Aromatase_inactives_new_003278,mol_003278,24,23
3279,Aromatase_inactives_new_003279,mol_003279,28,27
3280,Aromatase_inactives_new_003280,mol_003280,6,5
3281,Aromatase_inactives_new_003281,mol_003281,15,15
3282,Aromatase_inactives_new_003282,mol_003282,12,12
3283,Aromatase_inactives_new_003283,mol_003283,12,12
3284,Aromatase_inactives_new_003284,mol_003284,11,11
3285,Aromatase_inactives_new_003285,mol_003285,14,14
3286,Aromatase_inactives_new_003286,mol_003286,16,16
3287,Aromatase_inactives_new_003287,mol_003287,17,17
3288,Aromatase_inactives_new_003288,mol_003288,18,18
3289,Aromatase_inactives_new_003289,mol_003289,25,25
3290,Aromatase_inactives_new_003290,mol_003290,25,25
3291,Aromatase_inactives_new_003291,mol_003291,27,27
3292,Aromatase_inactives_new_003292,mol_003292,26,26
3293,Aromatase_inactives_new_003293,mol_003293,12,12
3294,Aromatase_inactives_new_003294,mol_003294,14,14
3295,Aromatase_inactives_new_003295,mol_003295,25,25
3296,Aromatase_inactives_new_003296,mol_003296,38,38
3297,Aromatase_inactives_new_003297,mol_003297,22,22
3298,Aromatase_inactives_new_003298,mol_003298,28,29
3299,Aromatase_inactives_new_003299,mol_003299,26,27
3300,Aromatase_inactives_new_003300,mol_003300,15,15
3301,Aromatase_inactives_new_003301,mol_003301,12,12
3302,Aromatase_inactives_new_003302,mol_003302,10,10
3303,Aromatase_inactives_new_003303,mol_003303,29,29
3304,Aromatase_inactives_new_003304,mol_003304,22,23
3305,Aromatase_inactives_new_003305,mol_003305,29,30
3306,Aromatase_inactives_new_003306,mol_003306,40,41
3307,Aromatase_inactives_new_003307,mol_003307,23,24
3308,Aromatase_inactives_new_003308,mol_003308,30,31
3309,Aromatase_inactives_new_003309,mol_003309,32,34
3310,Aromatase_inactives_new_003310,mol_003310,64,66
3311,Aromatase_inactives_new_003311,mol_003311,6,5
3312,Aromatase_inactives_new_003312,mol_003312,15,15
3313,Aromatase_inactives_new_003313,mol_003313,6,5
3314,Aromatase_inactives_new_003314,mol_003314,121,123
3315,Aromatase_inactives_new_003315,mol_003315,15,14
3316,Aromatase_inactives_new_003316,mol_003316,24,23
3317,Aromatase_inactives_new_003317,mol_003317,17,16
3318,Aromatase_inactives_new_003318,mol_003318,31,30
3319,Aromatase_inactives_new_003319,mol_003319,11,10
3320,Aromatase_inactives_new_003320,mol_003320,81,83
3321,Aromatase_inactives_new_003321,mol_003321,21,20
3322,Aromatase_inactives_new_003322,mol_003322,18,17
3323,Aromatase_inactives_new_003323,mol_003323,21,21
3324,Aromatase_inactives_new_003324,mol_003324,24,24
3325,Aromatase_inactives_new_003325,mol_003325,25,24
3326,Aromatase_inactives_new_003326,mol_003326,26,26
3327,Aromatase_inactives_new_003327,mol_003327,22,22
3328,Aromatase_inactives_new_003328,mol_003328,32,32
3329,Aromatase_inactives_new_003329,mol_003329,55,57
3330,Aromatase_inactives_new_003330,mol_003330,39,40
3331,Aromatase_inactives_new_003331,mol_003331,26,25
3332,Aromatase_inactives_new_003332,mol_003332,9,8
3333,Aromatase_inactives_new_003333,mol_003333,34,33
3334,Aromatase_inactives_new_003334,mol_003334,71,73
3335,Aromatase_inactives_new_003335,mol_003335,12,12
3336,Aromatase_inactives_new_003336,mol_003336,38,40
3337,Aromatase_inactives_new_003337,mol_003337,16,16
3338,Aromatase_inactives_new_003338,mol_003338,19,20
3339,Aromatase_inactives_new_003339,mol_003339,12,11
3340,Aromatase_inactives_new_003340,mol_003340,14,14
3341,Aromatase_inactives_new_003341,mol_003341,15,14
3342,Aromatase_inactives_new_003342,mol_003342,13,12
3343,Aromatase_inactives_new_003343,mol_003343,10,9
3344,Aromatase_inactives_new_003344,mol_003344,8,7
3345,Aromatase_inactives_new_003345,mol_003345,18,18
3346,Aromatase_inactives_new_003346,mol_003346,25,25
3347,Aromatase_inactives_new_003347,mol_003347,14,14
3348,Aromatase_inactives_new_003348,mol_003348,18,18
3349,Aromatase_inactives_new_003349,mol_003349,21,21
3350,Aromatase_inactives_new_003350,mol_003350,27,28
3351,Aromatase_inactives_new_003351,mol_003351,13,13
3352,Aromatase_inactives_new_003352,mol_003352,12,12
3353,Aromatase_inactives_new_003353,mol_003353,22,23
3354,Aromatase_inactives_new_003354,mol_003354,36,38
3355,Aromatase_inactives_new_003355,mol_003355,17,16
3356,Aromatase_inactives_new_003356,mol_003356,74,74
3357,Aromatase_inactives_new_003357,mol_003357,19,19
3358,Aromatase_inactives_new_003358,mol_003358,19,19
3359,Aromatase_inactives_new_003359,mol_003359,17,17
3360,Aromatase_inactives_new_003360,mol_003360,16,16
3361,Aromatase_inactives_new_003361,mol_003361,20,20
3362,Aromatase_inactives_new_003362,mol_003362,16,16
3363,Aromatase_inactives_new_003363,mol_003363,60,59
3364,Aromatase_inactives_new_003364,mol_003364,26,27
3365,Aromatase_inactives_new_003365,mol_003365,35,36
3366,Aromatase_inactives_new_003366,mol_003366,22,22
3367,Aromatase_inactives_new_003367,mol_003367,18,18
3368,Aromatase_inactives_new_003368,mol_003368,22,21
3369,Aromatase_inactives_new_003369,mol_003369,65,53
3370,Aromatase_inactives_new_003370,mol_003370,26,25
3371,Aromatase_inactives_new_003371,mol_003371,27,26
3372,Aromatase_inactives_new_003372,mol_003372,29,28
3373,Aromatase_inactives_new_003373,mol_003373,39,39
3374,Aromatase_inactives_new_003374,mol_003374,32,31
3375,Aromatase_inactives_new_003375,mol_003375,21,20
3376,Aromatase_inactives_new_003376,mol_003376,23,23
3377,Aromatase_inactives_new_003377,mol_003377,58,57
3378,Aromatase_inactives_new_003378,mol_003378,54,56
3379,Aromatase_inactives_new_003379,mol_003379,37,40
3380,Aromatase_inactives_new_003380,mol_003380,32,33
3381,Aromatase_inactives_new_003381,mol_003381,30,30
3382,Aromatase_inactives_new_003382,mol_003382,44,44
3383,Aromatase_inactives_new_003383,mol_003383,42,43
3384,Aromatase_inactives_new_003384,mol_003384,17,17
3385,Aromatase_inactives_new_003385,mol_003385,15,14
3386,Aromatase_inactives_new_003386,mol_003386,64,64
3387,Aromatase_inactives_new_003387,mol_003387,18,19
3388,Aromatase_inactives_new_003388,mol_003388,15,15
3389,Aromatase_inactives_new_003389,mol_003389,26,25
3390,Aromatase_inactives_new_003390,mol_003390,15,14
3391,Aromatase_inactives_new_003391,mol_003391,52,56
3392,Aromatase_inactives_new_003392,mol_003392,31,31
3393,Aromatase_inactives_new_003393,mol_003393,36,38
3394,Aromatase_inactives_new_003394,mol_003394,30,31
3395,Aromatase_inactives_new_003395,mol_003395,23,23
3396,Aromatase_inactives_new_003396,mol_003396,84,84
3397,Aromatase_inactives_new_003397,mol_003397,49,48
3398,Aromatase_inactives_new_003398,mol_003398,24,23
3399,Aromatase_inactives_new_003399,mol_003399,29,30
3400,Aromatase_inactives_new_003400,mol_003400,33,33
3401,Aromatase_inactives_new_003401,mol_003401,14,14
3402,Aromatase_inactives_new_003402,mol_003402,30,30
3403,Aromatase_inactives_new_003403,mol_003403,37,37
3404,Aromatase_inactives_new_003404,mol_003404,27,28
3405,Aromatase_inactives_new_003405,mol_003405,25,25
3406,Aromatase_inactives_new_003406,mol_003406,32,33
3407,Aromatase_inactives_new_003407,mol_003407,27,27
3408,Aromatase_inactives_new_003408,mol_003408,16,17
3409,Aromatase_inactives_new_003409,mol_003409,28,29
3410,Aromatase_inactives_new_003410,mol_003410,15,16
3411,Aromatase_inactives_new_003411,mol_003411,17,18
3412,Aromatase_inactives_new_003412,mol_003412,27,27
3413,Aromatase_inactives_new_003413,mol_003413,23,24
3414,Aromatase_inactives_new_003414,mol_003414,29,30
3415,Aromatase_inactives_new_003415,mol_003415,34,35
3416,Aromatase_inactives_new_003416,mol_003416,35,36
3417,Aromatase_inactives_new_003417,mol_003417,22,24
3418,Aromatase_inactives_new_003418,mol_003418,41,44
3419,Aromatase_inactives_new_003419,mol_003419,26,27
3420,Aromatase_inactives_new_003420,mol_003420,11,11
3421,Aromatase_inactives_new_003421,mol_003421,17,17
3422,Aromatase_inactives_new_003422,mol_003422,14,13
3423,Aromatase_inactives_new_003423,mol_003423,13,12
3424,Aromatase_inactives_new_003424,mol_003424,20,20
3425,Aromatase_inactives_new_003425,mol_003425,16,16
3426,Aromatase_inactives_new_003426,mol_003426,57,59
3427,Aromatase_inactives_new_003427,mol_003427,25,24
3428,Aromatase_inactives_new_003428,mol_003428,51,50
3429,Aromatase_inactives_new_003429,mol_003429,25,26
3430,Aromatase_inactives_new_003430,mol_003430,37,38
3431,Aromatase_inactives_new_003431,mol_003431,45,44
3432,Aromatase_inactives_new_003432,mol_003432,19,18
3433,Aromatase_inactives_new_003433,mol_003433,15,15
3434,Aromatase_inactives_new_003434,mol_003434,16,16
3435,Aromatase_inactives_new_003435,mol_003435,26,27
3436,Aromatase_inactives_new_003436,mol_003436,20,20
3437,Aromatase_inactives_new_003437,mol_003437,46,46
3438,Aromatase_inactives_new_003438,mol_003438,20,20
3439,Aromatase_inactives_new_003439,mol_003439,21,21
3440,Aromatase_inactives_new_003440,mol_003440,34,34
3441,Aromatase_inactives_new_003441,mol_003441,35,36
3442,Aromatase_inactives_new_003442,mol_003442,22,22
3443,Aromatase_inactives_new_003443,mol_003443,17,17
3444,Aromatase_inactives_new_003444,mol_003444,32,32
3445,Aromatase_inactives_new_003445,mol_003445,20,20
3446,Aromatase_inactives_new_003446,mol_003446,27,29
3447,Aromatase_inactives_new_003447,mol_003447,42,45
3448,Aromatase_inactives_new_003448,mol_003448,22,22
3449,Aromatase_inactives_new_003449,mol_003449,17,16
3450,Aromatase_inactives_new_003450,mol_003450,24,24
3451,Aromatase_inactives_new_003451,mol_003451,21,20
3452,Aromatase_inactives_new_003452,mol_003452,40,39
3453,Aromatase_inactives_new_003453,mol_003453,31,30
3454,Aromatase_inactives_new_003454,mol_003454,34,33
3455,Aromatase_inactives_new_003455,mol_003455,18,17
3456,Aromatase_inactives_new_003456,mol_003456,33,33
3457,Aromatase_inactives_new_003457,mol_003457,43,44
3458,Aromatase_inactives_new_003458,mol_003458,28,27
3459,Aromatase_inactives_new_003459,mol_003459,35,36
3460,Aromatase_inactives_new_003460,mol_003460,19,19
3461,Aromatase_inactives_new_003461,mol_003461,2,1
3462,Aromatase_inactives_new_003462,mol_003462,9,6
3463,Aromatase_inactives_new_003463,mol_003463,25,24
3464,Aromatase_inactives_new_003464,mol_003464,28,27
3465,Aromatase_inactives_new_003465,mol_003465,34,33
3466,Aromatase_inactives_new_003466,mol_003466,105,109
3467,Aromatase_inactives_new_003467,mol_003467,28,27
3468,Aromatase_inactives_new_003468,mol_003468,28,27
3469,Aromatase_inactives_new_003469,mol_003469,28,27
3470,Aromatase_inactives_new_003470,mol_003470,20,19
3471,Aromatase_inactives_new_003471,mol_003471,29,28
3472,Aromatase_inactives_new_003472,mol_003472,4,0
3473,Aromatase_inactives_new_003473,mol_003473,4,0
3474,Aromatase_inactives_new_003474,mol_003474,6,4
3475,Aromatase_inactives_new_003475,mol_003475,34,33
3476,Aromatase_inactives_new_003476,mol_003476,53,56
3477,Aromatase_inactives_new_003477,mol_003477,26,25
3478,Aromatase_inactives_new_003478,mol_003478,26,25
3479,Aromatase_inactives_new_003479,mol_003479,29,28
3480,Aromatase_inactives_new_003480,mol_003480,2,1
3481,Aromatase_inactives_new_003481,mol_003481,12,9
3482,Aromatase_inactives_new_003482,mol_003482,5,3
3483,Aromatase_inactives_new_003483,mol_003483,6,4
3484,Aromatase_inactives_new_003484,mol_003484,15,14
3485,Aromatase_inactives_new_003485,mol_003485,15,14
3486,Aromatase_inactives_new_003486,mol_003486,24,22
3487,Aromatase_inactives_new_003487,mol_003487,28,27
3488,Aromatase_inactives_new_003488,mol_003488,22,21
3489,Aromatase_inactives_new_003489,mol_003489,20,16
3490,Aromatase_inactives_new_003490,mol_003490,15,12
3491,Aromatase_inactives_new_003491,mol_003491,8,7
3492,Aromatase_inactives_new_003492,mol_003492,50,51
3493,Aromatase_inactives_new_003493,mol_003493,7,4
3494,Aromatase_inactives_new_003494,mol_003494,39,39
3495,Aromatase_inactives_new_003495,mol_003495,5,3
3496,Aromatase_inactives_new_003496,mol_003496,15,14
3497,Aromatase_inactives_new_003497,mol_003497,69,71
3498,Aromatase_inactives_new_003498,mol_003498,8,6
3499,Aromatase_inactives_new_003499,mol_003499,39,40
3500,Aromatase_inactives_new_003500,mol_003500,28,29
3501,Aromatase_inactives_new_003501,mol_003501,30,31
3502,Aromatase_inactives_new_003502,mol_003502,24,22
3503,Aromatase_inactives_new_003503,mol_003503,7,5
3504,Aromatase_inactives_new_003504,mol_003504,9,7
3505,Aromatase_inactives_new_003505,mol_003505,4,2
3506,Aromatase_inactives_new_003506,mol_003506,37,37
3507,Aromatase_inactives_new_003507,mol_003507,49,47
3508,Aromatase_inactives_new_003508,mol_003508,19,18
3509,Aromatase_inactives_new_003509,mol_003509,16,14
3510,Aromatase_inactives_new_003510,mol_003510,12,11
3511,Aromatase_inactives_new_003511,mol_003511,36,36
3512,Aromatase_inactives_new_003512,mol_003512,25,23
3513,Aromatase_inactives_new_003513,mol_003513,45,45
3514,Aromatase_inactives_new_003514,mol_003514,48,47
3515,Aromatase_inactives_new_003515,mol_003515,18,17
3516,Aromatase_inactives_new_003516,mol_003516,24,23
3517,Aromatase_inactives_new_003517,mol_003517,20,19
3518,Aromatase_inactives_new_003518,mol_003518,17,16
3519,Aromatase_inactives_new_003519,mol_003519,9,7
3520,Aromatase_inactives_new_003520,mol_003520,9,7
3521,Aromatase_inactives_new_003521,mol_003521,27,28
3522,Aromatase_inactives_new_003522,mol_003522,43,43
3523,Aromatase_inactives_new_003523,mol_003523,18,17
3524,Aromatase_inactives_new_003524,mol_003524,39,39
3525,Aromatase_inactives_new_003525,mol_003525,36,36
3526,Aromatase_inactives_new_003526,mol_003526,27,28
3527,Aromatase_inactives_new_003527,mol_003527,20,21
3528,Aromatase_inactives_new_003528,mol_003528,22,23
3529,Aromatase_inactives_new_003529,mol_003529,20,21
3530,Aromatase_inactives_new_003530,mol_003530,10,9
3531,Aromatase_inactives_new_003531,mol_003531,11,10
3532,Aromatase_inactives_new_003532,mol_003532,12,12
3533,Aromatase_inactives_new_003533,mol_003533,41,44
3534,Aromatase_inactives_new_003534,mol_003534,15,15
3535,Aromatase_inactives_new_003535,mol_003535,6,5
3536,Aromatase_inactives_new_003536,mol_003536,11,10
3537,Aromatase_inactives_new_003537,mol_003537,8,7
3538,Aromatase_inactives_new_003538,mol_003538,5,4
3539,Aromatase_inactives_new_003539,mol_003539,8,7
3540,Aromatase_inactives_new_003540,mol_003540,12,11
3541,Aromatase_inactives_new_003541,mol_003541,12,12
3542,Aromatase_inactives_new_003542,mol_003542,37,39
3543,Aromatase_inactives_new_003543,mol_003543,8,7
3544,Aromatase_inactives_new_003544,mol_003544,15,15
3545,Aromatase_inactives_new_003545,mol_003545,15,15
3546,Aromatase_inactives_new_003546,mol_003546,10,10
3547,Aromatase_inactives_new_003547,mol_003547,8,7
3548,Aromatase_inactives_new_003548,mol_003548,41,40
3549,Aromatase_inactives_new_003549,mol_003549,44,43
3550,Aromatase_inactives_new_003550,mol_003550,14,13
3551,Aromatase_inactives_new_003551,mol_003551,23,22
3552,Aromatase_inactives_new_003552,mol_003552,12,11
3553,Aromatase_inactives_new_003553,mol_003553,12,11
3554,Aromatase_inactives_new_003554,mol_003554,16,15
3555,Aromatase_inactives_new_003555,mol_003555,28,29
3556,Aromatase_inactives_new_003556,mol_003556,19,18
3557,Aromatase_inactives_new_003557,mol_003557,39,38
3558,Aromatase_inactives_new_003558,mol_003558,34,33
3559,Aromatase_inactives_new_003559,mol_003559,42,41
3560,Aromatase_inactives_new_003560,mol_003560,28,27
3561,Aromatase_inactives_new_003561,mol_003561,27,26
3562,Aromatase_inactives_new_003562,mol_003562,27,26
3563,Aromatase_inactives_new_003563,mol_003563,37,36
3564,Aromatase_inactives_new_003564,mol_003564,28,27
3565,Aromatase_inactives_new_003565,mol_003565,33,32
3566,Aromatase_inactives_new_003566,mol_003566,37,36
3567,Aromatase_inactives_new_003567,mol_003567,10,9
3568,Aromatase_inactives_new_003568,mol_003568,20,19
3569,Aromatase_inactives_new_003569,mol_003569,29,28
3570,Aromatase_inactives_new_003570,mol_003570,34,33
3571,Aromatase_inactives_new_003571,mol_003571,29,28
3572,Aromatase_inactives_new_003572,mol_003572,42,41
3573,Aromatase_inactives_new_003573,mol_003573,28,28
3574,Aromatase_inactives_new_003574,mol_003574,31,31
3575,Aromatase_inactives_new_003575,mol_003575,9,8
3576,Aromatase_inactives_new_003576,mol_003576,7,6
3577,Aromatase_inactives_new_003577,mol_003577,7,6
3578,Aromatase_inactives_new_003578,mol_003578,19,18
3579,Aromatase_inactives_new_003579,mol_003579,42,41
3580,Aromatase_inactives_new_003580,mol_003580,51,50
3581,Aromatase_inactives_new_003581,mol_003581,66,65
3582,Aromatase_inactives_new_003582,mol_003582,20,19
3583,Aromatase_inactives_new_003583,mol_003583,14,13
3584,Aromatase_inactives_new_003584,mol_003584,12,11
3585,Aromatase_inactives_new_003585,mol_003585,21,20
3586,Aromatase_inactives_new_003586,mol_003586,39,38
3587,Aromatase_inactives_new_003587,mol_003587,15,14
3588,Aromatase_inactives_new_003588,mol_003588,18,17
3589,Aromatase_inactives_new_003589,mol_003589,18,17
3590,Aromatase_inactives_new_003590,mol_003590,25,24
3591,Aromatase_inactives_new_003591,mol_003591,11,10
3592,Aromatase_inactives_new_003592,mol_003592,21,22
3593,Aromatase_inactives_new_003593,mol_003593,15,14
3594,Aromatase_inactives_new_003594,mol_003594,16,15
3595,Aromatase_inactives_new_003595,mol_003595,9,8
3596,Aromatase_inactives_new_003596,mol_003596,25,24
3597,Aromatase_inactives_new_003597,mol_003597,10,9
3598,Aromatase_inactives_new_003598,mol_003598,4,3
3599,Aromatase_inactives_new_003599,mol_003599,14,14
3600,Aromatase_inactives_new_003600,mol_003600,22,23
3601,Aromatase_inactives_new_003601,mol_003601,27,28
3602,Aromatase_inactives_new_003602,mol_003602,28,29
3603,Aromatase_inactives_new_003603,mol_003603,22,23
3604,Aromatase_inactives_new_003604,mol_003604,21,22
3605,Aromatase_inactives_new_003605,mol_003605,17,18
3606,Aromatase_inactives_new_003606,mol_003606,15,16
3607,Aromatase_inactives_new_003607,mol_003607,12,12
3608,Aromatase_inactives_new_003608,mol_003608,20,21
3609,Aromatase_inactives_new_003609,mol_003609,10,10
3610,Aromatase_inactives_new_003610,mol_003610,16,16
3611,Aromatase_inactives_new_003611,mol_003611,9,9
3612,Aromatase_inactives_new_003612,mol_003612,11,11
3613,Aromatase_inactives_new_003613,mol_003613,14,14
3614,Aromatase_inactives_new_003614,mol_003614,22,24
3615,Aromatase_inactives_new_003615,mol_003615,8,8
3616,Aromatase_inactives_new_003616,mol_003616,21,22
3617,Aromatase_inactives_new_003617,mol_003617,25,25
3618,Aromatase_inactives_new_003618,mol_003618,24,23
3619,Aromatase_inactives_new_003619,mol_003619,20,20
3620,Aromatase_inactives_new_003620,mol_003620,26,26
3621,Aromatase_inactives_new_003621,mol_003621,21,21
3622,Aromatase_inactives_new_003622,mol_003622,13,12
3623,Aromatase_inactives_new_003623,mol_003623,21,21
3624,Aromatase_inactives_new_003624,mol_003624,17,17
3625,Aromatase_inactives_new_003625,mol_003625,33,34
3626,Aromatase_inactives_new_003626,mol_003626,16,15
3627,Aromatase_inactives_new_003627,mol_003627,33,34
3628,Aromatase_inactives_new_003628,mol_003628,24,24
3629,Aromatase_inactives_new_003629,mol_003629,14,13
3630,Aromatase_inactives_new_003630,mol_003630,23,22
3631,Aromatase_inactives_new_003631,mol_003631,15,14
3632,Aromatase_inactives_new_003632,mol_003632,24,25
3633,Aromatase_inactives_new_003633,mol_003633,44,43
3634,Aromatase_inactives_new_003634,mol_003634,20,19
3635,Aromatase_inactives_new_003635,mol_003635,28,27
3636,Aromatase_inactives_new_003636,mol_003636,33,32
3637,Aromatase_inactives_new_003637,mol_003637,17,16
3638,Aromatase_inactives_new_003638,mol_003638,24,23
3639,Aromatase_inactives_new_003639,mol_003639,26,26
3640,Aromatase_inactives_new_003640,mol_003640,35,36
3641,Aromatase_inactives_new_003641,mol_003641,20,19
3642,Aromatase_inactives_new_003642,mol_003642,36,35
3643,Aromatase_inactives_new_003643,mol_003643,25,24
3644,Aromatase_inactives_new_003644,mol_003644,17,16
3645,Aromatase_inactives_new_003645,mol_003645,23,23
3646,Aromatase_inactives_new_003646,mol_003646,43,42
3647,Aromatase_inactives_new_003647,mol_003647,21,20
3648,Aromatase_inactives_new_003648,mol_003648,13,12
3649,Aromatase_inactives_new_003649,mol_003649,33,32
3650,Aromatase_inactives_new_003650,mol_003650,19,18
3651,Aromatase_inactives_new_003651,mol_003651,17,16
3652,Aromatase_inactives_new_003652,mol_003652,30,29
3653,Aromatase_inactives_new_003653,mol_003653,10,9
3654,Aromatase_inactives_new_003654,mol_003654,16,15
3655,Aromatase_inactives_new_003655,mol_003655,16,15
3656,Aromatase_inactives_new_003656,mol_003656,28,28
3657,Aromatase_inactives_new_003657,mol_003657,30,30
3658,Aromatase_inactives_new_003658,mol_003658,28,27
3659,Aromatase_inactives_new_003659,mol_003659,28,27
3660,Aromatase_inactives_new_003660,mol_003660,37,36
3661,Aromatase_inactives_new_003661,mol_003661,96,96
3662,Aromatase_inactives_new_003662,mol_003662,21,20
3663,Aromatase_inactives_new_003663,mol_003663,24,24
3664,Aromatase_inactives_new_003664,mol_003664,34,33
3665,Aromatase_inactives_new_003665,mol_003665,75,76
3666,Aromatase_inactives_new_003666,mol_003666,33,32
3667,Aromatase_inactives_new_003667,mol_003667,33,32
3668,Aromatase_inactives_new_003668,mol_003668,68,67
3669,Aromatase_inactives_new_003669,mol_003669,27,27
3670,Aromatase_inactives_new_003670,mol_003670,19,18
3671,Aromatase_inactives_new_003671,mol_003671,26,25
3672,Aromatase_inactives_new_003672,mol_003672,19,18
3673,Aromatase_inactives_new_003673,mol_003673,29,28
3674,Aromatase_inactives_new_003674,mol_003674,35,35
3675,Aromatase_inactives_new_003675,mol_003675,41,41
3676,Aromatase_inactives_new_003676,mol_003676,34,33
3677,Aromatase_inactives_new_003677,mol_003677,20,20
3678,Aromatase_inactives_new_003678,mol_003678,29,28
3679,Aromatase_inactives_new_003679,mol_003679,17,16
3680,Aromatase_inactives_new_003680,mol_003680,26,25
3681,Aromatase_inactives_new_003681,mol_003681,24,23
3682,Aromatase_inactives_new_003682,mol_003682,14,13
3683,Aromatase_inactives_new_003683,mol_003683,20,19
3684,Aromatase_inactives_new_003684,mol_003684,23,23
3685,Aromatase_inactives_new_003685,mol_003685,41,41
3686,Aromatase_inactives_new_003686,mol_003686,9,8
3687,Aromatase_inactives_new_003687,mol_003687,17,16
3688,Aromatase_inactives_new_003688,mol_003688,16,15
3689,Aromatase_inactives_new_003689,mol_003689,34,33
3690,Aromatase_inactives_new_003690,mol_003690,34,33
3691,Aromatase_inactives_new_003691,mol_003691,16,15
3692,Aromatase_inactives_new_003692,mol_003692,19,18
3693,Aromatase_inactives_new_003693,mol_003693,39,39
3694,Aromatase_inactives_new_003694,mol_003694,20,19
3695,Aromatase_inactives_new_003695,mol_003695,16,15
3696,Aromatase_inactives_new_003696,mol_003696,17,16
3697,Aromatase_inactives_new_003697,mol_003697,26,25
3698,Aromatase_inactives_new_003698,mol_003698,13,12
3699,Aromatase_inactives_new_003699,mol_003699,28,27
3700,Aromatase_inactives_new_003700,mol_003700,22,23
3701,Aromatase_inactives_new_003701,mol_003701,17,17
3702,Aromatase_inactives_new_003702,mol_003702,21,21
3703,Aromatase_inactives_new_003703,mol_003703,28,28
3704,Aromatase_inactives_new_003704,mol_003704,33,33
3705,Aromatase_inactives_new_003705,mol_003705,34,34
3706,Aromatase_inactives_new_003706,mol_003706,37,37
3707,Aromatase_inactives_new_003707,mol_003707,40,39
3708,Aromatase_inactives_new_003708,mol_003708,25,25
3709,Aromatase_inactives_new_003709,mol_003709,26,26
3710,Aromatase_inactives_new_003710,mol_003710,26,26
3711,Aromatase_inactives_new_003711,mol_003711,23,23
3712,Aromatase_inactives_new_003712,mol_003712,24,25
3713,Aromatase_inactives_new_003713,mol_003713,26,26
3714,Aromatase_inactives_new_003714,mol_003714,15,15
3715,Aromatase_inactives_new_003715,mol_003715,21,21
3716,Aromatase_inactives_new_003716,mol_003716,41,41
3717,Aromatase_inactives_new_003717,mol_003717,17,17
3718,Aromatase_inactives_new_003718,mol_003718,13,13
3719,Aromatase_inactives_new_003719,mol_003719,19,19
3720,Aromatase_inactives_new_003720,mol_003720,40,40
3721,Aromatase_inactives_new_003721,mol_003721,32,31
3722,Aromatase_inactives_new_003722,mol_003722,24,25
3723,Aromatase_inactives_new_003723,mol_003723,19,19
3724,Aromatase_inactives_new_003724,mol_003724,36,36
3725,Aromatase_inactives_new_003725,mol_003725,17,17
3726,Aromatase_inactives_new_003726,mol_003726,25,25
3727,Aromatase_inactives_new_003727,mol_003727,20,20
3728,Aromatase_inactives_new_003728,mol_003728,21,21
3729,Aromatase_inactives_new_003729,mol_003729,19,19
3730,Aromatase_inactives_new_003730,mol_003730,16,16
3731,Aromatase_inactives_new_003731,mol_003731,19,19
3732,Aromatase_inactives_new_003732,mol_003732,24,25
3733,Aromatase_inactives_new_003733,mol_003733,21,22
3734,Aromatase_inactives_new_003734,mol_003734,20,21
3735,Aromatase_inactives_new_003735,mol_003735,20,21
3736,Aromatase_inactives_new_003736,mol_003736,20,20
3737,Aromatase_inactives_new_003737,mol_003737,20,22
3738,Aromatase_inactives_new_003738,mol_003738,17,17
3739,Aromatase_inactives_new_003739,mol_003739,17,17
3740,Aromatase_inactives_new_003740,mol_003740,16,16
3741,Aromatase_inactives_new_003741,mol_003741,20,20
3742,Aromatase_inactives_new_003742,mol_003742,16,16
3743,Aromatase_inactives_new_003743,mol_003743,14,14
3744,Aromatase_inactives_new_003744,mol_003744,32,34
3745,Aromatase_inactives_new_003745,mol_003745,11,11
3746,Aromatase_inactives_new_003746,mol_003746,44,45
3747,Aromatase_inactives_new_003747,mol_003747,26,27
3748,Aromatase_inactives_new_003748,mol_003748,25,26
3749,Aromatase_inactives_new_003749,mol_003749,27,28
3750,Aromatase_inactives_new_003750,mol_003750,26,27
3751,Aromatase_inactives_new_003751,mol_003751,26,27
3752,Aromatase_inactives_new_003752,mol_003752,26,27
3753,Aromatase_inactives_new_003753,mol_003753,20,21
3754,Aromatase_inactives_new_003754,mol_003754,24,25
3755,Aromatase_inactives_new_003755,mol_003755,21,22
3756,Aromatase_inactives_new_003756,mol_003756,41,42
3757,Aromatase_inactives_new_003757,mol_003757,42,43
3758,Aromatase_inactives_new_003758,mol_003758,27,28
3759,Aromatase_inactives_new_003759,mol_003759,19,18
3760,Aromatase_inactives_new_003760,mol_003760,20,19
3761,Aromatase_inactives_new_003761,mol_003761,32,32
3762,Aromatase_inactives_new_003762,mol_003762,31,30
3763,Aromatase_inactives_new_003763,mol_003763,21,20
3764,Aromatase_inactives_new_003764,mol_003764,43,42
3765,Aromatase_inactives_new_003765,mol_003765,13,12
3766,Aromatase_inactives_new_003766,mol_003766,33,33
3767,Aromatase_inactives_new_003767,mol_003767,45,44
3768,Aromatase_inactives_new_003768,mol_003768,30,31
3769,Aromatase_inactives_new_003769,mol_003769,19,19
3770,Aromatase_inactives_new_003770,mol_003770,19,19
3771,Aromatase_inactives_new_003771,mol_003771,19,19
3772,Aromatase_inactives_new_003772,mol_003772,23,23
3773,Aromatase_inactives_new_003773,mol_003773,26,26
3774,Aromatase_inactives_new_003774,mol_003774,20,20
3775,Aromatase_inactives_new_003775,mol_003775,22,22
3776,Aromatase_inactives_new_003776,mol_003776,16,15
3777,Aromatase_inactives_new_003777,mol_003777,17,16
3778,Aromatase_inactives_new_003778,mol_003778,36,36
3779,Aromatase_inactives_new_003779,mol_003779,20,19
3780,Aromatase_inactives_new_003780,mol_003780,45,44
3781,Aromatase_inactives_new_003781,mol_003781,21,21
3782,Aromatase_inactives_new_003782,mol_003782,17,16
3783,Aromatase_inactives_new_003783,mol_003783,19,18
3784,Aromatase_inactives_new_003784,mol_003784,19,18
3785,Aromatase_inactives_new_003785,mol_003785,23,22
3786,Aromatase_inactives_new_003786,mol_003786,22,21
3787,Aromatase_inactives_new_003787,mol_003787,24,23
3788,Aromatase_inactives_new_003788,mol_003788,29,28
3789,Aromatase_inactives_new_003789,mol_003789,32,31
3790,Aromatase_inactives_new_003790,mol_003790,48,47
3791,Aromatase_inactives_new_003791,mol_003791,49,49
3792,Aromatase_inactives_new_003792,mol_003792,54,53
3793,Aromatase_inactives_new_003793,mol_003793,39,38
3794,Aromatase_inactives_new_003794,mol_003794,39,38
3795,Aromatase_inactives_new_003795,mol_003795,26,25
3796,Aromatase_inactives_new_003796,mol_003796,25,24
3797,Aromatase_inactives_new_003797,mol_003797,20,19
3798,Aromatase_inactives_new_003798,mol_003798,22,21
3799,Aromatase_inactives_new_003799,mol_003799,21,20
3800,Aromatase_inactives_new_003800,mol_003800,14,13
3801,Aromatase_inactives_new_003801,mol_003801,18,17
3802,Aromatase_inactives_new_003802,mol_003802,35,34
3803,Aromatase_inactives_new_003803,mol_003803,31,30
3804,Aromatase_inactives_new_003804,mol_003804,33,32
3805,Aromatase_inactives_new_003805,mol_003805,33,32
3806,Aromatase_inactives_new_003806,mol_003806,36,35
3807,Aromatase_inactives_new_003807,mol_003807,23,23
3808,Aromatase_inactives_new_003808,mol_003808,23,23
3809,Aromatase_inactives_new_003809,mol_003809,22,21
3810,Aromatase_inactives_new_003810,mol_003810,72,71
3811,Aromatase_inactives_new_003811,mol_003811,34,33
3812,Aromatase_inactives_new_003812,mol_003812,32,31
3813,Aromatase_inactives_new_003813,mol_003813,40,39
3814,Aromatase_inactives_new_003814,mol_003814,15,14
3815,Aromatase_inactives_new_003815,mol_003815,23,22
3816,Aromatase_inactives_new_003816,mol_003816,19,18
3817,Aromatase_inactives_new_003817,mol_003817,14,13
3818,Aromatase_inactives_new_003818,mol_003818,26,26
3819,Aromatase_inactives_new_003819,mol_003819,17,16
3820,Aromatase_inactives_new_003820,mol_003820,27,27
3821,Aromatase_inactives_new_003821,mol_003821,24,23
3822,Aromatase_inactives_new_003822,mol_003822,20,19
3823,Aromatase_inactives_new_003823,mol_003823,23,23
3824,Aromatase_inactives_new_003824,mol_003824,16,15
3825,Aromatase_inactives_new_003825,mol_003825,30,29
3826,Aromatase_inactives_new_003826,mol_003826,32,31
3827,Aromatase_inactives_new_003827,mol_003827,26,27
3828,Aromatase_inactives_new_003828,mol_003828,32,31
3829,Aromatase_inactives_new_003829,mol_003829,40,40
3830,Aromatase_inactives_new_003830,mol_003830,25,25
3831,Aromatase_inactives_new_003831,mol_003831,21,21
3832,Aromatase_inactives_new_003832,mol_003832,23,23
3833,Aromatase_inactives_new_003833,mol_003833,25,24
3834,Aromatase_inactives_new_003834,mol_003834,29,28
3835,Aromatase_inactives_new_003835,mol_003835,33,32
3836,Aromatase_inactives_new_003836,mol_003836,34,34
3837,Aromatase_inactives_new_003837,mol_003837,37,36
3838,Aromatase_inactives_new_003838,mol_003838,25,24
3839,Aromatase_inactives_new_003839,mol_003839,37,36
3840,Aromatase_inactives_new_003840,mol_003840,56,58
3841,Aromatase_inactives_new_003841,mol_003841,20,18
3842,Aromatase_inactives_new_003842,mol_003842,36,35
3843,Aromatase_inactives_new_003843,mol_003843,20,18
3844,Aromatase_inactives_new_003844,mol_003844,16,15
3845,Aromatase_inactives_new_003845,mol_003845,16,15
3846,Aromatase_inactives_new_003846,mol_003846,16,15
3847,Aromatase_inactives_new_003847,mol_003847,22,21
3848,Aromatase_inactives_new_003848,mol_003848,36,35
3849,Aromatase_inactives_new_003849,mol_003849,31,31
3850,Aromatase_inactives_new_003850,mol_003850,45,47
3851,Aromatase_inactives_new_003851,mol_003851,14,14
3852,Aromatase_inactives_new_003852,mol_003852,6,5
3853,Aromatase_inactives_new_003853,mol_003853,6,5
3854,Aromatase_inactives_new_003854,mol_003854,14,14
3855,Aromatase_inactives_new_003855,mol_003855,5,4
3856,Aromatase_inactives_new_003856,mol_003856,6,5
3857,Aromatase_inactives_new_003857,mol_003857,5,4
3858,Aromatase_inactives_new_003858,mol_003858,12,11
3859,Aromatase_inactives_new_003859,mol_003859,16,16
3860,Aromatase_inactives_new_003860,mol_003860,15,15
3861,Aromatase_inactives_new_003861,mol_003861,16,16
3862,Aromatase_inactives_new_003862,mol_003862,22,22
3863,Aromatase_inactives_new_003863,mol_003863,14,14
3864,Aromatase_inactives_new_003864,mol_003864,12,12
3865,Aromatase_inactives_new_003865,mol_003865,12,12
3866,Aromatase_inactives_new_003866,mol_003866,11,11
3867,Aromatase_inactives_new_003867,mol_003867,18,18
3868,Aromatase_inactives_new_003868,mol_003868,37,37
3869,Aromatase_inactives_new_003869,mol_003869,14,14
3870,Aromatase_inactives_new_003870,mol_003870,13,13
3871,Aromatase_inactives_new_003871,mol_003871,18,18
3872,Aromatase_inactives_new_003872,mol_003872,19,19
3873,Aromatase_inactives_new_003873,mol_003873,12,12
3874,Aromatase_inactives_new_003874,mol_003874,14,14
3875,Aromatase_inactives_new_003875,mol_003875,41,43
3876,Aromatase_inactives_new_003876,mol_003876,24,24
3877,Aromatase_inactives_new_003877,mol_003877,14,14
3878,Aromatase_inactives_new_003878,mol_003878,34,34
3879,Aromatase_inactives_new_003879,mol_003879,26,26
3880,Aromatase_inactives_new_003880,mol_003880,24,24
3881,Aromatase_inactives_new_003881,mol_003881,18,19
3882,Aromatase_inactives_new_003882,mol_003882,15,16
3883,Aromatase_inactives_new_003883,mol_003883,12,12
3884,Aromatase_inactives_new_003884,mol_003884,15,15
3885,Aromatase_inactives_new_003885,mol_003885,12,12
3886,Aromatase_inactives_new_003886,mol_003886,12,12
3887,Aromatase_inactives_new_003887,mol_003887,31,31
3888,Aromatase_inactives_new_003888,mol_003888,29,29
3889,Aromatase_inactives_new_003889,mol_003889,28,28
3890,Aromatase_inactives_new_003890,mol_003890,25,25
3891,Aromatase_inactives_new_003891,mol_003891,23,24
3892,Aromatase_inactives_new_003892,mol_003892,32,33
3893,Aromatase_inactives_new_003893,mol_003893,32,33
3894,Aromatase_inactives_new_003894,mol_003894,38,39
3895,Aromatase_inactives_new_003895,mol_003895,30,31
3896,Aromatase_inactives_new_003896,mol_003896,24,26
3897,Aromatase_inactives_new_003897,mol_003897,30,31
3898,Aromatase_inactives_new_003898,mol_003898,28,29
3899,Aromatase_inactives_new_003899,mol_003899,14,13
3900,Aromatase_inactives_new_003900,mol_003900,24,24
3901,Aromatase_inactives_new_003901,mol_003901,7,6
3902,Aromatase_inactives_new_003902,mol_003902,12,11
3903,Aromatase_inactives_new_003903,mol_003903,21,20
3904,Aromatase_inactives_new_003904,mol_003904,17,16
3905,Aromatase_inactives_new_003905,mol_003905,15,14
3906,Aromatase_inactives_new_003906,mol_003906,34,35
3907,Aromatase_inactives_new_003907,mol_003907,22,22
3908,Aromatase_inactives_new_003908,mol_003908,27,27
3909,Aromatase_inactives_new_003909,mol_003909,23,23
3910,Aromatase_inactives_new_003910,mol_003910,27,26
3911,Aromatase_inactives_new_003911,mol_003911,23,22
3912,Aromatase_inactives_new_003912,mol_003912,11,10
3913,Aromatase_inactives_new_003913,mol_003913,29,28
3914,Aromatase_inactives_new_003914,mol_003914,22,22
3915,Aromatase_inactives_new_003915,mol_003915,25,26
3916,Aromatase_inactives_new_003916,mol_003916,95,98
3917,Aromatase_inactives_new_003917,mol_003917,44,46
3918,Aromatase_inactives_new_003918,mol_003918,42,45
3919,Aromatase_inactives_new_003919,mol_003919,27,26
3920,Aromatase_inactives_new_003920,mol_003920,28,28
3921,Aromatase_inactives_new_003921,mol_003921,30,30
3922,Aromatase_inactives_new_003922,mol_003922,38,38
3923,Aromatase_inactives_new_003923,mol_003923,35,34
3924,Aromatase_inactives_new_003924,mol_003924,36,35
3925,Aromatase_inactives_new_003925,mol_003925,36,35
3926,Aromatase_inactives_new_003926,mol_003926,19,19
3927,Aromatase_inactives_new_003927,mol_003927,27,27
3928,Aromatase_inactives_new_003928,mol_003928,22,22
3929,Aromatase_inactives_new_003929,mol_003929,18,18
3930,Aromatase_inactives_new_003930,mol_003930,23,23
3931,Aromatase_inactives_new_003931,mol_003931,25,25
3932,Aromatase_inactives_new_003932,mol_003932,20,20
3933,Aromatase_inactives_new_003933,mol_003933,22,22
3934,Aromatase_inactives_new_003934,mol_003934,20,20
3935,Aromatase_inactives_new_003935,mol_003935,20,20
3936,Aromatase_inactives_new_003936,mol_003936,20,21
3937,Aromatase_inactives_new_003937,mol_003937,25,25
3938,Aromatase_inactives_new_003938,mol_003938,35,35
3939,Aromatase_inactives_new_003939,mol_003939,35,35
3940,Aromatase_inactives_new_003940,mol_003940,42,41
3941,Aromatase_inactives_new_003941,mol_003941,23,22
3942,Aromatase_inactives_new_003942,mol_003942,37,36
3943,Aromatase_inactives_new_003943,mol_003943,38,37
3944,Aromatase_inactives_new_003944,mol_003944,16,15
3945,Aromatase_inactives_new_003945,mol_003945,26,27
3946,Aromatase_inactives_new_003946,mol_003946,16,16
3947,Aromatase_inactives_new_003947,mol_003947,38,38
3948,Aromatase_inactives_new_003948,mol_003948,29,28
3949,Aromatase_inactives_new_003949,mol_003949,24,23
3950,Aromatase_inactives_new_003950,mol_003950,17,17
3951,Aromatase_inactives_new_003951,mol_003951,31,32
3952,Aromatase_inactives_new_003952,mol_003952,19,19
3953,Aromatase_inactives_new_003953,mol_003953,9,8
3954,Aromatase_inactives_new_003954,mol_003954,9,8
3955,Aromatase_inactives_new_003955,mol_003955,12,12
3956,Aromatase_inactives_new_003956,mol_003956,12,12
3957,Aromatase_inactives_new_003957,mol_003957,14,14
3958,Aromatase_inactives_new_003958,mol_003958,14,14
3959,Aromatase_inactives_new_003959,mol_003959,8,7
3960,Aromatase_inactives_new_003960,mol_003960,10,9
3961,Aromatase_inactives_new_003961,mol_003961,24,23
3962,Aromatase_inactives_new_003962,mol_003962,13,12
3963,Aromatase_inactives_new_003963,mol_003963,16,16
3964,Aromatase_inactives_new_003964,mol_003964,16,16
3965,Aromatase_inactives_new_003965,mol_003965,9,8
3966,Aromatase_inactives_new_003966,mol_003966,24,23
3967,Aromatase_inactives_new_003967,mol_003967,17,16
3968,Aromatase_inactives_new_003968,mol_003968,28,27
3969,Aromatase_inactives_new_003969,mol_003969,12,11
3970,Aromatase_inactives_new_003970,mol_003970,56,59
3971,Aromatase_inactives_new_003971,mol_003971,15,15
3972,Aromatase_inactives_new_003972,mol_003972,25,26
3973,Aromatase_inactives_new_003973,mol_003973,8,7
3974,Aromatase_inactives_new_003974,mol_003974,8,7
3975,Aromatase_inactives_new_003975,mol_003975,19,20
3976,Aromatase_inactives_new_003976,mol_003976,50,52
3977,Aromatase_inactives_new_003977,mol_003977,28,29
3978,Aromatase_inactives_new_003978,mol_003978,28,29
3979,Aromatase_inactives_new_003979,mol_003979,16,16
3980,Aromatase_inactives_new_003980,mol_003980,31,31
3981,Aromatase_inactives_new_003981,mol_003981,29,30
3982,Aromatase_inactives_new_003982,mol_003982,25,25
3983,Aromatase_inactives_new_003983,mol_003983,14,14
3984,Aromatase_inactives_new_003984,mol_003984,29,30
3985,Aromatase_inactives_new_003985,mol_003985,24,24
3986,Aromatase_inactives_new_003986,mol_003986,21,21
3987,Aromatase_inactives_new_003987,mol_003987,20,20
3988,Aromatase_inactives_new_003988,mol_003988,20,20
3989,Aromatase_inactives_new_003989,mol_003989,24,24
3990,Aromatase_inactives_new_003990,mol_003990,18,18
3991,Aromatase_inactives_new_003991,mol_003991,10,10
3992,Aromatase_inactives_new_003992,mol_003992,10,10
3993,Aromatase_inactives_new_003993,mol_003993,72,73
3994,Aromatase_inactives_new_003994,mol_003994,24,23
3995,Aromatase_inactives_new_003995,mol_003995,39,38
3996,Aromatase_inactives_new_003996,mol_003996,28,27
3997,Aromatase_inactives_new_003997,mol_003997,19,18
3998,Aromatase_inactives_new_003998,mol_003998,26,25
3999,Aromatase_inactives_new_003999,mol_003999,13,12
4000,Aromatase_inactives_new_004000,mol_004000,22,21
4001,Aromatase_inactives_new_004001,mol_004001,24,16
4002,Aromatase_inactives_new_004002,mol_004002,30,19
4003,Aromatase_inactives_new_004003,mol_004003,26,25
4004,Aromatase_inactives_new_004004,mol_004004,24,24
4005,Aromatase_inactives_new_004005,mol_004005,20,21
4006,Aromatase_inactives_new_004006,mol_004006,30,29
4007,Aromatase_inactives_new_004007,mol_004007,26,25
4008,Aromatase_inactives_new_004008,mol_004008,22,21
4009,Aromatase_inactives_new_004009,mol_004009,57,57
4010,Aromatase_inactives_new_004010,mol_004010,45,46
4011,Aromatase_inactives_new_004011,mol_004011,19,18
4012,Aromatase_inactives_new_004012,mol_004012,19,19
4013,Aromatase_inactives_new_004013,mol_004013,13,12
4014,Aromatase_inactives_new_004014,mol_004014,19,19
4015,Aromatase_inactives_new_004015,mol_004015,17,17
4016,Aromatase_inactives_new_004016,mol_004016,19,19
4017,Aromatase_inactives_new_004017,mol_004017,17,17
4018,Aromatase_inactives_new_004018,mol_004018,17,17
4019,Aromatase_inactives_new_004019,mol_004019,14,14
4020,Aromatase_inactives_new_004020,mol_004020,16,16
4021,Aromatase_inactives_new_004021,mol_004021,19,19
4022,Aromatase_inactives_new_004022,mol_004022,17,17
4023,Aromatase_inactives_new_004023,mol_004023,21,21
4024,Aromatase_inactives_new_004024,mol_004024,16,16
4025,Aromatase_inactives_new_004025,mol_004025,15,15
4026,Aromatase_inactives_new_004026,mol_004026,17,17
4027,Aromatase_inactives_new_004027,mol_004027,24,25
4028,Aromatase_inactives_new_004028,mol_004028,29,28
4029,Aromatase_inactives_new_004029,mol_004029,28,27
4030,Aromatase_inactives_new_004030,mol_004030,20,21
4031,Aromatase_inactives_new_004031,mol_004031,23,23
4032,Aromatase_inactives_new_004032,mol_004032,19,18
4033,Aromatase_inactives_new_004033,mol_004033,25,25
4034,Aromatase_inactives_new_004034,mol_004034,21,21
4035,Aromatase_inactives_new_004035,mol_004035,44,43
4036,Aromatase_inactives_new_004036,mol_004036,26,26
4037,Aromatase_inactives_new_004037,mol_004037,36,36
4038,Aromatase_inactives_new_004038,mol_004038,21,21
4039,Aromatase_inactives_new_004039,mol_004039,32,31
4040,Aromatase_inactives_new_004040,mol_004040,18,18
4041,Aromatase_inactives_new_004041,mol_004041,35,34
4042,Aromatase_inactives_new_004042,mol_004042,26,27
4043,Aromatase_inactives_new_004043,mol_004043,31,32
4044,Aromatase_inactives_new_004044,mol_004044,24,25
4045,Aromatase_inactives_new_004045,mol_004045,36,38
4046,Aromatase_inactives_new_004046,mol_004046,22,22
4047,Aromatase_inactives_new_004047,mol_004047,20,20
4048,Aromatase_inactives_new_004048,mol_004048,29,28
4049,Aromatase_inactives_new_004049,mol_004049,23,22
4050,Aromatase_inactives_new_004050,mol_004050,26,25
4051,Aromatase_inactives_new_004051,mol_004051,68,67
4052,Aromatase_inactives_new_004052,mol_004052,56,55
4053,Aromatase_inactives_new_004053,mol_004053,35,34
4054,Aromatase_inactives_new_004054,mol_004054,30,29
4055,Aromatase_inactives_new_004055,mol_004055,83,82
4056,Aromatase_inactives_new_004056,mol_004056,35,34
4057,Aromatase_inactives_new_004057,mol_004057,65,64
4058,Aromatase_inactives_new_004058,mol_004058,38,37
4059,Aromatase_inactives_new_004059,mol_004059,80,79
4060,Aromatase_inactives_new_004060,mol_004060,44,43
4061,Aromatase_inactives_new_004061,mol_004061,38,37
4062,Aromatase_inactives_new_004062,mol_004062,16,16
4063,Aromatase_inactives_new_004063,mol_004063,16,16
4064,Aromatase_inactives_new_004064,mol_004064,23,23
4065,Aromatase_inactives_new_004065,mol_004065,78,81
4066,Aromatase_inactives_new_004066,mol_004066,26,25
4067,Aromatase_inactives_new_004067,mol_004067,23,22
4068,Aromatase_inactives_new_004068,mol_004068,17,17
4069,Aromatase_inactives_new_004069,mol_004069,12,11
4070,Aromatase_inactives_new_004070,mol_004070,12,11
4071,Aromatase_inactives_new_004071,mol_004071,19,19
4072,Aromatase_inactives_new_004072,mol_004072,12,11
4073,Aromatase_inactives_new_004073,mol_004073,27,28
4074,Aromatase_inactives_new_004074,mol_004074,47,51
4075,Aromatase_inactives_new_004075,mol_004075,15,14
4076,Aromatase_inactives_new_004076,mol_004076,13,12
4077,Aromatase_inactives_new_004077,mol_004077,8,7
4078,Aromatase_inactives_new_004078,mol_004078,27,28
4079,Aromatase_inactives_new_004079,mol_004079,15,14
4080,Aromatase_inactives_new_004080,mol_004080,23,24
4081,Aromatase_inactives_new_004081,mol_004081,20,21
4082,Aromatase_inactives_new_004082,mol_004082,34,34
4083,Aromatase_inactives_new_004083,mol_004083,30,32
4084,Aromatase_inactives_new_004084,mol_004084,29,30
4085,Aromatase_inactives_new_004085,mol_004085,58,60
4086,Aromatase_inactives_new_004086,mol_004086,28,29
4087,Aromatase_inactives_new_004087,mol_004087,23,22
4088,Aromatase_inactives_new_004088,mol_004088,26,25
4089,Aromatase_inactives_new_004089,mol_004089,38,39
4090,Aromatase_inactives_new_004090,mol_004090,9,8
4091,Aromatase_inactives_new_004091,mol_004091,9,8
4092,Aromatase_inactives_new_004092,mol_004092,32,31
4093,Aromatase_inactives_new_004093,mol_004093,34,33
4094,Aromatase_inactives_new_004094,mol_004094,37,37
4095,Aromatase_inactives_new_004095,mol_004095,29,29
4096,Aromatase_inactives_new_004096,mol_004096,50,49
4097,Aromatase_inactives_new_004097,mol_004097,24,24
4098,Aromatase_inactives_new_004098,mol_004098,34,35
4099,Aromatase_inactives_new_004099,mol_004099,21,21
4100,Aromatase_inactives_new_004100,mol_004100,24,24
4101,Aromatase_inactives_new_004101,mol_004101,42,42
4102,Aromatase_inactives_new_004102,mol_004102,32,32
4103,Aromatase_inactives_new_004103,mol_004103,43,44
4104,Aromatase_inactives_new_004104,mol_004104,36,36
4105,Aromatase_inactives_new_004105,mol_004105,42,42
4106,Aromatase_inactives_new_004106,mol_004106,68,67
4107,Aromatase_inactives_new_004107,mol_004107,99,98
4108,Aromatase_inactives_new_004108,mol_004108,38,38
4109,Aromatase_inactives_new_004109,mol_004109,24,23
4110,Aromatase_inactives_new_004110,mol_004110,34,34
4111,Aromatase_inactives_new_004111,mol_004111,24,24
4112,Aromatase_inactives_new_004112,mol_004112,23,23
4113,Aromatase_inactives_new_004113,mol_004113,12,12
4114,Aromatase_inactives_new_004114,mol_004114,12,12
4115,Aromatase_inactives_new_004115,mol_004115,12,12
4116,Aromatase_inactives_new_004116,mol_004116,16,17
4117,Aromatase_inactives_new_004117,mol_004117,13,13
4118,Aromatase_inactives_new_004118,mol_004118,12,12
4119,Aromatase_inactives_new_004119,mol_004119,16,16
4120,Aromatase_inactives_new_004120,mol_004120,14,14
4121,Aromatase_inactives_new_004121,mol_004121,14,14
4122,Aromatase_inactives_new_004122,mol_004122,35,35
4123,Aromatase_inactives_new_004123,mol_004123,17,17
4124,Aromatase_inactives_new_004124,mol_004124,19,19
4125,Aromatase_inactives_new_004125,mol_004125,29,30
4126,Aromatase_inactives_new_004126,mol_004126,17,17
4127,Aromatase_inactives_new_004127,mol_004127,17,17
4128,Aromatase_inactives_new_004128,mol_004128,16,17
4129,Aromatase_inactives_new_004129,mol_004129,17,17
4130,Aromatase_inactives_new_004130,mol_004130,15,16
4131,Aromatase_inactives_new_004131,mol_004131,27,27
4132,Aromatase_inactives_new_004132,mol_004132,16,17
4133,Aromatase_inactives_new_004133,mol_004133,12,12
4134,Aromatase_inactives_new_004134,mol_004134,20,20
4135,Aromatase_inactives_new_004135,mol_004135,17,18
4136,Aromatase_inactives_new_004136,mol_004136,17,17
4137,Aromatase_inactives_new_004137,mol_004137,46,48
4138,Aromatase_inactives_new_004138,mol_004138,23,24
4139,Aromatase_inactives_new_004139,mol_004139,26,27
4140,Aromatase_inactives_new_004140,mol_004140,26,28
4141,Aromatase_inactives_new_004141,mol_004141,19,20
4142,Aromatase_inactives_new_004142,mol_004142,23,24
4143,Aromatase_inactives_new_004143,mol_004143,47,50
4144,Aromatase_inactives_new_004144,mol_004144,47,50
4145,Aromatase_inactives_new_004145,mol_004145,50,52
4146,Aromatase_inactives_new_004146,mol_004146,17,18
4147,Aromatase_inactives_new_004147,mol_004147,23,25
4148,Aromatase_inactives_new_004148,mol_004148,18,20
4149,Aromatase_inactives_new_004149,mol_004149,22,24
4150,Aromatase_inactives_new_004150,mol_004150,30,33
4151,Aromatase_inactives_new_004151,mol_004151,29,31
4152,Aromatase_inactives_new_004152,mol_004152,33,33
4153,Aromatase_inactives_new_004153,mol_004153,14,14
4154,Aromatase_inactives_new_004154,mol_004154,14,14
4155,Aromatase_inactives_new_004155,mol_004155,15,15
4156,Aromatase_inactives_new_004156,mol_004156,20,20
4157,Aromatase_inactives_new_004157,mol_004157,22,22
4158,Aromatase_inactives_new_004158,mol_004158,14,14
4159,Aromatase_inactives_new_004159,mol_004159,25,26
4160,Aromatase_inactives_new_004160,mol_004160,25,26
4161,Aromatase_inactives_new_004161,mol_004161,18,18
4162,Aromatase_inactives_new_004162,mol_004162,17,17
4163,Aromatase_inactives_new_004163,mol_004163,31,30
4164,Aromatase_inactives_new_004164,mol_004164,31,30
4165,Aromatase_inactives_new_004165,mol_004165,8,7
4166,Aromatase_inactives_new_004166,mol_004166,8,7
4167,Aromatase_inactives_new_004167,mol_004167,17,16
4168,Aromatase_inactives_new_004168,mol_004168,31,30
4169,Aromatase_inactives_new_004169,mol_004169,29,29
4170,Aromatase_inactives_new_004170,mol_004170,23,25
4171,Aromatase_inactives_new_004171,mol_004171,38,38
4172,Aromatase_inactives_new_004172,mol_004172,30,30
4173,Aromatase_inactives_new_004173,mol_004173,42,44
4174,Aromatase_inactives_new_004174,mol_004174,33,34
4175,Aromatase_inactives_new_004175,mol_004175,37,38
4176,Aromatase_inactives_new_004176,mol_004176,29,31
4177,Aromatase_inactives_new_004177,mol_004177,22,23
4178,Aromatase_inactives_new_004178,mol_004178,27,28
4179,Aromatase_inactives_new_004179,mol_004179,101,112
4180,Aromatase_inactives_new_004180,mol_004180,19,18
4181,Aromatase_inactives_new_004181,mol_004181,22,22
4182,Aromatase_inactives_new_004182,mol_004182,19,19
4183,Aromatase_inactives_new_004183,mol_004183,16,16
4184,Aromatase_inactives_new_004184,mol_004184,11,11
4185,Aromatase_inactives_new_004185,mol_004185,21,21
4186,Aromatase_inactives_new_004186,mol_004186,18,18
4187,Aromatase_inactives_new_004187,mol_004187,17,17
4188,Aromatase_inactives_new_004188,mol_004188,16,16
4189,Aromatase_inactives_new_004189,mol_004189,17,17
4190,Aromatase_inactives_new_004190,mol_004190,15,15
4191,Aromatase_inactives_new_004191,mol_004191,17,17
4192,Aromatase_inactives_new_004192,mol_004192,16,16
4193,Aromatase_inactives_new_004193,mol_004193,18,17
4194,Aromatase_inactives_new_004194,mol_004194,18,18
4195,Aromatase_inactives_new_004195,mol_004195,22,21
4196,Aromatase_inactives_new_004196,mol_004196,17,17
4197,Aromatase_inactives_new_004197,mol_004197,28,29
4198,Aromatase_inactives_new_004198,mol_004198,32,31
4199,Aromatase_inactives_new_004199,mol_004199,35,37
4200,Aromatase_inactives_new_004200,mol_004200,31,31
4201,Aromatase_inactives_new_004201,mol_004201,34,36
4202,Aromatase_inactives_new_004202,mol_004202,48,48
4203,Aromatase_inactives_new_004203,mol_004203,46,46
4204,Aromatase_inactives_new_004204,mol_004204,13,13
4205,Aromatase_inactives_new_004205,mol_004205,25,25
4206,Aromatase_inactives_new_004206,mol_004206,40,42
4207,Aromatase_inactives_new_004207,mol_004207,35,36
4208,Aromatase_inactives_new_004208,mol_004208,39,42
4209,Aromatase_inactives_new_004209,mol_004209,102,107
4210,Aromatase_inactives_new_004210,mol_004210,13,13
4211,Aromatase_inactives_new_004211,mol_004211,21,22
4212,Aromatase_inactives_new_004212,mol_004212,16,16
4213,Aromatase_inactives_new_004213,mol_004213,19,19
4214,Aromatase_inactives_new_004214,mol_004214,25,25
4215,Aromatase_inactives_new_004215,mol_004215,17,17
4216,Aromatase_inactives_new_004216,mol_004216,52,53
4217,Aromatase_inactives_new_004217,mol_004217,39,40
4218,Aromatase_inactives_new_004218,mol_004218,39,38
4219,Aromatase_inactives_new_004219,mol_004219,22,22
4220,Aromatase_inactives_new_004220,mol_004220,25,25
4221,Aromatase_inactives_new_004221,mol_004221,16,16
4222,Aromatase_inactives_new_004222,mol_004222,13,13
4223,Aromatase_inactives_new_004223,mol_004223,18,18
4224,Aromatase_inactives_new_004224,mol_004224,25,24
4225,Aromatase_inactives_new_004225,mol_004225,30,29
4226,Aromatase_inactives_new_004226,mol_004226,13,12
4227,Aromatase_inactives_new_004227,mol_004227,20,20
4228,Aromatase_inactives_new_004228,mol_004228,20,20
4229,Aromatase_inactives_new_004229,mol_004229,23,22
4230,Aromatase_inactives_new_004230,mol_004230,30,29
4231,Aromatase_inactives_new_004231,mol_004231,43,42
4232,Aromatase_inactives_new_004232,mol_004232,33,33
4233,Aromatase_inactives_new_004233,mol_004233,18,18
4234,Aromatase_inactives_new_004234,mol_004234,28,29
4235,Aromatase_inactives_new_004235,mol_004235,19,19
4236,Aromatase_inactives_new_004236,mol_004236,24,24
4237,Aromatase_inactives_new_004237,mol_004237,18,18
4238,Aromatase_inactives_new_004238,mol_004238,36,36
4239,Aromatase_inactives_new_004239,mol_004239,61,58
4240,Aromatase_inactives_new_004240,mol_004240,21,21
4241,Aromatase_inactives_new_004241,mol_004241,13,13
4242,Aromatase_inactives_new_004242,mol_004242,34,34
4243,Aromatase_inactives_new_004243,mol_004243,23,25
4244,Aromatase_inactives_new_004244,mol_004244,16,16
4245,Aromatase_inactives_new_004245,mol_004245,9,9
4246,Aromatase_inactives_new_004246,mol_004246,12,11
4247,Aromatase_inactives_new_004247,mol_004247,49,49
4248,Aromatase_inactives_new_004248,mol_004248,40,42
4249,Aromatase_inactives_new_004249,mol_004249,59,61
4250,Aromatase_inactives_new_004250,mol_004250,42,42
4251,Aromatase_inactives_new_004251,mol_004251,50,49
4252,Aromatase_inactives_new_004252,mol_004252,20,20
4253,Aromatase_inactives_new_004253,mol_004253,30,28
4254,Aromatase_inactives_new_004254,mol_004254,52,54
4255,Aromatase_inactives_new_004255,mol_004255,30,30
4256,Aromatase_inactives_new_004256,mol_004256,17,16
4257,Aromatase_inactives_new_004257,mol_004257,69,69
4258,Aromatase_inactives_new_004258,mol_004258,32,31
4259,Aromatase_inactives_new_004259,mol_004259,10,9
4260,Aromatase_inactives_new_004260,mol_004260,18,18
4261,Aromatase_inactives_new_004261,mol_004261,48,47
4262,Aromatase_inactives_new_004262,mol_004262,35,34
4263,Aromatase_inactives_new_004263,mol_004263,30,29
4264,Aromatase_inactives_new_004264,mol_004264,66,66
4265,Aromatase_inactives_new_004265,mol_004265,30,29
4266,Aromatase_inactives_new_004266,mol_004266,49,49
4267,Aromatase_inactives_new_004267,mol_004267,31,31
4268,Aromatase_inactives_new_004268,mol_004268,24,18
4269,Aromatase_inactives_new_004269,mol_004269,63,60
4270,Aromatase_inactives_new_004270,mol_004270,5,4
4271,Aromatase_inactives_new_004271,mol_004271,36,35
4272,Aromatase_inactives_new_004272,mol_004272,52,55
4273,Aromatase_inactives_new_004273,mol_004273,26,25
4274,Aromatase_inactives_new_004274,mol_004274,32,31
4275,Aromatase_inactives_new_004275,mol_004275,16,17
4276,Aromatase_inactives_new_004276,mol_004276,22,21
4277,Aromatase_inactives_new_004277,mol_004277,47,46
4278,Aromatase_inactives_new_004278,mol_004278,45,44
4279,Aromatase_inactives_new_004279,mol_004279,39,39
4280,Aromatase_inactives_new_004280,mol_004280,61,60
4281,Aromatase_inactives_new_004281,mol_004281,20,20
4282,Aromatase_inactives_new_004282,mol_004282,18,17
4283,Aromatase_inactives_new_004283,mol_004283,26,25
4284,Aromatase_inactives_new_004284,mol_004284,4,3
4285,Aromatase_inactives_new_004285,mol_004285,5,4
4286,Aromatase_inactives_new_004286,mol_004286,24,24
4287,Aromatase_inactives_new_004287,mol_004287,27,27
4288,Aromatase_inactives_new_004288,mol_004288,29,29
4289,Aromatase_inactives_new_004289,mol_004289,134,136
4290,Aromatase_inactives_new_004290,mol_004290,47,47
4291,Aromatase_inactives_new_004291,mol_004291,29,30
4292,Aromatase_inactives_new_004292,mol_004292,29,30
4293,Aromatase_inactives_new_004293,mol_004293,36,35
4294,Aromatase_inactives_new_004294,mol_004294,35,35
4295,Aromatase_inactives_new_004295,mol_004295,41,43
4296,Aromatase_inactives_new_004296,mol_004296,48,50
4297,Aromatase_inactives_new_004297,mol_004297,55,54
4298,Aromatase_inactives_new_004298,mol_004298,20,19
4299,Aromatase_inactives_new_004299,mol_004299,14,14
4300,Aromatase_inactives_new_004300,mol_004300,29,30
4301,Aromatase_inactives_new_004301,mol_004301,31,33
4302,Aromatase_inactives_new_004302,mol_004302,47,46
4303,Aromatase_inactives_new_004303,mol_004303,18,18
4304,Aromatase_inactives_new_004304,mol_004304,83,82
4305,Aromatase_inactives_new_004305,mol_004305,36,37
4306,Aromatase_inactives_new_004306,mol_004306,24,25
4307,Aromatase_inactives_new_004307,mol_004307,48,50
4308,Aromatase_inactives_new_004308,mol_004308,54,53
4309,Aromatase_inactives_new_004309,mol_004309,33,32
4310,Aromatase_inactives_new_004310,mol_004310,50,49
4311,Aromatase_inactives_new_004311,mol_004311,46,47
4312,Aromatase_inactives_new_004312,mol_004312,86,85
4313,Aromatase_inactives_new_004313,mol_004313,46,47
4314,Aromatase_inactives_new_004314,mol_004314,45,45
4315,Aromatase_inactives_new_004315,mol_004315,21,22
4316,Aromatase_inactives_new_004316,mol_004316,49,52
4317,Aromatase_inactives_new_004317,mol_004317,14,14
4318,Aromatase_inactives_new_004318,mol_004318,24,25
4319,Aromatase_inactives_new_004319,mol_004319,37,38
4320,Aromatase_inactives_new_004320,mol_004320,19,20
4321,Aromatase_inactives_new_004321,mol_004321,24,25
4322,Aromatase_inactives_new_004322,mol_004322,31,33
4323,Aromatase_inactives_new_004323,mol_004323,11,11
4324,Aromatase_inactives_new_004324,mol_004324,28,27
4325,Aromatase_inactives_new_004325,mol_004325,63,60
4326,Aromatase_inactives_new_004326,mol_004326,15,12
4327,Aromatase_inactives_new_004327,mol_004327,42,43
4328,Aromatase_inactives_new_004328,mol_004328,17,15
4329,Aromatase_inactives_new_004329,mol_004329,43,42
4330,Aromatase_inactives_new_004330,mol_004330,12,10
4331,Aromatase_inactives_new_004331,mol_004331,35,31
4332,Aromatase_inactives_new_004332,mol_004332,31,32
4333,Aromatase_inactives_new_004333,mol_004333,21,20
4334,Aromatase_inactives_new_004334,mol_004334,27,28
4335,Aromatase_inactives_new_004335,mol_004335,37,37
4336,Aromatase_inactives_new_004336,mol_004336,45,45
4337,Aromatase_inactives_new_004337,mol_004337,32,33
4338,Aromatase_inactives_new_004338,mol_004338,11,10
4339,Aromatase_inactives_new_004339,mol_004339,8,7
4340,Aromatase_inactives_new_004340,mol_004340,30,31
4341,Aromatase_inactives_new_004341,mol_004341,16,15
4342,Aromatase_inactives_new_004342,mol_004342,41,41
4343,Aromatase_inactives_new_004343,mol_004343,96,104
4344,Aromatase_inactives_new_004344,mol_004344,35,34
4345,Aromatase_inactives_new_004345,mol_004345,40,40
4346,Aromatase_inactives_new_004346,mol_004346,40,40
4347,Aromatase_inactives_new_004347,mol_004347,44,44
4348,Aromatase_inactives_new_004348,mol_004348,12,11
4349,Aromatase_inactives_new_004349,mol_004349,12,11
4350,Aromatase_inactives_new_004350,mol_004350,9,8
4351,Aromatase_inactives_new_004351,mol_004351,8,7
4352,Aromatase_inactives_new_004352,mol_004352,23,23
4353,Aromatase_inactives_new_004353,mol_004353,36,35
4354,Aromatase_inactives_new_004354,mol_004354,30,30
4355,Aromatase_inactives_new_004355,mol_004355,23,25
4356,Aromatase_inactives_new_004356,mol_004356,16,17
4357,Aromatase_inactives_new_004357,mol_004357,20,19
4358,Aromatase_inactives_new_004358,mol_004358,37,39
4359,Aromatase_inactives_new_004359,mol_004359,75,76
4360,Aromatase_inactives_new_004360,mol_004360,31,31
4361,Aromatase_inactives_new_004361,mol_004361,28,28
4362,Aromatase_inactives_new_004362,mol_004362,28,27
4363,Aromatase_inactives_new_004363,mol_004363,30,29
4364,Aromatase_inactives_new_004364,mol_004364,31,30
4365,Aromatase_inactives_new_004365,mol_004365,12,11
4366,Aromatase_inactives_new_004366,mol_004366,30,30
4367,Aromatase_inactives_new_004367,mol_004367,43,44
4368,Aromatase_inactives_new_004368,mol_004368,102,102
4369,Aromatase_inactives_new_004369,mol_004369,72,72
4370,Aromatase_inactives_new_004370,mol_004370,72,72
4371,Aromatase_inactives_new_004371,mol_004371,60,60
4372,Aromatase_inactives_new_004372,mol_004372,30,30
4373,Aromatase_inactives_new_004373,mol_004373,15,15
4374,Aromatase_inactives_new_004374,mol_004374,28,30
4375,Aromatase_inactives_new_004375,mol_004375,25,25
4376,Aromatase_inactives_new_004376,mol_004376,17,17
4377,Aromatase_inactives_new_004377,mol_004377,20,20
4378,Aromatase_inactives_new_004378,mol_004378,19,19
4379,Aromatase_inactives_new_004379,mol_004379,25,25
4380,Aromatase_inactives_new_004380,mol_004380,19,19
4381,Aromatase_inactives_new_004381,mol_004381,31,32
4382,Aromatase_inactives_new_004382,mol_004382,29,32
4383,Aromatase_inactives_new_004383,mol_004383,93,93
4384,Aromatase_inactives_new_004384,mol_004384,66,66
4385,Aromatase_inactives_new_004385,mol_004385,51,51
4386,Aromatase_inactives_new_004386,mol_004386,25,24
4387,Aromatase_inactives_new_004387,mol_004387,28,27
4388,Aromatase_inactives_new_004388,mol_004388,24,23
4389,Aromatase_inactives_new_004389,mol_004389,55,54
4390,Aromatase_inactives_new_004390,mol_004390,47,47
4391,Aromatase_inactives_new_004391,mol_004391,26,25
4392,Aromatase_inactives_new_004392,mol_004392,40,41
4393,Aromatase_inactives_new_004393,mol_004393,57,60
4394,Aromatase_inactives_new_004394,mol_004394,52,53
4395,Aromatase_inactives_new_004395,mol_004395,47,48
4396,Aromatase_inactives_new_004396,mol_004396,35,34
4397,Aromatase_inactives_new_004397,mol_004397,34,35
4398,Aromatase_inactives_new_004398,mol_004398,45,48
4399,Aromatase_inactives_new_004399,mol_004399,25,26
4400,Aromatase_inactives_new_004400,mol_004400,4,3
4401,Aromatase_inactives_new_004401,mol_004401,23,22
4402,Aromatase_inactives_new_004402,mol_004402,28,28
4403,Aromatase_inactives_new_004403,mol_004403,12,12
4404,Aromatase_inactives_new_004404,mol_004404,13,13
4405,Aromatase_inactives_new_004405,mol_004405,31,33
4406,Aromatase_inactives_new_004406,mol_004406,12,12
4407,Aromatase_inactives_new_004407,mol_004407,11,10
4408,Aromatase_inactives_new_004408,mol_004408,22,21
4409,Aromatase_inactives_new_004409,mol_004409,25,24
4410,Aromatase_inactives_new_004410,mol_004410,23,23
4411,Aromatase_inactives_new_004411,mol_004411,41,42
4412,Aromatase_inactives_new_004412,mol_004412,35,35
4413,Aromatase_inactives_new_004413,mol_004413,28,28
4414,Aromatase_inactives_new_004414,mol_004414,20,20
4415,Aromatase_inactives_new_004415,mol_004415,22,23
4416,Aromatase_inactives_new_004416,mol_004416,37,36
4417,Aromatase_inactives_new_004417,mol_004417,16,15
4418,Aromatase_inactives_new_004418,mol_004418,26,26
4419,Aromatase_inactives_new_004419,mol_004419,29,29
4420,Aromatase_inactives_new_004420,mol_004420,68,70
4421,Aromatase_inactives_new_004421,mol_004421,18,18
4422,Aromatase_inactives_new_004422,mol_004422,23,24
4423,Aromatase_inactives_new_004423,mol_004423,2,0
4424,Aromatase_inactives_new_004424,mol_004424,12,11
4425,Aromatase_inactives_new_004425,mol_004425,14,14
4426,Aromatase_inactives_new_004426,mol_004426,17,16
4427,Aromatase_inactives_new_004427,mol_004427,27,29
4428,Aromatase_inactives_new_004428,mol_004428,12,11
4429,Aromatase_inactives_new_004429,mol_004429,9,8
4430,Aromatase_inactives_new_004430,mol_004430,14,14
4431,Aromatase_inactives_new_004431,mol_004431,19,19
4432,Aromatase_inactives_new_004432,mol_004432,19,19
4433,Aromatase_inactives_new_004433,mol_004433,13,13
4434,Aromatase_inactives_new_004434,mol_004434,22,22
4435,Aromatase_inactives_new_004435,mol_004435,41,42
4436,Aromatase_inactives_new_004436,mol_004436,34,34
4437,Aromatase_inactives_new_004437,mol_004437,38,38
4438,Aromatase_inactives_new_004438,mol_004438,43,45
4439,Aromatase_inactives_new_004439,mol_004439,27,18
4440,Aromatase_inactives_new_004440,mol_004440,4,3
4441,Aromatase_inactives_new_004441,mol_004441,24,23
4442,Aromatase_inactives_new_004442,mol_004442,48,52
4443,Aromatase_inactives_new_004443,mol_004443,19,19
4444,Aromatase_inactives_new_004444,mol_004444,24,24
4445,Aromatase_inactives_new_004445,mol_004445,19,18
4446,Aromatase_inactives_new_004446,mol_004446,43,42
4447,Aromatase_inactives_new_004447,mol_004447,28,28
4448,Aromatase_inactives_new_004448,mol_004448,37,38
4449,Aromatase_inactives_new_004449,mol_004449,18,18
4450,Aromatase_inactives_new_004450,mol_004450,24,24
4451,Aromatase_inactives_new_004451,mol_004451,56,56
4452,Aromatase_inactives_new_004452,mol_004452,12,11
4453,Aromatase_inactives_new_004453,mol_004453,15,15
4454,Aromatase_inactives_new_004454,mol_004454,26,27
4455,Aromatase_inactives_new_004455,mol_004455,14,13
4456,Aromatase_inactives_new_004456,mol_004456,42,44
4457,Aromatase_inactives_new_004457,mol_004457,53,52
4458,Aromatase_inactives_new_004458,mol_004458,36,35
4459,Aromatase_inactives_new_004459,mol_004459,41,41
4460,Aromatase_inactives_new_004460,mol_004460,43,44
4461,Aromatase_inactives_new_004461,mol_004461,93,93
4462,Aromatase_inactives_new_004462,mol_004462,72,72
4463,Aromatase_inactives_new_004463,mol_004463,32,31
4464,Aromatase_inactives_new_004464,mol_004464,17,18
4465,Aromatase_inactives_new_004465,mol_004465,28,28
4466,Aromatase_inactives_new_004466,mol_004466,31,33
4467,Aromatase_inactives_new_004467,mol_004467,34,35
4468,Aromatase_inactives_new_004468,mol_004468,34,37
4469,Aromatase_inactives_new_004469,mol_004469,33,36
4470,Aromatase_inactives_new_004470,mol_004470,48,54
4471,Aromatase_inactives_new_004471,mol_004471,35,35
4472,Aromatase_inactives_new_004472,mol_004472,34,36
4473,Aromatase_inactives_new_004473,mol_004473,46,47
4474,Aromatase_inactives_new_004474,mol_004474,28,29
4475,Aromatase_inactives_new_004475,mol_004475,39,39
4476,Aromatase_inactives_new_004476,mol_004476,24,24
4477,Aromatase_inactives_new_004477,mol_004477,28,28
4478,Aromatase_inactives_new_004478,mol_004478,40,42
4479,Aromatase_inactives_new_004479,mol_004479,13,13
4480,Aromatase_inactives_new_004480,mol_004480,27,29
4481,Aromatase_inactives_new_004481,mol_004481,19,20
4482,Aromatase_inactives_new_004482,mol_004482,54,57
4483,Aromatase_inactives_new_004483,mol_004483,35,34
4484,Aromatase_inactives_new_004484,mol_004484,29,28
4485,Aromatase_inactives_new_004485,mol_004485,68,66
4486,Aromatase_inactives_new_004486,mol_004486,17,16
4487,Aromatase_inactives_new_004487,mol_004487,36,35
4488,Aromatase_inactives_new_004488,mol_004488,51,48
4489,Aromatase_inactives_new_004489,mol_004489,50,49
4490,Aromatase_inactives_new_004490,mol_004490,25,24
4491,Aromatase_inactives_new_004491,mol_004491,22,20
4492,Aromatase_inactives_new_004492,mol_004492,28,26
4493,Aromatase_inactives_new_004493,mol_004493,25,24
4494,Aromatase_inactives_new_004494,mol_004494,28,27
4495,Aromatase_inactives_new_004495,mol_004495,26,25
4496,Aromatase_inactives_new_004496,mol_004496,3,1
4497,Aromatase_inactives_new_004497,mol_004497,25,24
4498,Aromatase_inactives_new_004498,mol_004498,7,4
4499,Aromatase_inactives_new_004499,mol_004499,4,2
4500,Aromatase_inactives_new_004500,mol_004500,72,74
4501,Aromatase_inactives_new_004501,mol_004501,12,9
4502,Aromatase_inactives_new_004502,mol_004502,66,66
4503,Aromatase_inactives_new_004503,mol_004503,23,23
4504,Aromatase_inactives_new_004504,mol_004504,29,29
4505,Aromatase_inactives_new_004505,mol_004505,22,22
4506,Aromatase_inactives_new_004506,mol_004506,17,15
4507,Aromatase_inactives_new_004507,mol_004507,34,32
4508,Aromatase_inactives_new_004508,mol_004508,31,29
4509,Aromatase_inactives_new_004509,mol_004509,10,8
4510,Aromatase_inactives_new_004510,mol_004510,22,21
4511,Aromatase_inactives_new_004511,mol_004511,29,29
4512,Aromatase_inactives_new_004512,mol_004512,22,21
4513,Aromatase_inactives_new_004513,mol_004513,41,42
4514,Aromatase_inactives_new_004514,mol_004514,18,15
4515,Aromatase_inactives_new_004515,mol_004515,29,27
4516,Aromatase_inactives_new_004516,mol_004516,19,18
4517,Aromatase_inactives_new_004517,mol_004517,50,50
4518,Aromatase_inactives_new_004518,mol_004518,17,17
4519,Aromatase_inactives_new_004519,mol_004519,28,27
4520,Aromatase_inactives_new_004520,mol_004520,18,17
4521,Aromatase_inactives_new_004521,mol_004521,30,28
4522,Aromatase_inactives_new_004522,mol_004522,20,19
4523,Aromatase_inactives_new_004523,mol_004523,15,12
4524,Aromatase_inactives_new_004524,mol_004524,133,135
4525,Aromatase_inactives_new_004525,mol_004525,39,39
4526,Aromatase_inactives_new_004526,mol_004526,17,18
4527,Aromatase_inactives_new_004527,mol_004527,19,19
4528,Aromatase_inactives_new_004528,mol_004528,59,58
4529,Aromatase_inactives_new_004529,mol_004529,54,53
4530,Aromatase_inactives_new_004530,mol_004530,5,4
4531,Aromatase_inactives_new_004531,mol_004531,14,15
4532,Aromatase_inactives_new_004532,mol_004532,23,24
4533,Aromatase_inactives_new_004533,mol_004533,22,23
4534,Aromatase_inactives_new_004534,mol_004534,47,46
4535,Aromatase_inactives_new_004535,mol_004535,9,8
4536,Aromatase_inactives_new_004536,mol_004536,26,26
4537,Aromatase_inactives_new_004537,mol_004537,27,28
4538,Aromatase_inactives_new_004538,mol_004538,32,31
4539,Aromatase_inactives_new_004539,mol_004539,27,26
4540,Aromatase_inactives_new_004540,mol_004540,27,26
4541,Aromatase_inactives_new_004541,mol_004541,25,24
4542,Aromatase_inactives_new_004542,mol_004542,17,16
4543,Aromatase_inactives_new_004543,mol_004543,62,64
4544,Aromatase_inactives_new_004544,mol_004544,40,40
4545,Aromatase_inactives_new_004545,mol_004545,24,23
4546,Aromatase_inactives_new_004546,mol_004546,17,16
4547,Aromatase_inactives_new_004547,mol_004547,29,28
4548,Aromatase_inactives_new_004548,mol_004548,29,28
4549,Aromatase_inactives_new_004549,mol_004549,13,12
4550,Aromatase_inactives_new_004550,mol_004550,15,14
4551,Aromatase_inactives_new_004551,mol_004551,10,9
4552,Aromatase_inactives_new_004552,mol_004552,48,47
4553,Aromatase_inactives_new_004553,mol_004553,41,43
4554,Aromatase_inactives_new_004554,mol_004554,15,14
4555,Aromatase_inactives_new_004555,mol_004555,21,20
4556,Aromatase_inactives_new_004556,mol_004556,39,38
4557,Aromatase_inactives_new_004557,mol_004557,39,38
4558,Aromatase_inactives_new_004558,mol_004558,11,10
4559,Aromatase_inactives_new_004559,mol_004559,10,9
4560,Aromatase_inactives_new_004560,mol_004560,11,11
4561,Aromatase_inactives_new_004561,mol_004561,26,27
4562,Aromatase_inactives_new_004562,mol_004562,31,30
4563,Aromatase_inactives_new_004563,mol_004563,42,41
4564,Aromatase_inactives_new_004564,mol_004564,18,18
4565,Aromatase_inactives_new_004565,mol_004565,32,31
4566,Aromatase_inactives_new_004566,mol_004566,17,18
4567,Aromatase_inactives_new_004567,mol_004567,22,24
4568,Aromatase_inactives_new_004568,mol_004568,16,17
4569,Aromatase_inactives_new_004569,mol_004569,14,15
4570,Aromatase_inactives_new_004570,mol_004570,14,15
4571,Aromatase_inactives_new_004571,mol_004571,18,18
4572,Aromatase_inactives_new_004572,mol_004572,23,24
4573,Aromatase_inactives_new_004573,mol_004573,23,24
4574,Aromatase_inactives_new_004574,mol_004574,35,36
4575,Aromatase_inactives_new_004575,mol_004575,20,21
4576,Aromatase_inactives_new_004576,mol_004576,22,24
4577,Aromatase_inactives_new_004577,mol_004577,32,36
4578,Aromatase_inactives_new_004578,mol_004578,22,21
4579,Aromatase_inactives_new_004579,mol_004579,10,9
4580,Aromatase_inactives_new_004580,mol_004580,21,21
4581,Aromatase_inactives_new_004581,mol_004581,23,24
4582,Aromatase_inactives_new_004582,mol_004582,16,16
4583,Aromatase_inactives_new_004583,mol_004583,17,17
4584,Aromatase_inactives_new_004584,mol_004584,19,18
4585,Aromatase_inactives_new_004585,mol_004585,16,15
4586,Aromatase_inactives_new_004586,mol_004586,16,15
4587,Aromatase_inactives_new_004587,mol_004587,16,15
4588,Aromatase_inactives_new_004588,mol_004588,56,56
4589,Aromatase_inactives_new_004589,mol_004589,34,35
4590,Aromatase_inactives_new_004590,mol_004590,85,86
4591,Aromatase_inactives_new_004591,mol_004591,30,30
4592,Aromatase_inactives_new_004592,mol_004592,21,21
4593,Aromatase_inactives_new_004593,mol_004593,23,22
4594,Aromatase_inactives_new_004594,mol_004594,22,21
4595,Aromatase_inactives_new_004595,mol_004595,16,15
4596,Aromatase_inactives_new_004596,mol_004596,27,27
4597,Aromatase_inactives_new_004597,mol_004597,37,37
4598,Aromatase_inactives_new_004598,mol_004598,25,25
4599,Aromatase_inactives_new_004599,mol_004599,22,21
4600,Aromatase_inactives_new_004600,mol_004600,24,23
4601,Aromatase_inactives_new_004601,mol_004601,22,21
4602,Aromatase_inactives_new_004602,mol_004602,11,10
4603,Aromatase_inactives_new_004603,mol_004603,28,27
4604,Aromatase_inactives_new_004604,mol_004604,19,18
4605,Aromatase_inactives_new_004605,mol_004605,39,38
4606,Aromatase_inactives_new_004606,mol_004606,43,44
4607,Aromatase_inactives_new_004607,mol_004607,28,28
4608,Aromatase_inactives_new_004608,mol_004608,31,31
4609,Aromatase_inactives_new_004609,mol_004609,13,12
4610,Aromatase_inactives_new_004610,mol_004610,22,22
4611,Aromatase_inactives_new_004611,mol_004611,32,32
4612,Aromatase_inactives_new_004612,mol_004612,30,30
4613,Aromatase_inactives_new_004613,mol_004613,15,14
4614,Aromatase_inactives_new_004614,mol_004614,19,18
4615,Aromatase_inactives_new_004615,mol_004615,24,24
4616,Aromatase_inactives_new_004616,mol_004616,23,22
4617,Aromatase_inactives_new_004617,mol_004617,54,54
4618,Aromatase_inactives_new_004618,mol_004618,78,78
4619,Aromatase_inactives_new_004619,mol_004619,66,66
4620,Aromatase_inactives_new_004620,mol_004620,36,35
4621,Aromatase_inactives_new_004621,mol_004621,30,30
4622,Aromatase_inactives_new_004622,mol_004622,19,18
4623,Aromatase_inactives_new_004623,mol_004623,34,33
4624,Aromatase_inactives_new_004624,mol_004624,53,52
4625,Aromatase_inactives_new_004625,mol_004625,19,18
4626,Aromatase_inactives_new_004626,mol_004626,22,22
4627,Aromatase_inactives_new_004627,mol_004627,17,16
4628,Aromatase_inactives_new_004628,mol_004628,19,18
4629,Aromatase_inactives_new_004629,mol_004629,34,34
4630,Aromatase_inactives_new_004630,mol_004630,16,15
4631,Aromatase_inactives_new_004631,mol_004631,16,15
4632,Aromatase_inactives_new_004632,mol_004632,65,64
4633,Aromatase_inactives_new_004633,mol_004633,28,27
4634,Aromatase_inactives_new_004634,mol_004634,32,31
4635,Aromatase_inactives_new_004635,mol_004635,16,15
4636,Aromatase_inactives_new_004636,mol_004636,19,19
4637,Aromatase_inactives_new_004637,mol_004637,12,11
4638,Aromatase_inactives_new_004638,mol_004638,23,23
4639,Aromatase_inactives_new_004639,mol_004639,23,22
4640,Aromatase_inactives_new_004640,mol_004640,47,48
4641,Aromatase_inactives_new_004641,mol_004641,23,22
4642,Aromatase_inactives_new_004642,mol_004642,19,18
4643,Aromatase_inactives_new_004643,mol_004643,98,98
4644,Aromatase_inactives_new_004644,mol_004644,23,22
4645,Aromatase_inactives_new_004645,mol_004645,26,26
4646,Aromatase_inactives_new_004646,mol_004646,34,34
4647,Aromatase_inactives_new_004647,mol_004647,40,41
4648,Aromatase_inactives_new_004648,mol_004648,29,30
4649,Aromatase_inactives_new_004649,mol_004649,24,24
4650,Aromatase_inactives_new_004650,mol_004650,23,23
4651,Aromatase_inactives_new_004651,mol_004651,22,22
4652,Aromatase_inactives_new_004652,mol_004652,19,19
4653,Aromatase_inactives_new_004653,mol_004653,16,16
4654,Aromatase_inactives_new_004654,mol_004654,17,17
4655,Aromatase_inactives_new_004655,mol_004655,17,17
4656,Aromatase_inactives_new_004656,mol_004656,19,19
4657,Aromatase_inactives_new_004657,mol_004657,37,37
4658,Aromatase_inactives_new_004658,mol_004658,18,18
4659,Aromatase_inactives_new_004659,mol_004659,22,22
4660,Aromatase_inactives_new_004660,mol_004660,27,27
4661,Aromatase_inactives_new_004661,mol_004661,24,24
4662,Aromatase_inactives_new_004662,mol_004662,25,25
4663,Aromatase_inactives_new_004663,mol_004663,18,18
4664,Aromatase_inactives_new_004664,mol_004664,19,19
4665,Aromatase_inactives_new_004665,mol_004665,24,25
4666,Aromatase_inactives_new_004666,mol_004666,20,21
4667,Aromatase_inactives_new_004667,mol_004667,16,16
4668,Aromatase_inactives_new_004668,mol_004668,22,22
4669,Aromatase_inactives_new_004669,mol_004669,89,93
4670,Aromatase_inactives_new_004670,mol_004670,42,43
4671,Aromatase_inactives_new_004671,mol_004671,16,15
4672,Aromatase_inactives_new_004672,mol_004672,19,18
4673,Aromatase_inactives_new_004673,mol_004673,25,24
4674,Aromatase_inactives_new_004674,mol_004674,14,13
4675,Aromatase_inactives_new_004675,mol_004675,27,27
4676,Aromatase_inactives_new_004676,mol_004676,28,28
4677,Aromatase_inactives_new_004677,mol_004677,33,32
4678,Aromatase_inactives_new_004678,mol_004678,20,19
4679,Aromatase_inactives_new_004679,mol_004679,19,18
4680,Aromatase_inactives_new_004680,mol_004680,25,24
4681,Aromatase_inactives_new_004681,mol_004681,66,66
4682,Aromatase_inactives_new_004682,mol_004682,14,13
4683,Aromatase_inactives_new_004683,mol_004683,19,18
4684,Aromatase_inactives_new_004684,mol_004684,19,18
4685,Aromatase_inactives_new_004685,mol_004685,10,9
4686,Aromatase_inactives_new_004686,mol_004686,18,18
4687,Aromatase_inactives_new_004687,mol_004687,35,35
4688,Aromatase_inactives_new_004688,mol_004688,26,26
4689,Aromatase_inactives_new_004689,mol_004689,20,19
4690,Aromatase_inactives_new_004690,mol_004690,20,19
4691,Aromatase_inactives_new_004691,mol_004691,23,22
4692,Aromatase_inactives_new_004692,mol_004692,22,21
4693,Aromatase_inactives_new_004693,mol_004693,28,27
4694,Aromatase_inactives_new_004694,mol_004694,34,33
4695,Aromatase_inactives_new_004695,mol_004695,53,52
4696,Aromatase_inactives_new_004696,mol_004696,44,43
4697,Aromatase_inactives_new_004697,mol_004697,32,31
4698,Aromatase_inactives_new_004698,mol_004698,36,35
4699,Aromatase_inactives_new_004699,mol_004699,27,26
4700,Aromatase_inactives_new_004700,mol_004700,33,32
4701,Aromatase_inactives_new_004701,mol_004701,24,23
4702,Aromatase_inactives_new_004702,mol_004702,19,18
4703,Aromatase_inactives_new_004703,mol_004703,33,32
4704,Aromatase_inactives_new_004704,mol_004704,40,39
4705,Aromatase_inactives_new_004705,mol_004705,32,31
4706,Aromatase_inactives_new_004706,mol_004706,26,26
4707,Aromatase_inactives_new_004707,mol_004707,17,16
4708,Aromatase_inactives_new_004708,mol_004708,44,43
4709,Aromatase_inactives_new_004709,mol_004709,19,18
4710,Aromatase_inactives_new_004710,mol_004710,26,25
4711,Aromatase_inactives_new_004711,mol_004711,30,30
4712,Aromatase_inactives_new_004712,mol_004712,33,33
4713,Aromatase_inactives_new_004713,mol_004713,33,33
4714,Aromatase_inactives_new_004714,mol_004714,23,23
4715,Aromatase_inactives_new_004715,mol_004715,20,20
4716,Aromatase_inactives_new_004716,mol_004716,17,16
4717,Aromatase_inactives_new_004717,mol_004717,36,36
4718,Aromatase_inactives_new_004718,mol_004718,33,32
4719,Aromatase_inactives_new_004719,mol_004719,37,36
4720,Aromatase_inactives_new_004720,mol_004720,22,22
4721,Aromatase_inactives_new_004721,mol_004721,26,26
4722,Aromatase_inactives_new_004722,mol_004722,16,15
4723,Aromatase_inactives_new_004723,mol_004723,26,25
4724,Aromatase_inactives_new_004724,mol_004724,25,24
4725,Aromatase_inactives_new_004725,mol_004725,48,50
4726,Aromatase_inactives_new_004726,mol_004726,30,31
4727,Aromatase_inactives_new_004727,mol_004727,29,30
4728,Aromatase_inactives_new_004728,mol_004728,61,62
4729,Aromatase_inactives_new_004729,mol_004729,19,18
4730,Aromatase_inactives_new_004730,mol_004730,19,18
4731,Aromatase_inactives_new_004731,mol_004731,22,21
4732,Aromatase_inactives_new_004732,mol_004732,38,36
4733,Aromatase_inactives_new_004733,mol_004733,28,27
4734,Aromatase_inactives_new_004734,mol_004734,15,13
4735,Aromatase_inactives_new_004735,mol_004735,32,32
4736,Aromatase_inactives_new_004736,mol_004736,20,19
4737,Aromatase_inactives_new_004737,mol_004737,55,55
4738,Aromatase_inactives_new_004738,mol_004738,21,19
4739,Aromatase_inactives_new_004739,mol_004739,49,49
4740,Aromatase_inactives_new_004740,mol_004740,3,0
4741,Aromatase_inactives_new_004741,mol_004741,3,2
4742,Aromatase_inactives_new_004742,mol_004742,14,13
4743,Aromatase_inactives_new_004743,mol_004743,35,34
4744,Aromatase_inactives_new_004744,mol_004744,8,7
4745,Aromatase_inactives_new_004745,mol_004745,5,4
4746,Aromatase_inactives_new_004746,mol_004746,8,7
4747,Aromatase_inactives_new_004747,mol_004747,23,22
4748,Aromatase_inactives_new_004748,mol_004748,23,22
4749,Aromatase_inactives_new_004749,mol_004749,30,31
4750,Aromatase_inactives_new_004750,mol_004750,8,7
4751,Aromatase_inactives_new_004751,mol_004751,10,9
4752,Aromatase_inactives_new_004752,mol_004752,8,7
4753,Aromatase_inactives_new_004753,mol_004753,7,7
4754,Aromatase_inactives_new_004754,mol_004754,15,15
4755,Aromatase_inactives_new_004755,mol_004755,16,16
4756,Aromatase_inactives_new_004756,mol_004756,14,14
4757,Aromatase_inactives_new_004757,mol_004757,11,11
4758,Aromatase_inactives_new_004758,mol_004758,14,14
4759,Aromatase_inactives_new_004759,mol_004759,46,46
4760,Aromatase_inactives_new_004760,mol_004760,27,27
4761,Aromatase_inactives_new_004761,mol_004761,29,31
4762,Aromatase_inactives_new_004762,mol_004762,30,32
4763,Aromatase_inactives_new_004763,mol_004763,28,28
4764,Aromatase_inactives_new_004764,mol_004764,22,22
4765,Aromatase_inactives_new_004765,mol_004765,38,38
4766,Aromatase_inactives_new_004766,mol_004766,14,14
4767,Aromatase_inactives_new_004767,mol_004767,32,32
4768,Aromatase_inactives_new_004768,mol_004768,12,12
4769,Aromatase_inactives_new_004769,mol_004769,25,24
4770,Aromatase_inactives_new_004770,mol_004770,19,19
4771,Aromatase_inactives_new_004771,mol_004771,18,18
4772,Aromatase_inactives_new_004772,mol_004772,13,12
4773,Aromatase_inactives_new_004773,mol_004773,35,34
4774,Aromatase_inactives_new_004774,mol_004774,10,10
4775,Aromatase_inactives_new_004775,mol_004775,8,7
4776,Aromatase_inactives_new_004776,mol_004776,9,8
4777,Aromatase_inactives_new_004777,mol_004777,19,18
4778,Aromatase_inactives_new_004778,mol_004778,13,12
4779,Aromatase_inactives_new_004779,mol_004779,13,12
4780,Aromatase_inactives_new_004780,mol_004780,12,11
4781,Aromatase_inactives_new_004781,mol_004781,29,28
4782,Aromatase_inactives_new_004782,mol_004782,24,23
4783,Aromatase_inactives_new_004783,mol_004783,33,32
4784,Aromatase_inactives_new_004784,mol_004784,39,38
4785,Aromatase_inactives_new_004785,mol_004785,12,11
4786,Aromatase_inactives_new_004786,mol_004786,20,20
4787,Aromatase_inactives_new_004787,mol_004787,34,33
4788,Aromatase_inactives_new_004788,mol_004788,30,29
4789,Aromatase_inactives_new_004789,mol_004789,29,28
4790,Aromatase_inactives_new_004790,mol_004790,38,40
4791,Aromatase_inactives_new_004791,mol_004791,26,27
4792,Aromatase_inactives_new_004792,mol_004792,14,13
4793,Aromatase_inactives_new_004793,mol_004793,31,32
4794,Aromatase_inactives_new_004794,mol_004794,31,32
4795,Aromatase_inactives_new_004795,mol_004795,14,13
4796,Aromatase_inactives_new_004796,mol_004796,31,30
4797,Aromatase_inactives_new_004797,mol_004797,36,35
4798,Aromatase_inactives_new_004798,mol_004798,18,18
4799,Aromatase_inactives_new_004799,mol_004799,20,19
4800,Aromatase_inactives_new_004800,mol_004800,65,66
4801,Aromatase_inactives_new_004801,mol_004801,30,30
4802,Aromatase_inactives_new_004802,mol_004802,22,22
4803,Aromatase_inactives_new_004803,mol_004803,55,61
4804,Aromatase_inactives_new_004804,mol_004804,47,47
4805,Aromatase_inactives_new_004805,mol_004805,18,18
4806,Aromatase_inactives_new_004806,mol_004806,21,21
4807,Aromatase_inactives_new_004807,mol_004807,23,23
4808,Aromatase_inactives_new_004808,mol_004808,19,19
4809,Aromatase_inactives_new_004809,mol_004809,43,47
4810,Aromatase_inactives_new_004810,mol_004810,23,23
4811,Aromatase_inactives_new_004811,mol_004811,22,22
4812,Aromatase_inactives_new_004812,mol_004812,28,28
4813,Aromatase_inactives_new_004813,mol_004813,29,28
4814,Aromatase_inactives_new_004814,mol_004814,30,29
4815,Aromatase_inactives_new_004815,mol_004815,16,15
4816,Aromatase_inactives_new_004816,mol_004816,9,8
4817,Aromatase_inactives_new_004817,mol_004817,10,9
4818,Aromatase_inactives_new_004818,mol_004818,10,9
4819,Aromatase_inactives_new_004819,mol_004819,23,22
4820,Aromatase_inactives_new_004820,mol_004820,12,11
4821,Aromatase_inactives_new_004821,mol_004821,32,31
4822,Aromatase_inactives_new_004822,mol_004822,33,32
4823,Aromatase_inactives_new_004823,mol_004823,36,35
4824,Aromatase_inactives_new_004824,mol_004824,12,11
4825,Aromatase_inactives_new_004825,mol_004825,17,17
4826,Aromatase_inactives_new_004826,mol_004826,29,30
4827,Aromatase_inactives_new_004827,mol_004827,41,40
4828,Aromatase_inactives_new_004828,mol_004828,25,25
4829,Aromatase_inactives_new_004829,mol_004829,23,23
4830,Aromatase_inactives_new_004830,mol_004830,43,44
4831,Aromatase_inactives_new_004831,mol_004831,39,41
4832,Aromatase_inactives_new_004832,mol_004832,31,33
4833,Aromatase_inactives_new_004833,mol_004833,9,8
4834,Aromatase_inactives_new_004834,mol_004834,33,33
4835,Aromatase_inactives_new_004835,mol_004835,24,23
4836,Aromatase_inactives_new_004836,mol_004836,21,21
4837,Aromatase_inactives_new_004837,mol_004837,25,26
4838,Aromatase_inactives_new_004838,mol_004838,12,12
4839,Aromatase_inactives_new_004839,mol_004839,16,16
4840,Aromatase_inactives_new_004840,mol_004840,17,16
4841,Aromatase_inactives_new_004841,mol_004841,12,11
4842,Aromatase_inactives_new_004842,mol_004842,30,29
4843,Aromatase_inactives_new_004843,mol_004843,12,11
4844,Aromatase_inactives_new_004844,mol_004844,24,25
4845,Aromatase_inactives_new_004845,mol_004845,12,10
4846,Aromatase_inactives_new_004846,mol_004846,13,13
4847,Aromatase_inactives_new_004847,mol_004847,17,17
4848,Aromatase_inactives_new_004848,mol_004848,24,24
4849,Aromatase_inactives_new_004849,mol_004849,23,23
4850,Aromatase_inactives_new_004850,mol_004850,15,15
4851,Aromatase_inactives_new_004851,mol_004851,23,23
4852,Aromatase_inactives_new_004852,mol_004852,14,14
4853,Aromatase_inactives_new_004853,mol_004853,22,22
4854,Aromatase_inactives_new_004854,mol_004854,15,15
4855,Aromatase_inactives_new_004855,mol_004855,19,19
4856,Aromatase_inactives_new_004856,mol_004856,17,18
4857,Aromatase_inactives_new_004857,mol_004857,10,10
4858,Aromatase_inactives_new_004858,mol_004858,39,40
4859,Aromatase_inactives_new_004859,mol_004859,30,32
4860,Aromatase_inactives_new_004860,mol_004860,21,20
4861,Aromatase_inactives_new_004861,mol_004861,21,20
4862,Aromatase_inactives_new_004862,mol_004862,24,24
4863,Aromatase_inactives_new_004863,mol_004863,20,19
4864,Aromatase_inactives_new_004864,mol_004864,14,13
4865,Aromatase_inactives_new_004865,mol_004865,37,39
4866,Aromatase_inactives_new_004866,mol_004866,65,62
4867,Aromatase_inactives_new_004867,mol_004867,32,31
4868,Aromatase_inactives_new_004868,mol_004868,20,20
4869,Aromatase_inactives_new_004869,mol_004869,16,16
4870,Aromatase_inactives_new_004870,mol_004870,19,19
4871,Aromatase_inactives_new_004871,mol_004871,5,4
4872,Aromatase_inactives_new_004872,mol_004872,18,18
4873,Aromatase_inactives_new_004873,mol_004873,20,20
4874,Aromatase_inactives_new_004874,mol_004874,16,16
4875,Aromatase_inactives_new_004875,mol_004875,20,20
4876,Aromatase_inactives_new_004876,mol_004876,24,24
4877,Aromatase_inactives_new_004877,mol_004877,19,19
4878,Aromatase_inactives_new_004878,mol_004878,20,20
4879,Aromatase_inactives_new_004879,mol_004879,15,15
4880,Aromatase_inactives_new_004880,mol_004880,17,17
4881,Aromatase_inactives_new_004881,mol_004881,17,17
4882,Aromatase_inactives_new_004882,mol_004882,30,31
4883,Aromatase_inactives_new_004883,mol_004883,35,36
4884,Aromatase_inactives_new_004884,mol_004884,21,20
4885,Aromatase_inactives_new_004885,mol_004885,21,21
4886,Aromatase_inactives_new_004886,mol_004886,22,22
4887,Aromatase_inactives_new_004887,mol_004887,34,33
4888,Aromatase_inactives_new_004888,mol_004888,29,28
4889,Aromatase_inactives_new_004889,mol_004889,26,26
4890,Aromatase_inactives_new_004890,mol_004890,32,32
4891,Aromatase_inactives_new_004891,mol_004891,22,22
4892,Aromatase_inactives_new_004892,mol_004892,35,34
4893,Aromatase_inactives_new_004893,mol_004893,26,25
4894,Aromatase_inactives_new_004894,mol_004894,27,26
4895,Aromatase_inactives_new_004895,mol_004895,34,33
4896,Aromatase_inactives_new_004896,mol_004896,31,30
4897,Aromatase_inactives_new_004897,mol_004897,21,21
4898,Aromatase_inactives_new_004898,mol_004898,25,26
4899,Aromatase_inactives_new_004899,mol_004899,30,29
4900,Aromatase_inactives_new_004900,mol_004900,61,65
4901,Aromatase_inactives_new_004901,mol_004901,26,25
4902,Aromatase_inactives_new_004902,mol_004902,35,34
4903,Aromatase_inactives_new_004903,mol_004903,32,31
4904,Aromatase_inactives_new_004904,mol_004904,34,34
4905,Aromatase_inactives_new_004905,mol_004905,44,43
4906,Aromatase_inactives_new_004906,mol_004906,36,35
4907,Aromatase_inactives_new_004907,mol_004907,21,20
4908,Aromatase_inactives_new_004908,mol_004908,41,42
4909,Aromatase_inactives_new_004909,mol_004909,33,33
4910,Aromatase_inactives_new_004910,mol_004910,17,17
4911,Aromatase_inactives_new_004911,mol_004911,26,25
4912,Aromatase_inactives_new_004912,mol_004912,19,19
4913,Aromatase_inactives_new_004913,mol_004913,31,32
4914,Aromatase_inactives_new_004914,mol_004914,30,31
4915,Aromatase_inactives_new_004915,mol_004915,42,43
4916,Aromatase_inactives_new_004916,mol_004916,33,32
4917,Aromatase_inactives_new_004917,mol_004917,23,23
4918,Aromatase_inactives_new_004918,mol_004918,110,109
4919,Aromatase_inactives_new_004919,mol_004919,31,32
4920,Aromatase_inactives_new_004920,mol_004920,12,11
4921,Aromatase_inactives_new_004921,mol_004921,37,39
4922,Aromatase_inactives_new_004922,mol_004922,47,51
4923,Aromatase_inactives_new_004923,mol_004923,40,40
4924,Aromatase_inactives_new_004924,mol_004924,19,18
4925,Aromatase_inactives_new_004925,mol_004925,24,25
4926,Aromatase_inactives_new_004926,mol_004926,14,14
4927,Aromatase_inactives_new_004927,mol_004927,14,14
4928,Aromatase_inactives_new_004928,mol_004928,116,121
4929,Aromatase_inactives_new_004929,mol_004929,17,16
4930,Aromatase_inactives_new_004930,mol_004930,26,26
4931,Aromatase_inactives_new_004931,mol_004931,44,43
4932,Aromatase_inactives_new_004932,mol_004932,56,55
4933,Aromatase_inactives_new_004933,mol_004933,56,55
4934,Aromatase_inactives_new_004934,mol_004934,12,11
4935,Aromatase_inactives_new_004935,mol_004935,12,11
4936,Aromatase_inactives_new_004936,mol_004936,27,28
4937,Aromatase_inactives_new_004937,mol_004937,50,49
4938,Aromatase_inactives_new_004938,mol_004938,30,32
4939,Aromatase_inactives_new_004939,mol_004939,17,16
4940,Aromatase_inactives_new_004940,mol_004940,25,26
4941,Aromatase_inactives_new_004941,mol_004941,26,27
4942,Aromatase_inactives_new_004942,mol_004942,37,38
4943,Aromatase_inactives_new_004943,mol_004943,31,31
4944,Aromatase_inactives_new_004944,mol_004944,34,35
4945,Aromatase_inactives_new_004945,mol_004945,48,48
4946,Aromatase_inactives_new_004946,mol_004946,33,33
4947,Aromatase_inactives_new_004947,mol_004947,70,69
4948,Aromatase_inactives_new_004948,mol_004948,29,29
4949,Aromatase_inactives_new_004949,mol_004949,34,33
4950,Aromatase_inactives_new_004950,mol_004950,34,33
4951,Aromatase_inactives_new_004951,mol_004951,18,18
4952,Aromatase_inactives_new_004952,mol_004952,19,19
4953,Aromatase_inactives_new_004953,mol_004953,41,42
4954,Aromatase_inactives_new_004954,mol_004954,29,30
4955,Aromatase_inactives_new_004955,mol_004955,16,16
4956,Aromatase_inactives_new_004956,mol_004956,19,19
4957,Aromatase_inactives_new_004957,mol_004957,24,24
4958,Aromatase_inactives_new_004958,mol_004958,15,15
4959,Aromatase_inactives_new_004959,mol_004959,12,12
4960,Aromatase_inactives_new_004960,mol_004960,26,26
4961,Aromatase_inactives_new_004961,mol_004961,33,33
4962,Aromatase_inactives_new_004962,mol_004962,27,27
4963,Aromatase_inactives_new_004963,mol_004963,27,27
4964,Aromatase_inactives_new_004964,mol_004964,19,20
4965,Aromatase_inactives_new_004965,mol_004965,17,17
4966,Aromatase_inactives_new_004966,mol_004966,22,22
4967,Aromatase_inactives_new_004967,mol_004967,19,19
4968,Aromatase_inactives_new_004968,mol_004968,18,18
4969,Aromatase_inactives_new_004969,mol_004969,17,17
4970,Aromatase_inactives_new_004970,mol_004970,12,12
4971,Aromatase_inactives_new_004971,mol_004971,41,42
4972,Aromatase_inactives_new_004972,mol_004972,20,21
4973,Aromatase_inactives_new_004973,mol_004973,29,31
4974,Aromatase_inactives_new_004974,mol_004974,17,17
4975,Aromatase_inactives_new_004975,mol_004975,13,13
4976,Aromatase_inactives_new_004976,mol_004976,13,13
4977,Aromatase_inactives_new_004977,mol_004977,30,30
4978,Aromatase_inactives_new_004978,mol_004978,10,10
4979,Aromatase_inactives_new_004979,mol_004979,33,34
4980,Aromatase_inactives_new_004980,mol_004980,21,22
4981,Aromatase_inactives_new_004981,mol_004981,21,22
4982,Aromatase_inactives_new_004982,mol_004982,36,37
4983,Aromatase_inactives_new_004983,mol_004983,18,18
4984,Aromatase_inactives_new_004984,mol_004984,14,14
4985,Aromatase_inactives_new_004985,mol_004985,16,16
4986,Aromatase_inactives_new_004986,mol_004986,21,21
4987,Aromatase_inactives_new_004987,mol_004987,35,37
4988,Aromatase_inactives_new_004988,mol_004988,12,11
4989,Aromatase_inactives_new_004989,mol_004989,29,28
4990,Aromatase_inactives_new_004990,mol_004990,42,44
4991,Aromatase_inactives_new_004991,mol_004991,25,26
4992,Aromatase_inactives_new_004992,mol_004992,25,26
4993,Aromatase_inactives_new_004993,mol_004993,24,25
4994,Aromatase_inactives_new_004994,mol_004994,61,61
4995,Aromatase_inactives_new_004995,mol_004995,15,15
4996,Aromatase_inactives_new_004996,mol_004996,13,13
4997,Aromatase_inactives_new_004997,mol_004997,10,10
4998,Aromatase_inactives_new_004998,mol_004998,22,24
4999,Aromatase_inactives_new_004999,mol_004999,7,6
5000,Aromatase_inactives_new_005000,mol_005000,18,17
5001,Aromatase_inactives_new_005001,mol_005001,16,16
5002,Aromatase_inactives_new_005002,mol_005002,16,16
5003,Aromatase_inactives_new_005003,mol_005003,17,17
5004,Aromatase_inactives_new_005004,mol_005004,17,17
5005,Aromatase_inactives_new_005005,mol_005005,21,20
5006,Aromatase_inactives_new_005006,mol_005006,21,20
5007,Aromatase_inactives_new_005007,mol_005007,32,32
5008,Aromatase_inactives_new_005008,mol_005008,25,25
5009,Aromatase_inactives_new_005009,mol_005009,47,47
5010,Aromatase_inactives_new_005010,mol_005010,30,30
5011,Aromatase_inactives_new_005011,mol_005011,19,19
5012,Aromatase_inactives_new_005012,mol_005012,17,17
5013,Aromatase_inactives_new_005013,mol_005013,19,19
5014,Aromatase_inactives_new_005014,mol_005014,19,19
5015,Aromatase_inactives_new_005015,mol_005015,13,13
5016,Aromatase_inactives_new_005016,mol_005016,13,13
5017,Aromatase_inactives_new_005017,mol_005017,14,14
5018,Aromatase_inactives_new_005018,mol_005018,14,14
5019,Aromatase_inactives_new_005019,mol_005019,20,20
5020,Aromatase_inactives_new_005020,mol_005020,37,37
5021,Aromatase_inactives_new_005021,mol_005021,12,12
5022,Aromatase_inactives_new_005022,mol_005022,16,16
5023,Aromatase_inactives_new_005023,mol_005023,29,30
5024,Aromatase_inactives_new_005024,mol_005024,20,21
5025,Aromatase_inactives_new_005025,mol_005025,21,20
5026,Aromatase_inactives_new_005026,mol_005026,67,66
5027,Aromatase_inactives_new_005027,mol_005027,38,38
5028,Aromatase_inactives_new_005028,mol_005028,30,30
5029,Aromatase_inactives_new_005029,mol_005029,27,28
5030,Aromatase_inactives_new_005030,mol_005030,18,18
5031,Aromatase_inactives_new_005031,mol_005031,35,34
5032,Aromatase_inactives_new_005032,mol_005032,36,35
5033,Aromatase_inactives_new_005033,mol_005033,15,16
5034,Aromatase_inactives_new_005034,mol_005034,37,38
5035,Aromatase_inactives_new_005035,mol_005035,24,25
5036,Aromatase_inactives_new_005036,mol_005036,22,22
5037,Aromatase_inactives_new_005037,mol_005037,11,11
5038,Aromatase_inactives_new_005038,mol_005038,15,16
5039,Aromatase_inactives_new_005039,mol_005039,17,16
5040,Aromatase_inactives_new_005040,mol_005040,9,4
5041,Aromatase_inactives_new_005041,mol_005041,20,19
5042,Aromatase_inactives_new_005042,mol_005042,62,62
5043,Aromatase_inactives_new_005043,mol_005043,51,53
5044,Aromatase_inactives_new_005044,mol_005044,42,40
5045,Aromatase_inactives_new_005045,mol_005045,31,30
5046,Aromatase_inactives_new_005046,mol_005046,54,52
5047,Aromatase_inactives_new_005047,mol_005047,31,30
5048,Aromatase_inactives_new_005048,mol_005048,3,0
5049,Aromatase_inactives_new_005049,mol_005049,9,6
5050,Aromatase_inactives_new_005050,mol_005050,7,5
5051,Aromatase_inactives_new_005051,mol_005051,23,20
5052,Aromatase_inactives_new_005052,mol_005052,36,36
5053,Aromatase_inactives_new_005053,mol_005053,43,40
5054,Aromatase_inactives_new_005054,mol_005054,13,11
5055,Aromatase_inactives_new_005055,mol_005055,18,16
5056,Aromatase_inactives_new_005056,mol_005056,21,19
5057,Aromatase_inactives_new_005057,mol_005057,23,22
5058,Aromatase_inactives_new_005058,mol_005058,35,33
5059,Aromatase_inactives_new_005059,mol_005059,28,27
5060,Aromatase_inactives_new_005060,mol_005060,21,20
5061,Aromatase_inactives_new_005061,mol_005061,26,24
5062,Aromatase_inactives_new_005062,mol_005062,26,24
5063,Aromatase_inactives_new_005063,mol_005063,51,50
5064,Aromatase_inactives_new_005064,mol_005064,45,43
5065,Aromatase_inactives_new_005065,mol_005065,31,30
5066,Aromatase_inactives_new_005066,mol_005066,25,24
5067,Aromatase_inactives_new_005067,mol_005067,21,20
5068,Aromatase_inactives_new_005068,mol_005068,21,20
5069,Aromatase_inactives_new_005069,mol_005069,34,31
5070,Aromatase_inactives_new_005070,mol_005070,28,27
5071,Aromatase_inactives_new_005071,mol_005071,20,19
5072,Aromatase_inactives_new_005072,mol_005072,23,22
5073,Aromatase_inactives_new_005073,mol_005073,28,27
5074,Aromatase_inactives_new_005074,mol_005074,28,27
5075,Aromatase_inactives_new_005075,mol_005075,25,24
5076,Aromatase_inactives_new_005076,mol_005076,2,0
5077,Aromatase_inactives_new_005077,mol_005077,12,9
5078,Aromatase_inactives_new_005078,mol_005078,5,3
5079,Aromatase_inactives_new_005079,mol_005079,16,14
5080,Aromatase_inactives_new_005080,mol_005080,26,24
5081,Aromatase_inactives_new_005081,mol_005081,15,14
5082,Aromatase_inactives_new_005082,mol_005082,24,24
5083,Aromatase_inactives_new_005083,mol_005083,8,6
5084,Aromatase_inactives_new_005084,mol_005084,5,3
5085,Aromatase_inactives_new_005085,mol_005085,5,3
5086,Aromatase_inactives_new_005086,mol_005086,4,2
5087,Aromatase_inactives_new_005087,mol_005087,23,23
5088,Aromatase_inactives_new_005088,mol_005088,23,23
5089,Aromatase_inactives_new_005089,mol_005089,4,2
5090,Aromatase_inactives_new_005090,mol_005090,12,11
5091,Aromatase_inactives_new_005091,mol_005091,25,23
5092,Aromatase_inactives_new_005092,mol_005092,16,16
5093,Aromatase_inactives_new_005093,mol_005093,18,17
5094,Aromatase_inactives_new_005094,mol_005094,2,0
5095,Aromatase_inactives_new_005095,mol_005095,13,10
5096,Aromatase_inactives_new_005096,mol_005096,38,39
5097,Aromatase_inactives_new_005097,mol_005097,27,26
5098,Aromatase_inactives_new_005098,mol_005098,43,43
5099,Aromatase_inactives_new_005099,mol_005099,74,76
5100,Aromatase_inactives_new_005100,mol_005100,48,48
5101,Aromatase_inactives_new_005101,mol_005101,45,45
5102,Aromatase_inactives_new_005102,mol_005102,38,37
5103,Aromatase_inactives_new_005103,mol_005103,38,37
5104,Aromatase_inactives_new_005104,mol_005104,5,3
5105,Aromatase_inactives_new_005105,mol_005105,32,32
5106,Aromatase_inactives_new_005106,mol_005106,8,6
5107,Aromatase_inactives_new_005107,mol_005107,8,6
5108,Aromatase_inactives_new_005108,mol_005108,8,6
5109,Aromatase_inactives_new_005109,mol_005109,13,12
5110,Aromatase_inactives_new_005110,mol_005110,5,3
5111,Aromatase_inactives_new_005111,mol_005111,4,2
5112,Aromatase_inactives_new_005112,mol_005112,4,2
5113,Aromatase_inactives_new_005113,mol_005113,10,8
5114,Aromatase_inactives_new_005114,mol_005114,23,23
5115,Aromatase_inactives_new_005115,mol_005115,22,22
5116,Aromatase_inactives_new_005116,mol_005116,34,34
5117,Aromatase_inactives_new_005117,mol_005117,13,11
5118,Aromatase_inactives_new_005118,mol_005118,13,11
5119,Aromatase_inactives_new_005119,mol_005119,38,38
5120,Aromatase_inactives_new_005120,mol_005120,10,8
5121,Aromatase_inactives_new_005121,mol_005121,10,8
5122,Aromatase_inactives_new_005122,mol_005122,31,29
5123,Aromatase_inactives_new_005123,mol_005123,4,2
5124,Aromatase_inactives_new_005124,mol_005124,13,12
5125,Aromatase_inactives_new_005125,mol_005125,13,12
5126,Aromatase_inactives_new_005126,mol_005126,16,14
5127,Aromatase_inactives_new_005127,mol_005127,10,8
5128,Aromatase_inactives_new_005128,mol_005128,39,40
5129,Aromatase_inactives_new_005129,mol_005129,32,30
5130,Aromatase_inactives_new_005130,mol_005130,11,9
5131,Aromatase_inactives_new_005131,mol_005131,22,21
5132,Aromatase_inactives_new_005132,mol_005132,19,18
5133,Aromatase_inactives_new_005133,mol_005133,19,18
5134,Aromatase_inactives_new_005134,mol_005134,25,24
5135,Aromatase_inactives_new_005135,mol_005135,8,6
5136,Aromatase_inactives_new_005136,mol_005136,8,6
5137,Aromatase_inactives_new_005137,mol_005137,31,31
5138,Aromatase_inactives_new_005138,mol_005138,12,11
5139,Aromatase_inactives_new_005139,mol_005139,49,50
5140,Aromatase_inactives_new_005140,mol_005140,37,37
5141,Aromatase_inactives_new_005141,mol_005141,6,4
5142,Aromatase_inactives_new_005142,mol_005142,6,4
5143,Aromatase_inactives_new_005143,mol_005143,6,4
5144,Aromatase_inactives_new_005144,mol_005144,18,17
5145,Aromatase_inactives_new_005145,mol_005145,18,15
5146,Aromatase_inactives_new_005146,mol_005146,29,25
5147,Aromatase_inactives_new_005147,mol_005147,20,19
5148,Aromatase_inactives_new_005148,mol_005148,17,16
5149,Aromatase_inactives_new_005149,mol_005149,15,14
5150,Aromatase_inactives_new_005150,mol_005150,29,28
5151,Aromatase_inactives_new_005151,mol_005151,48,46
5152,Aromatase_inactives_new_005152,mol_005152,50,50
5153,Aromatase_inactives_new_005153,mol_005153,27,25
5154,Aromatase_inactives_new_005154,mol_005154,22,21
5155,Aromatase_inactives_new_005155,mol_005155,25,24
5156,Aromatase_inactives_new_005156,mol_005156,31,29
5157,Aromatase_inactives_new_005157,mol_005157,27,27
5158,Aromatase_inactives_new_005158,mol_005158,33,32
5159,Aromatase_inactives_new_005159,mol_005159,29,26
5160,Aromatase_inactives_new_005160,mol_005160,20,17
5161,Aromatase_inactives_new_005161,mol_005161,11,9
5162,Aromatase_inactives_new_005162,mol_005162,10,8
5163,Aromatase_inactives_new_005163,mol_005163,10,8
5164,Aromatase_inactives_new_005164,mol_005164,12,10
5165,Aromatase_inactives_new_005165,mol_005165,8,6
5166,Aromatase_inactives_new_005166,mol_005166,17,16
5167,Aromatase_inactives_new_005167,mol_005167,25,25
5168,Aromatase_inactives_new_005168,mol_005168,17,18
5169,Aromatase_inactives_new_005169,mol_005169,26,27
5170,Aromatase_inactives_new_005170,mol_005170,18,19
5171,Aromatase_inactives_new_005171,mol_005171,17,18
5172,Aromatase_inactives_new_005172,mol_005172,19,20
5173,Aromatase_inactives_new_005173,mol_005173,19,20
5174,Aromatase_inactives_new_005174,mol_005174,14,14
5175,Aromatase_inactives_new_005175,mol_005175,13,12
5176,Aromatase_inactives_new_005176,mol_005176,13,12
5177,Aromatase_inactives_new_005177,mol_005177,16,15
5178,Aromatase_inactives_new_005178,mol_005178,7,6
5179,Aromatase_inactives_new_005179,mol_005179,50,50
5180,Aromatase_inactives_new_005180,mol_005180,66,64
5181,Aromatase_inactives_new_005181,mol_005181,19,17
5182,Aromatase_inactives_new_005182,mol_005182,29,28
5183,Aromatase_inactives_new_005183,mol_005183,23,21
5184,Aromatase_inactives_new_005184,mol_005184,3,0
5185,Aromatase_inactives_new_005185,mol_005185,25,24
5186,Aromatase_inactives_new_005186,mol_005186,25,24
5187,Aromatase_inactives_new_005187,mol_005187,28,27
5188,Aromatase_inactives_new_005188,mol_005188,45,47
5189,Aromatase_inactives_new_005189,mol_005189,8,7
5190,Aromatase_inactives_new_005190,mol_005190,5,4
5191,Aromatase_inactives_new_005191,mol_005191,8,7
5192,Aromatase_inactives_new_005192,mol_005192,8,7
5193,Aromatase_inactives_new_005193,mol_005193,11,10
5194,Aromatase_inactives_new_005194,mol_005194,14,13
5195,Aromatase_inactives_new_005195,mol_005195,5,4
5196,Aromatase_inactives_new_005196,mol_005196,12,12
5197,Aromatase_inactives_new_005197,mol_005197,23,24
5198,Aromatase_inactives_new_005198,mol_005198,51,52
5199,Aromatase_inactives_new_005199,mol_005199,12,12
5200,Aromatase_inactives_new_005200,mol_005200,22,23
5201,Aromatase_inactives_new_005201,mol_005201,12,12
5202,Aromatase_inactives_new_005202,mol_005202,23,24
5203,Aromatase_inactives_new_005203,mol_005203,23,24
5204,Aromatase_inactives_new_005204,mol_005204,5,4
5205,Aromatase_inactives_new_005205,mol_005205,8,7
5206,Aromatase_inactives_new_005206,mol_005206,6,5
5207,Aromatase_inactives_new_005207,mol_005207,11,10
5208,Aromatase_inactives_new_005208,mol_005208,11,10
5209,Aromatase_inactives_new_005209,mol_005209,14,13
5210,Aromatase_inactives_new_005210,mol_005210,17,16
5211,Aromatase_inactives_new_005211,mol_005211,17,16
5212,Aromatase_inactives_new_005212,mol_005212,20,19
5213,Aromatase_inactives_new_005213,mol_005213,26,25
5214,Aromatase_inactives_new_005214,mol_005214,50,49
5215,Aromatase_inactives_new_005215,mol_005215,8,7
5216,Aromatase_inactives_new_005216,mol_005216,19,19
5217,Aromatase_inactives_new_005217,mol_005217,29,28
5218,Aromatase_inactives_new_005218,mol_005218,21,21
5219,Aromatase_inactives_new_005219,mol_005219,8,7
5220,Aromatase_inactives_new_005220,mol_005220,28,29
5221,Aromatase_inactives_new_005221,mol_005221,29,30
5222,Aromatase_inactives_new_005222,mol_005222,14,13
5223,Aromatase_inactives_new_005223,mol_005223,23,22
5224,Aromatase_inactives_new_005224,mol_005224,23,22
5225,Aromatase_inactives_new_005225,mol_005225,16,15
5226,Aromatase_inactives_new_005226,mol_005226,15,14
5227,Aromatase_inactives_new_005227,mol_005227,15,14
5228,Aromatase_inactives_new_005228,mol_005228,29,30
5229,Aromatase_inactives_new_005229,mol_005229,29,30
5230,Aromatase_inactives_new_005230,mol_005230,39,41
5231,Aromatase_inactives_new_005231,mol_005231,29,30
5232,Aromatase_inactives_new_005232,mol_005232,14,13
5233,Aromatase_inactives_new_005233,mol_005233,27,28
5234,Aromatase_inactives_new_005234,mol_005234,29,28
5235,Aromatase_inactives_new_005235,mol_005235,37,37
5236,Aromatase_inactives_new_005236,mol_005236,25,24
5237,Aromatase_inactives_new_005237,mol_005237,31,30
5238,Aromatase_inactives_new_005238,mol_005238,24,23
5239,Aromatase_inactives_new_005239,mol_005239,29,28
5240,Aromatase_inactives_new_005240,mol_005240,30,29
5241,Aromatase_inactives_new_005241,mol_005241,29,28
5242,Aromatase_inactives_new_005242,mol_005242,14,13
5243,Aromatase_inactives_new_005243,mol_005243,28,27
5244,Aromatase_inactives_new_005244,mol_005244,27,26
5245,Aromatase_inactives_new_005245,mol_005245,33,32
5246,Aromatase_inactives_new_005246,mol_005246,29,28
5247,Aromatase_inactives_new_005247,mol_005247,19,18
5248,Aromatase_inactives_new_005248,mol_005248,50,50
5249,Aromatase_inactives_new_005249,mol_005249,30,30
5250,Aromatase_inactives_new_005250,mol_005250,8,7
5251,Aromatase_inactives_new_005251,mol_005251,20,19
5252,Aromatase_inactives_new_005252,mol_005252,24,23
5253,Aromatase_inactives_new_005253,mol_005253,15,14
5254,Aromatase_inactives_new_005254,mol_005254,31,30
5255,Aromatase_inactives_new_005255,mol_005255,34,33
5256,Aromatase_inactives_new_005256,mol_005256,29,28
5257,Aromatase_inactives_new_005257,mol_005257,41,40
5258,Aromatase_inactives_new_005258,mol_005258,40,39
5259,Aromatase_inactives_new_005259,mol_005259,34,33
5260,Aromatase_inactives_new_005260,mol_005260,31,30
5261,Aromatase_inactives_new_005261,mol_005261,31,30
5262,Aromatase_inactives_new_005262,mol_005262,31,30
5263,Aromatase_inactives_new_005263,mol_005263,43,42
5264,Aromatase_inactives_new_005264,mol_005264,17,16
5265,Aromatase_inactives_new_005265,mol_005265,16,15
5266,Aromatase_inactives_new_005266,mol_005266,22,24
5267,Aromatase_inactives_new_005267,mol_005267,12,11
5268,Aromatase_inactives_new_005268,mol_005268,38,39
5269,Aromatase_inactives_new_005269,mol_005269,15,14
5270,Aromatase_inactives_new_005270,mol_005270,18,17
5271,Aromatase_inactives_new_005271,mol_005271,25,25
5272,Aromatase_inactives_new_005272,mol_005272,48,47
5273,Aromatase_inactives_new_005273,mol_005273,52,51
5274,Aromatase_inactives_new_005274,mol_005274,19,18
5275,Aromatase_inactives_new_005275,mol_005275,13,12
5276,Aromatase_inactives_new_005276,mol_005276,13,12
5277,Aromatase_inactives_new_005277,mol_005277,19,19
5278,Aromatase_inactives_new_005278,mol_005278,24,23
5279,Aromatase_inactives_new_005279,mol_005279,24,23
5280,Aromatase_inactives_new_005280,mol_005280,20,19
5281,Aromatase_inactives_new_005281,mol_005281,15,14
5282,Aromatase_inactives_new_005282,mol_005282,6,5
5283,Aromatase_inactives_new_005283,mol_005283,28,27
5284,Aromatase_inactives_new_005284,mol_005284,21,20
5285,Aromatase_inactives_new_005285,mol_005285,39,40
5286,Aromatase_inactives_new_005286,mol_005286,7,6
5287,Aromatase_inactives_new_005287,mol_005287,7,6
5288,Aromatase_inactives_new_005288,mol_005288,34,33
5289,Aromatase_inactives_new_005289,mol_005289,23,22
5290,Aromatase_inactives_new_005290,mol_005290,21,20
5291,Aromatase_inactives_new_005291,mol_005291,21,20
5292,Aromatase_inactives_new_005292,mol_005292,28,27
5293,Aromatase_inactives_new_005293,mol_005293,10,9
5294,Aromatase_inactives_new_005294,mol_005294,20,20
5295,Aromatase_inactives_new_005295,mol_005295,20,20
5296,Aromatase_inactives_new_005296,mol_005296,22,23
5297,Aromatase_inactives_new_005297,mol_005297,22,23
5298,Aromatase_inactives_new_005298,mol_005298,13,12
5299,Aromatase_inactives_new_005299,mol_005299,39,38
5300,Aromatase_inactives_new_005300,mol_005300,33,33
5301,Aromatase_inactives_new_005301,mol_005301,18,17
5302,Aromatase_inactives_new_005302,mol_005302,18,17
5303,Aromatase_inactives_new_005303,mol_005303,33,33
5304,Aromatase_inactives_new_005304,mol_005304,37,36
5305,Aromatase_inactives_new_005305,mol_005305,34,34
5306,Aromatase_inactives_new_005306,mol_005306,20,19
5307,Aromatase_inactives_new_005307,mol_005307,25,24
5308,Aromatase_inactives_new_005308,mol_005308,11,11
5309,Aromatase_inactives_new_005309,mol_005309,20,20
5310,Aromatase_inactives_new_005310,mol_005310,26,27
5311,Aromatase_inactives_new_005311,mol_005311,22,24
5312,Aromatase_inactives_new_005312,mol_005312,22,24
5313,Aromatase_inactives_new_005313,mol_005313,23,25
5314,Aromatase_inactives_new_005314,mol_005314,18,19
5315,Aromatase_inactives_new_005315,mol_005315,18,19
5316,Aromatase_inactives_new_005316,mol_005316,17,18
5317,Aromatase_inactives_new_005317,mol_005317,15,16
5318,Aromatase_inactives_new_005318,mol_005318,15,16
5319,Aromatase_inactives_new_005319,mol_005319,21,23
5320,Aromatase_inactives_new_005320,mol_005320,14,15
5321,Aromatase_inactives_new_005321,mol_005321,25,26
5322,Aromatase_inactives_new_005322,mol_005322,23,23
5323,Aromatase_inactives_new_005323,mol_005323,11,11
5324,Aromatase_inactives_new_005324,mol_005324,9,9
5325,Aromatase_inactives_new_005325,mol_005325,14,14
5326,Aromatase_inactives_new_005326,mol_005326,7,7
5327,Aromatase_inactives_new_005327,mol_005327,20,21
5328,Aromatase_inactives_new_005328,mol_005328,26,28
5329,Aromatase_inactives_new_005329,mol_005329,20,21
5330,Aromatase_inactives_new_005330,mol_005330,27,28
5331,Aromatase_inactives_new_005331,mol_005331,6,5
5332,Aromatase_inactives_new_005332,mol_005332,29,29
5333,Aromatase_inactives_new_005333,mol_005333,22,21
5334,Aromatase_inactives_new_005334,mol_005334,20,20
5335,Aromatase_inactives_new_005335,mol_005335,27,27
5336,Aromatase_inactives_new_005336,mol_005336,31,30
5337,Aromatase_inactives_new_005337,mol_005337,21,20
5338,Aromatase_inactives_new_005338,mol_005338,18,17
5339,Aromatase_inactives_new_005339,mol_005339,12,11
5340,Aromatase_inactives_new_005340,mol_005340,14,13
5341,Aromatase_inactives_new_005341,mol_005341,16,16
5342,Aromatase_inactives_new_005342,mol_005342,16,16
5343,Aromatase_inactives_new_005343,mol_005343,15,15
5344,Aromatase_inactives_new_005344,mol_005344,13,13
5345,Aromatase_inactives_new_005345,mol_005345,13,13
5346,Aromatase_inactives_new_005346,mol_005346,43,44
5347,Aromatase_inactives_new_005347,mol_005347,13,12
5348,Aromatase_inactives_new_005348,mol_005348,16,15
5349,Aromatase_inactives_new_005349,mol_005349,35,35
5350,Aromatase_inactives_new_005350,mol_005350,20,19
5351,Aromatase_inactives_new_005351,mol_005351,23,22
5352,Aromatase_inactives_new_005352,mol_005352,15,14
5353,Aromatase_inactives_new_005353,mol_005353,39,41
5354,Aromatase_inactives_new_005354,mol_005354,39,41
5355,Aromatase_inactives_new_005355,mol_005355,16,15
5356,Aromatase_inactives_new_005356,mol_005356,18,17
5357,Aromatase_inactives_new_005357,mol_005357,26,27
5358,Aromatase_inactives_new_005358,mol_005358,23,23
5359,Aromatase_inactives_new_005359,mol_005359,23,23
5360,Aromatase_inactives_new_005360,mol_005360,22,21
5361,Aromatase_inactives_new_005361,mol_005361,34,33
5362,Aromatase_inactives_new_005362,mol_005362,10,9
5363,Aromatase_inactives_new_005363,mol_005363,12,11
5364,Aromatase_inactives_new_005364,mol_005364,8,7
5365,Aromatase_inactives_new_005365,mol_005365,34,35
5366,Aromatase_inactives_new_005366,mol_005366,20,19
5367,Aromatase_inactives_new_005367,mol_005367,34,34
5368,Aromatase_inactives_new_005368,mol_005368,13,12
5369,Aromatase_inactives_new_005369,mol_005369,20,19
5370,Aromatase_inactives_new_005370,mol_005370,21,20
5371,Aromatase_inactives_new_005371,mol_005371,34,35
5372,Aromatase_inactives_new_005372,mol_005372,25,25
5373,Aromatase_inactives_new_005373,mol_005373,24,25
5374,Aromatase_inactives_new_005374,mol_005374,21,21
5375,Aromatase_inactives_new_005375,mol_005375,17,16
5376,Aromatase_inactives_new_005376,mol_005376,24,24
5377,Aromatase_inactives_new_005377,mol_005377,30,30
5378,Aromatase_inactives_new_005378,mol_005378,20,19
5379,Aromatase_inactives_new_005379,mol_005379,27,27
5380,Aromatase_inactives_new_005380,mol_005380,35,34
5381,Aromatase_inactives_new_005381,mol_005381,36,35
5382,Aromatase_inactives_new_005382,mol_005382,38,37
5383,Aromatase_inactives_new_005383,mol_005383,48,47
5384,Aromatase_inactives_new_005384,mol_005384,48,47
5385,Aromatase_inactives_new_005385,mol_005385,20,19
5386,Aromatase_inactives_new_005386,mol_005386,21,20
5387,Aromatase_inactives_new_005387,mol_005387,33,33
5388,Aromatase_inactives_new_005388,mol_005388,27,26
5389,Aromatase_inactives_new_005389,mol_005389,26,25
5390,Aromatase_inactives_new_005390,mol_005390,19,18
5391,Aromatase_inactives_new_005391,mol_005391,19,18
5392,Aromatase_inactives_new_005392,mol_005392,25,24
5393,Aromatase_inactives_new_005393,mol_005393,19,18
5394,Aromatase_inactives_new_005394,mol_005394,19,18
5395,Aromatase_inactives_new_005395,mol_005395,20,19
5396,Aromatase_inactives_new_005396,mol_005396,23,22
5397,Aromatase_inactives_new_005397,mol_005397,19,18
5398,Aromatase_inactives_new_005398,mol_005398,92,93
5399,Aromatase_inactives_new_005399,mol_005399,75,76
5400,Aromatase_inactives_new_005400,mol_005400,29,29
5401,Aromatase_inactives_new_005401,mol_005401,25,25
5402,Aromatase_inactives_new_005402,mol_005402,26,26
5403,Aromatase_inactives_new_005403,mol_005403,45,47
5404,Aromatase_inactives_new_005404,mol_005404,31,31
5405,Aromatase_inactives_new_005405,mol_005405,44,44
5406,Aromatase_inactives_new_005406,mol_005406,24,24
5407,Aromatase_inactives_new_005407,mol_005407,72,73
5408,Aromatase_inactives_new_005408,mol_005408,28,27
5409,Aromatase_inactives_new_005409,mol_005409,30,29
5410,Aromatase_inactives_new_005410,mol_005410,14,13
5411,Aromatase_inactives_new_005411,mol_005411,16,15
5412,Aromatase_inactives_new_005412,mol_005412,20,19
5413,Aromatase_inactives_new_005413,mol_005413,23,22
5414,Aromatase_inactives_new_005414,mol_005414,32,31
5415,Aromatase_inactives_new_005415,mol_005415,18,17
5416,Aromatase_inactives_new_005416,mol_005416,32,32
5417,Aromatase_inactives_new_005417,mol_005417,15,14
5418,Aromatase_inactives_new_005418,mol_005418,63,67
5419,Aromatase_inactives_new_005419,mol_005419,20,19
5420,Aromatase_inactives_new_005420,mol_005420,55,57
5421,Aromatase_inactives_new_005421,mol_005421,23,22
5422,Aromatase_inactives_new_005422,mol_005422,11,10
5423,Aromatase_inactives_new_005423,mol_005423,34,33
5424,Aromatase_inactives_new_005424,mol_005424,34,33
5425,Aromatase_inactives_new_005425,mol_005425,40,41
5426,Aromatase_inactives_new_005426,mol_005426,32,32
5427,Aromatase_inactives_new_005427,mol_005427,31,30
5428,Aromatase_inactives_new_005428,mol_005428,19,18
5429,Aromatase_inactives_new_005429,mol_005429,30,29
5430,Aromatase_inactives_new_005430,mol_005430,31,31
5431,Aromatase_inactives_new_005431,mol_005431,31,31
5432,Aromatase_inactives_new_005432,mol_005432,31,31
5433,Aromatase_inactives_new_005433,mol_005433,51,51
5434,Aromatase_inactives_new_005434,mol_005434,58,60
5435,Aromatase_inactives_new_005435,mol_005435,29,29
5436,Aromatase_inactives_new_005436,mol_005436,31,31
5437,Aromatase_inactives_new_005437,mol_005437,13,12
5438,Aromatase_inactives_new_005438,mol_005438,12,11
5439,Aromatase_inactives_new_005439,mol_005439,25,24
5440,Aromatase_inactives_new_005440,mol_005440,26,25
5441,Aromatase_inactives_new_005441,mol_005441,31,31
5442,Aromatase_inactives_new_005442,mol_005442,30,30
5443,Aromatase_inactives_new_005443,mol_005443,31,31
5444,Aromatase_inactives_new_005444,mol_005444,22,22
5445,Aromatase_inactives_new_005445,mol_005445,36,36
5446,Aromatase_inactives_new_005446,mol_005446,40,40
5447,Aromatase_inactives_new_005447,mol_005447,31,31
5448,Aromatase_inactives_new_005448,mol_005448,31,31
5449,Aromatase_inactives_new_005449,mol_005449,23,23
5450,Aromatase_inactives_new_005450,mol_005450,32,32
5451,Aromatase_inactives_new_005451,mol_005451,22,22
5452,Aromatase_inactives_new_005452,mol_005452,80,81
5453,Aromatase_inactives_new_005453,mol_005453,21,20
5454,Aromatase_inactives_new_005454,mol_005454,23,22
5455,Aromatase_inactives_new_005455,mol_005455,24,23
5456,Aromatase_inactives_new_005456,mol_005456,24,23
5457,Aromatase_inactives_new_005457,mol_005457,30,30
5458,Aromatase_inactives_new_005458,mol_005458,26,25
5459,Aromatase_inactives_new_005459,mol_005459,23,22
5460,Aromatase_inactives_new_005460,mol_005460,37,36
5461,Aromatase_inactives_new_005461,mol_005461,22,21
5462,Aromatase_inactives_new_005462,mol_005462,30,29
5463,Aromatase_inactives_new_005463,mol_005463,20,20
5464,Aromatase_inactives_new_005464,mol_005464,20,19
5465,Aromatase_inactives_new_005465,mol_005465,32,31
5466,Aromatase_inactives_new_005466,mol_005466,22,21
5467,Aromatase_inactives_new_005467,mol_005467,81,82
5468,Aromatase_inactives_new_005468,mol_005468,31,30
5469,Aromatase_inactives_new_005469,mol_005469,111,111
5470,Aromatase_inactives_new_005470,mol_005470,31,30
5471,Aromatase_inactives_new_005471,mol_005471,74,73
5472,Aromatase_inactives_new_005472,mol_005472,33,32
5473,Aromatase_inactives_new_005473,mol_005473,18,17
5474,Aromatase_inactives_new_005474,mol_005474,32,31
5475,Aromatase_inactives_new_005475,mol_005475,29,28
5476,Aromatase_inactives_new_005476,mol_005476,31,31
5477,Aromatase_inactives_new_005477,mol_005477,37,36
5478,Aromatase_inactives_new_005478,mol_005478,28,27
5479,Aromatase_inactives_new_005479,mol_005479,15,14
5480,Aromatase_inactives_new_005480,mol_005480,44,43
5481,Aromatase_inactives_new_005481,mol_005481,16,15
5482,Aromatase_inactives_new_005482,mol_005482,32,32
5483,Aromatase_inactives_new_005483,mol_005483,28,29
5484,Aromatase_inactives_new_005484,mol_005484,28,29
5485,Aromatase_inactives_new_005485,mol_005485,35,35
5486,Aromatase_inactives_new_005486,mol_005486,25,26
5487,Aromatase_inactives_new_005487,mol_005487,19,18
5488,Aromatase_inactives_new_005488,mol_005488,26,25
5489,Aromatase_inactives_new_005489,mol_005489,24,24
5490,Aromatase_inactives_new_005490,mol_005490,36,36
5491,Aromatase_inactives_new_005491,mol_005491,27,27
5492,Aromatase_inactives_new_005492,mol_005492,32,31
5493,Aromatase_inactives_new_005493,mol_005493,59,58
5494,Aromatase_inactives_new_005494,mol_005494,21,20
5495,Aromatase_inactives_new_005495,mol_005495,14,13
5496,Aromatase_inactives_new_005496,mol_005496,23,23
5497,Aromatase_inactives_new_005497,mol_005497,33,32
5498,Aromatase_inactives_new_005498,mol_005498,30,29
5499,Aromatase_inactives_new_005499,mol_005499,33,33
5500,Aromatase_inactives_new_005500,mol_005500,23,22
5501,Aromatase_inactives_new_005501,mol_005501,18,17
5502,Aromatase_inactives_new_005502,mol_005502,18,17
5503,Aromatase_inactives_new_005503,mol_005503,32,31
5504,Aromatase_inactives_new_005504,mol_005504,20,19
5505,Aromatase_inactives_new_005505,mol_005505,27,26
5506,Aromatase_inactives_new_005506,mol_005506,20,19
5507,Aromatase_inactives_new_005507,mol_005507,20,19
5508,Aromatase_inactives_new_005508,mol_005508,27,26
5509,Aromatase_inactives_new_005509,mol_005509,31,31
5510,Aromatase_inactives_new_005510,mol_005510,23,22
5511,Aromatase_inactives_new_005511,mol_005511,21,20
5512,Aromatase_inactives_new_005512,mol_005512,10,9
5513,Aromatase_inactives_new_005513,mol_005513,11,10
5514,Aromatase_inactives_new_005514,mol_005514,11,10
5515,Aromatase_inactives_new_005515,mol_005515,8,7
5516,Aromatase_inactives_new_005516,mol_005516,11,10
5517,Aromatase_inactives_new_005517,mol_005517,14,13
5518,Aromatase_inactives_new_005518,mol_005518,11,10
5519,Aromatase_inactives_new_005519,mol_005519,23,22
5520,Aromatase_inactives_new_005520,mol_005520,26,26
5521,Aromatase_inactives_new_005521,mol_005521,41,41
5522,Aromatase_inactives_new_005522,mol_005522,9,8
5523,Aromatase_inactives_new_005523,mol_005523,16,15
5524,Aromatase_inactives_new_005524,mol_005524,24,23
5525,Aromatase_inactives_new_005525,mol_005525,29,28
5526,Aromatase_inactives_new_005526,mol_005526,29,28
5527,Aromatase_inactives_new_005527,mol_005527,15,14
5528,Aromatase_inactives_new_005528,mol_005528,18,17
5529,Aromatase_inactives_new_005529,mol_005529,21,20
5530,Aromatase_inactives_new_005530,mol_005530,23,22
5531,Aromatase_inactives_new_005531,mol_005531,25,25
5532,Aromatase_inactives_new_005532,mol_005532,22,21
5533,Aromatase_inactives_new_005533,mol_005533,24,23
5534,Aromatase_inactives_new_005534,mol_005534,27,26
5535,Aromatase_inactives_new_005535,mol_005535,16,15
5536,Aromatase_inactives_new_005536,mol_005536,14,13
5537,Aromatase_inactives_new_005537,mol_005537,24,23
5538,Aromatase_inactives_new_005538,mol_005538,13,12
5539,Aromatase_inactives_new_005539,mol_005539,13,12
5540,Aromatase_inactives_new_005540,mol_005540,16,15
5541,Aromatase_inactives_new_005541,mol_005541,22,21
5542,Aromatase_inactives_new_005542,mol_005542,47,48
5543,Aromatase_inactives_new_005543,mol_005543,47,48
5544,Aromatase_inactives_new_005544,mol_005544,22,21
5545,Aromatase_inactives_new_005545,mol_005545,16,15
5546,Aromatase_inactives_new_005546,mol_005546,15,14
5547,Aromatase_inactives_new_005547,mol_005547,26,25
5548,Aromatase_inactives_new_005548,mol_005548,25,24
5549,Aromatase_inactives_new_005549,mol_005549,19,18
5550,Aromatase_inactives_new_005550,mol_005550,25,25
5551,Aromatase_inactives_new_005551,mol_005551,18,18
5552,Aromatase_inactives_new_005552,mol_005552,34,34
5553,Aromatase_inactives_new_005553,mol_005553,34,34
5554,Aromatase_inactives_new_005554,mol_005554,27,27
5555,Aromatase_inactives_new_005555,mol_005555,17,17
5556,Aromatase_inactives_new_005556,mol_005556,12,11
5557,Aromatase_inactives_new_005557,mol_005557,22,22
5558,Aromatase_inactives_new_005558,mol_005558,19,19
5559,Aromatase_inactives_new_005559,mol_005559,27,27
5560,Aromatase_inactives_new_005560,mol_005560,28,28
5561,Aromatase_inactives_new_005561,mol_005561,26,26
5562,Aromatase_inactives_new_005562,mol_005562,37,37
5563,Aromatase_inactives_new_005563,mol_005563,30,30
5564,Aromatase_inactives_new_005564,mol_005564,28,29
5565,Aromatase_inactives_new_005565,mol_005565,40,41
5566,Aromatase_inactives_new_005566,mol_005566,41,42
5567,Aromatase_inactives_new_005567,mol_005567,34,35
5568,Aromatase_inactives_new_005568,mol_005568,29,29
5569,Aromatase_inactives_new_005569,mol_005569,12,12
5570,Aromatase_inactives_new_005570,mol_005570,26,26
5571,Aromatase_inactives_new_005571,mol_005571,25,25
5572,Aromatase_inactives_new_005572,mol_005572,39,41
5573,Aromatase_inactives_new_005573,mol_005573,25,25
5574,Aromatase_inactives_new_005574,mol_005574,26,26
5575,Aromatase_inactives_new_005575,mol_005575,29,29
5576,Aromatase_inactives_new_005576,mol_005576,29,29
5577,Aromatase_inactives_new_005577,mol_005577,32,33
5578,Aromatase_inactives_new_005578,mol_005578,15,15
5579,Aromatase_inactives_new_005579,mol_005579,28,28
5580,Aromatase_inactives_new_005580,mol_005580,28,30
5581,Aromatase_inactives_new_005581,mol_005581,20,20
5582,Aromatase_inactives_new_005582,mol_005582,20,20
5583,Aromatase_inactives_new_005583,mol_005583,19,19
5584,Aromatase_inactives_new_005584,mol_005584,19,19
5585,Aromatase_inactives_new_005585,mol_005585,17,17
5586,Aromatase_inactives_new_005586,mol_005586,30,30
5587,Aromatase_inactives_new_005587,mol_005587,21,21
5588,Aromatase_inactives_new_005588,mol_005588,27,27
5589,Aromatase_inactives_new_005589,mol_005589,42,42
5590,Aromatase_inactives_new_005590,mol_005590,21,21
5591,Aromatase_inactives_new_005591,mol_005591,22,22
5592,Aromatase_inactives_new_005592,mol_005592,22,22
5593,Aromatase_inactives_new_005593,mol_005593,21,21
5594,Aromatase_inactives_new_005594,mol_005594,24,24
5595,Aromatase_inactives_new_005595,mol_005595,20,20
5596,Aromatase_inactives_new_005596,mol_005596,20,20
5597,Aromatase_inactives_new_005597,mol_005597,20,20
5598,Aromatase_inactives_new_005598,mol_005598,20,20
5599,Aromatase_inactives_new_005599,mol_005599,35,35
5600,Aromatase_inactives_new_005600,mol_005600,15,15
5601,Aromatase_inactives_new_005601,mol_005601,16,16
5602,Aromatase_inactives_new_005602,mol_005602,20,20
5603,Aromatase_inactives_new_005603,mol_005603,19,19
5604,Aromatase_inactives_new_005604,mol_005604,19,19
5605,Aromatase_inactives_new_005605,mol_005605,19,19
5606,Aromatase_inactives_new_005606,mol_005606,19,19
5607,Aromatase_inactives_new_005607,mol_005607,16,16
5608,Aromatase_inactives_new_005608,mol_005608,16,16
5609,Aromatase_inactives_new_005609,mol_005609,35,34
5610,Aromatase_inactives_new_005610,mol_005610,20,21
5611,Aromatase_inactives_new_005611,mol_005611,26,26
5612,Aromatase_inactives_new_005612,mol_005612,15,15
5613,Aromatase_inactives_new_005613,mol_005613,22,22
5614,Aromatase_inactives_new_005614,mol_005614,22,22
5615,Aromatase_inactives_new_005615,mol_005615,20,20
5616,Aromatase_inactives_new_005616,mol_005616,20,20
5617,Aromatase_inactives_new_005617,mol_005617,17,17
5618,Aromatase_inactives_new_005618,mol_005618,20,20
5619,Aromatase_inactives_new_005619,mol_005619,35,35
5620,Aromatase_inactives_new_005620,mol_005620,24,24
5621,Aromatase_inactives_new_005621,mol_005621,25,26
5622,Aromatase_inactives_new_005622,mol_005622,40,43
5623,Aromatase_inactives_new_005623,mol_005623,62,61
5624,Aromatase_inactives_new_005624,mol_005624,20,20
5625,Aromatase_inactives_new_005625,mol_005625,20,20
5626,Aromatase_inactives_new_005626,mol_005626,36,36
5627,Aromatase_inactives_new_005627,mol_005627,42,43
5628,Aromatase_inactives_new_005628,mol_005628,26,26
5629,Aromatase_inactives_new_005629,mol_005629,32,32
5630,Aromatase_inactives_new_005630,mol_005630,20,20
5631,Aromatase_inactives_new_005631,mol_005631,20,20
5632,Aromatase_inactives_new_005632,mol_005632,20,20
5633,Aromatase_inactives_new_005633,mol_005633,19,19
5634,Aromatase_inactives_new_005634,mol_005634,21,21
5635,Aromatase_inactives_new_005635,mol_005635,21,21
5636,Aromatase_inactives_new_005636,mol_005636,21,21
5637,Aromatase_inactives_new_005637,mol_005637,15,15
5638,Aromatase_inactives_new_005638,mol_005638,19,19
5639,Aromatase_inactives_new_005639,mol_005639,16,16
5640,Aromatase_inactives_new_005640,mol_005640,32,31
5641,Aromatase_inactives_new_005641,mol_005641,34,33
5642,Aromatase_inactives_new_005642,mol_005642,35,34
5643,Aromatase_inactives_new_005643,mol_005643,18,19
5644,Aromatase_inactives_new_005644,mol_005644,18,19
5645,Aromatase_inactives_new_005645,mol_005645,20,21
5646,Aromatase_inactives_new_005646,mol_005646,18,18
5647,Aromatase_inactives_new_005647,mol_005647,18,18
5648,Aromatase_inactives_new_005648,mol_005648,18,18
5649,Aromatase_inactives_new_005649,mol_005649,20,20
5650,Aromatase_inactives_new_005650,mol_005650,20,20
5651,Aromatase_inactives_new_005651,mol_005651,19,19
5652,Aromatase_inactives_new_005652,mol_005652,19,19
5653,Aromatase_inactives_new_005653,mol_005653,19,19
5654,Aromatase_inactives_new_005654,mol_005654,18,18
5655,Aromatase_inactives_new_005655,mol_005655,18,18
5656,Aromatase_inactives_new_005656,mol_005656,21,21
5657,Aromatase_inactives_new_005657,mol_005657,16,16
5658,Aromatase_inactives_new_005658,mol_005658,19,19
5659,Aromatase_inactives_new_005659,mol_005659,17,18
5660,Aromatase_inactives_new_005660,mol_005660,17,18
5661,Aromatase_inactives_new_005661,mol_005661,15,15
5662,Aromatase_inactives_new_005662,mol_005662,18,18
5663,Aromatase_inactives_new_005663,mol_005663,19,19
5664,Aromatase_inactives_new_005664,mol_005664,18,18
5665,Aromatase_inactives_new_005665,mol_005665,15,15
5666,Aromatase_inactives_new_005666,mol_005666,15,15
5667,Aromatase_inactives_new_005667,mol_005667,16,16
5668,Aromatase_inactives_new_005668,mol_005668,14,14
5669,Aromatase_inactives_new_005669,mol_005669,12,12
5670,Aromatase_inactives_new_005670,mol_005670,16,16
5671,Aromatase_inactives_new_005671,mol_005671,60,60
5672,Aromatase_inactives_new_005672,mol_005672,11,11
5673,Aromatase_inactives_new_005673,mol_005673,19,19
5674,Aromatase_inactives_new_005674,mol_005674,18,18
5675,Aromatase_inactives_new_005675,mol_005675,16,16
5676,Aromatase_inactives_new_005676,mol_005676,12,12
5677,Aromatase_inactives_new_005677,mol_005677,35,35
5678,Aromatase_inactives_new_005678,mol_005678,17,18
5679,Aromatase_inactives_new_005679,mol_005679,12,12
5680,Aromatase_inactives_new_005680,mol_005680,21,21
5681,Aromatase_inactives_new_005681,mol_005681,26,26
5682,Aromatase_inactives_new_005682,mol_005682,15,15
5683,Aromatase_inactives_new_005683,mol_005683,13,13
5684,Aromatase_inactives_new_005684,mol_005684,17,17
5685,Aromatase_inactives_new_005685,mol_005685,27,28
5686,Aromatase_inactives_new_005686,mol_005686,26,27
5687,Aromatase_inactives_new_005687,mol_005687,27,28
5688,Aromatase_inactives_new_005688,mol_005688,26,27
5689,Aromatase_inactives_new_005689,mol_005689,28,29
5690,Aromatase_inactives_new_005690,mol_005690,26,27
5691,Aromatase_inactives_new_005691,mol_005691,29,30
5692,Aromatase_inactives_new_005692,mol_005692,29,30
5693,Aromatase_inactives_new_005693,mol_005693,34,35
5694,Aromatase_inactives_new_005694,mol_005694,45,47
5695,Aromatase_inactives_new_005695,mol_005695,62,66
5696,Aromatase_inactives_new_005696,mol_005696,9,8
5697,Aromatase_inactives_new_005697,mol_005697,23,22
5698,Aromatase_inactives_new_005698,mol_005698,37,38
5699,Aromatase_inactives_new_005699,mol_005699,28,28
5700,Aromatase_inactives_new_005700,mol_005700,17,16
5701,Aromatase_inactives_new_005701,mol_005701,24,24
5702,Aromatase_inactives_new_005702,mol_005702,23,22
5703,Aromatase_inactives_new_005703,mol_005703,25,24
5704,Aromatase_inactives_new_005704,mol_005704,34,34
5705,Aromatase_inactives_new_005705,mol_005705,29,29
5706,Aromatase_inactives_new_005706,mol_005706,29,29
5707,Aromatase_inactives_new_005707,mol_005707,27,27
5708,Aromatase_inactives_new_005708,mol_005708,30,30
5709,Aromatase_inactives_new_005709,mol_005709,27,26
5710,Aromatase_inactives_new_005710,mol_005710,35,35
5711,Aromatase_inactives_new_005711,mol_005711,35,35
5712,Aromatase_inactives_new_005712,mol_005712,23,22
5713,Aromatase_inactives_new_005713,mol_005713,21,20
5714,Aromatase_inactives_new_005714,mol_005714,23,22
5715,Aromatase_inactives_new_005715,mol_005715,23,22
5716,Aromatase_inactives_new_005716,mol_005716,25,24
5717,Aromatase_inactives_new_005717,mol_005717,37,36
5718,Aromatase_inactives_new_005718,mol_005718,17,16
5719,Aromatase_inactives_new_005719,mol_005719,17,16
5720,Aromatase_inactives_new_005720,mol_005720,15,14
5721,Aromatase_inactives_new_005721,mol_005721,15,14
5722,Aromatase_inactives_new_005722,mol_005722,30,31
5723,Aromatase_inactives_new_005723,mol_005723,23,24
5724,Aromatase_inactives_new_005724,mol_005724,20,20
5725,Aromatase_inactives_new_005725,mol_005725,24,24
5726,Aromatase_inactives_new_005726,mol_005726,19,19
5727,Aromatase_inactives_new_005727,mol_005727,24,24
5728,Aromatase_inactives_new_005728,mol_005728,24,24
5729,Aromatase_inactives_new_005729,mol_005729,19,19
5730,Aromatase_inactives_new_005730,mol_005730,19,19
5731,Aromatase_inactives_new_005731,mol_005731,13,13
5732,Aromatase_inactives_new_005732,mol_005732,27,27
5733,Aromatase_inactives_new_005733,mol_005733,30,30
5734,Aromatase_inactives_new_005734,mol_005734,26,25
5735,Aromatase_inactives_new_005735,mol_005735,26,25
5736,Aromatase_inactives_new_005736,mol_005736,13,12
5737,Aromatase_inactives_new_005737,mol_005737,28,27
5738,Aromatase_inactives_new_005738,mol_005738,35,34
5739,Aromatase_inactives_new_005739,mol_005739,47,46
5740,Aromatase_inactives_new_005740,mol_005740,16,15
5741,Aromatase_inactives_new_005741,mol_005741,15,14
5742,Aromatase_inactives_new_005742,mol_005742,13,12
5743,Aromatase_inactives_new_005743,mol_005743,15,14
5744,Aromatase_inactives_new_005744,mol_005744,26,25
5745,Aromatase_inactives_new_005745,mol_005745,31,30
5746,Aromatase_inactives_new_005746,mol_005746,34,33
5747,Aromatase_inactives_new_005747,mol_005747,54,53
5748,Aromatase_inactives_new_005748,mol_005748,29,28
5749,Aromatase_inactives_new_005749,mol_005749,16,15
5750,Aromatase_inactives_new_005750,mol_005750,24,24
5751,Aromatase_inactives_new_005751,mol_005751,24,24
5752,Aromatase_inactives_new_005752,mol_005752,20,19
5753,Aromatase_inactives_new_005753,mol_005753,36,36
5754,Aromatase_inactives_new_005754,mol_005754,33,32
5755,Aromatase_inactives_new_005755,mol_005755,21,20
5756,Aromatase_inactives_new_005756,mol_005756,21,20
5757,Aromatase_inactives_new_005757,mol_005757,23,22
5758,Aromatase_inactives_new_005758,mol_005758,51,50
5759,Aromatase_inactives_new_005759,mol_005759,39,38
5760,Aromatase_inactives_new_005760,mol_005760,29,28
5761,Aromatase_inactives_new_005761,mol_005761,31,31
5762,Aromatase_inactives_new_005762,mol_005762,29,28
5763,Aromatase_inactives_new_005763,mol_005763,36,35
5764,Aromatase_inactives_new_005764,mol_005764,37,36
5765,Aromatase_inactives_new_005765,mol_005765,37,37
5766,Aromatase_inactives_new_005766,mol_005766,36,35
5767,Aromatase_inactives_new_005767,mol_005767,45,45
5768,Aromatase_inactives_new_005768,mol_005768,41,40
5769,Aromatase_inactives_new_005769,mol_005769,42,41
5770,Aromatase_inactives_new_005770,mol_005770,48,48
5771,Aromatase_inactives_new_005771,mol_005771,43,43
5772,Aromatase_inactives_new_005772,mol_005772,44,43
5773,Aromatase_inactives_new_005773,mol_005773,43,42
5774,Aromatase_inactives_new_005774,mol_005774,47,46
5775,Aromatase_inactives_new_005775,mol_005775,54,53
5776,Aromatase_inactives_new_005776,mol_005776,104,103
5777,Aromatase_inactives_new_005777,mol_005777,56,55
5778,Aromatase_inactives_new_005778,mol_005778,50,49
5779,Aromatase_inactives_new_005779,mol_005779,50,49
5780,Aromatase_inactives_new_005780,mol_005780,48,47
5781,Aromatase_inactives_new_005781,mol_005781,38,37
5782,Aromatase_inactives_new_005782,mol_005782,112,111
5783,Aromatase_inactives_new_005783,mol_005783,39,38
5784,Aromatase_inactives_new_005784,mol_005784,29,28
5785,Aromatase_inactives_new_005785,mol_005785,34,33
5786,Aromatase_inactives_new_005786,mol_005786,34,33
5787,Aromatase_inactives_new_005787,mol_005787,33,32
5788,Aromatase_inactives_new_005788,mol_005788,33,32
5789,Aromatase_inactives_new_005789,mol_005789,80,79
5790,Aromatase_inactives_new_005790,mol_005790,32,31
5791,Aromatase_inactives_new_005791,mol_005791,34,33
5792,Aromatase_inactives_new_005792,mol_005792,24,23
5793,Aromatase_inactives_new_005793,mol_005793,35,34
5794,Aromatase_inactives_new_005794,mol_005794,29,28
5795,Aromatase_inactives_new_005795,mol_005795,40,39
5796,Aromatase_inactives_new_005796,mol_005796,34,33
5797,Aromatase_inactives_new_005797,mol_005797,34,33
5798,Aromatase_inactives_new_005798,mol_005798,40,39
5799,Aromatase_inactives_new_005799,mol_005799,72,71
5800,Aromatase_inactives_new_005800,mol_005800,29,28
5801,Aromatase_inactives_new_005801,mol_005801,29,28
5802,Aromatase_inactives_new_005802,mol_005802,30,29
5803,Aromatase_inactives_new_005803,mol_005803,43,42
5804,Aromatase_inactives_new_005804,mol_005804,27,26
5805,Aromatase_inactives_new_005805,mol_005805,22,21
5806,Aromatase_inactives_new_005806,mol_005806,34,33
5807,Aromatase_inactives_new_005807,mol_005807,26,25
5808,Aromatase_inactives_new_005808,mol_005808,16,15
5809,Aromatase_inactives_new_005809,mol_005809,30,29
5810,Aromatase_inactives_new_005810,mol_005810,30,29
5811,Aromatase_inactives_new_005811,mol_005811,27,26
5812,Aromatase_inactives_new_005812,mol_005812,23,22
5813,Aromatase_inactives_new_005813,mol_005813,12,11
5814,Aromatase_inactives_new_005814,mol_005814,45,44
5815,Aromatase_inactives_new_005815,mol_005815,35,34
5816,Aromatase_inactives_new_005816,mol_005816,21,20
5817,Aromatase_inactives_new_005817,mol_005817,32,31
5818,Aromatase_inactives_new_005818,mol_005818,22,21
5819,Aromatase_inactives_new_005819,mol_005819,32,32
5820,Aromatase_inactives_new_005820,mol_005820,27,27
5821,Aromatase_inactives_new_005821,mol_005821,51,50
5822,Aromatase_inactives_new_005822,mol_005822,25,24
5823,Aromatase_inactives_new_005823,mol_005823,21,20
5824,Aromatase_inactives_new_005824,mol_005824,18,17
5825,Aromatase_inactives_new_005825,mol_005825,32,32
5826,Aromatase_inactives_new_005826,mol_005826,22,21
5827,Aromatase_inactives_new_005827,mol_005827,23,22
5828,Aromatase_inactives_new_005828,mol_005828,17,16
5829,Aromatase_inactives_new_005829,mol_005829,21,21
5830,Aromatase_inactives_new_005830,mol_005830,34,34
5831,Aromatase_inactives_new_005831,mol_005831,22,21
5832,Aromatase_inactives_new_005832,mol_005832,9,8
5833,Aromatase_inactives_new_005833,mol_005833,29,28
5834,Aromatase_inactives_new_005834,mol_005834,33,32
5835,Aromatase_inactives_new_005835,mol_005835,46,45
5836,Aromatase_inactives_new_005836,mol_005836,41,40
5837,Aromatase_inactives_new_005837,mol_005837,36,35
5838,Aromatase_inactives_new_005838,mol_005838,20,19
5839,Aromatase_inactives_new_005839,mol_005839,22,21
5840,Aromatase_inactives_new_005840,mol_005840,26,25
5841,Aromatase_inactives_new_005841,mol_005841,31,31
5842,Aromatase_inactives_new_005842,mol_005842,33,33
5843,Aromatase_inactives_new_005843,mol_005843,23,23
5844,Aromatase_inactives_new_005844,mol_005844,37,38
5845,Aromatase_inactives_new_005845,mol_005845,21,21
5846,Aromatase_inactives_new_005846,mol_005846,20,20
5847,Aromatase_inactives_new_005847,mol_005847,24,23
5848,Aromatase_inactives_new_005848,mol_005848,16,15
5849,Aromatase_inactives_new_005849,mol_005849,22,21
5850,Aromatase_inactives_new_005850,mol_005850,28,27
5851,Aromatase_inactives_new_005851,mol_005851,39,38
5852,Aromatase_inactives_new_005852,mol_005852,20,19
5853,Aromatase_inactives_new_005853,mol_005853,19,18
5854,Aromatase_inactives_new_005854,mol_005854,33,32
5855,Aromatase_inactives_new_005855,mol_005855,29,29
5856,Aromatase_inactives_new_005856,mol_005856,13,12
5857,Aromatase_inactives_new_005857,mol_005857,27,28
5858,Aromatase_inactives_new_005858,mol_005858,19,18
5859,Aromatase_inactives_new_005859,mol_005859,25,24
5860,Aromatase_inactives_new_005860,mol_005860,18,16
5861,Aromatase_inactives_new_005861,mol_005861,35,34
5862,Aromatase_inactives_new_005862,mol_005862,50,52
5863,Aromatase_inactives_new_005863,mol_005863,25,25
5864,Aromatase_inactives_new_005864,mol_005864,16,15
5865,Aromatase_inactives_new_005865,mol_005865,12,10
5866,Aromatase_inactives_new_005866,mol_005866,52,56
5867,Aromatase_inactives_new_005867,mol_005867,38,37
5868,Aromatase_inactives_new_005868,mol_005868,33,32
5869,Aromatase_inactives_new_005869,mol_005869,19,18
5870,Aromatase_inactives_new_005870,mol_005870,13,11
5871,Aromatase_inactives_new_005871,mol_005871,12,10
5872,Aromatase_inactives_new_005872,mol_005872,39,38
5873,Aromatase_inactives_new_005873,mol_005873,20,19
5874,Aromatase_inactives_new_005874,mol_005874,27,26
5875,Aromatase_inactives_new_005875,mol_005875,27,26
5876,Aromatase_inactives_new_005876,mol_005876,22,22
5877,Aromatase_inactives_new_005877,mol_005877,33,31
5878,Aromatase_inactives_new_005878,mol_005878,26,24
5879,Aromatase_inactives_new_005879,mol_005879,35,33
5880,Aromatase_inactives_new_005880,mol_005880,40,39
5881,Aromatase_inactives_new_005881,mol_005881,34,33
5882,Aromatase_inactives_new_005882,mol_005882,53,53
5883,Aromatase_inactives_new_005883,mol_005883,38,38
5884,Aromatase_inactives_new_005884,mol_005884,40,39
5885,Aromatase_inactives_new_005885,mol_005885,25,24
5886,Aromatase_inactives_new_005886,mol_005886,23,22
5887,Aromatase_inactives_new_005887,mol_005887,10,9
5888,Aromatase_inactives_new_005888,mol_005888,10,9
5889,Aromatase_inactives_new_005889,mol_005889,6,5
5890,Aromatase_inactives_new_005890,mol_005890,14,14
5891,Aromatase_inactives_new_005891,mol_005891,25,24
5892,Aromatase_inactives_new_005892,mol_005892,8,7
5893,Aromatase_inactives_new_005893,mol_005893,11,10
5894,Aromatase_inactives_new_005894,mol_005894,18,18
5895,Aromatase_inactives_new_005895,mol_005895,7,6
5896,Aromatase_inactives_new_005896,mol_005896,10,9
5897,Aromatase_inactives_new_005897,mol_005897,8,7
5898,Aromatase_inactives_new_005898,mol_005898,7,6
5899,Aromatase_inactives_new_005899,mol_005899,8,7
5900,Aromatase_inactives_new_005900,mol_005900,9,8
5901,Aromatase_inactives_new_005901,mol_005901,15,15
5902,Aromatase_inactives_new_005902,mol_005902,14,14
5903,Aromatase_inactives_new_005903,mol_005903,15,15
5904,Aromatase_inactives_new_005904,mol_005904,17,17
5905,Aromatase_inactives_new_005905,mol_005905,8,7
5906,Aromatase_inactives_new_005906,mol_005906,9,8
5907,Aromatase_inactives_new_005907,mol_005907,15,15
5908,Aromatase_inactives_new_005908,mol_005908,8,7
5909,Aromatase_inactives_new_005909,mol_005909,9,8
5910,Aromatase_inactives_new_005910,mol_005910,6,5
5911,Aromatase_inactives_new_005911,mol_005911,18,18
5912,Aromatase_inactives_new_005912,mol_005912,39,39
5913,Aromatase_inactives_new_005913,mol_005913,17,17
5914,Aromatase_inactives_new_005914,mol_005914,18,18
5915,Aromatase_inactives_new_005915,mol_005915,18,18
5916,Aromatase_inactives_new_005916,mol_005916,28,28
5917,Aromatase_inactives_new_005917,mol_005917,15,15
5918,Aromatase_inactives_new_005918,mol_005918,12,12
5919,Aromatase_inactives_new_005919,mol_005919,12,12
5920,Aromatase_inactives_new_005920,mol_005920,14,14
5921,Aromatase_inactives_new_005921,mol_005921,13,13
5922,Aromatase_inactives_new_005922,mol_005922,12,12
5923,Aromatase_inactives_new_005923,mol_005923,16,16
5924,Aromatase_inactives_new_005924,mol_005924,29,28
5925,Aromatase_inactives_new_005925,mol_005925,22,22
5926,Aromatase_inactives_new_005926,mol_005926,31,31
5927,Aromatase_inactives_new_005927,mol_005927,43,43
5928,Aromatase_inactives_new_005928,mol_005928,31,31
5929,Aromatase_inactives_new_005929,mol_005929,31,31
5930,Aromatase_inactives_new_005930,mol_005930,49,49
5931,Aromatase_inactives_new_005931,mol_005931,43,43
5932,Aromatase_inactives_new_005932,mol_005932,35,35
5933,Aromatase_inactives_new_005933,mol_005933,31,32
5934,Aromatase_inactives_new_005934,mol_005934,42,44
5935,Aromatase_inactives_new_005935,mol_005935,14,14
5936,Aromatase_inactives_new_005936,mol_005936,15,15
5937,Aromatase_inactives_new_005937,mol_005937,27,27
5938,Aromatase_inactives_new_005938,mol_005938,13,13
5939,Aromatase_inactives_new_005939,mol_005939,12,12
5940,Aromatase_inactives_new_005940,mol_005940,14,14
5941,Aromatase_inactives_new_005941,mol_005941,24,24
5942,Aromatase_inactives_new_005942,mol_005942,18,18
5943,Aromatase_inactives_new_005943,mol_005943,31,31
5944,Aromatase_inactives_new_005944,mol_005944,18,19
5945,Aromatase_inactives_new_005945,mol_005945,12,12
5946,Aromatase_inactives_new_005946,mol_005946,12,12
5947,Aromatase_inactives_new_005947,mol_005947,12,12
5948,Aromatase_inactives_new_005948,mol_005948,11,11
5949,Aromatase_inactives_new_005949,mol_005949,11,11
5950,Aromatase_inactives_new_005950,mol_005950,28,28
5951,Aromatase_inactives_new_005951,mol_005951,25,25
5952,Aromatase_inactives_new_005952,mol_005952,23,23
5953,Aromatase_inactives_new_005953,mol_005953,9,9
5954,Aromatase_inactives_new_005954,mol_005954,25,26
5955,Aromatase_inactives_new_005955,mol_005955,18,19
5956,Aromatase_inactives_new_005956,mol_005956,35,34
5957,Aromatase_inactives_new_005957,mol_005957,8,7
5958,Aromatase_inactives_new_005958,mol_005958,11,10
5959,Aromatase_inactives_new_005959,mol_005959,11,10
5960,Aromatase_inactives_new_005960,mol_005960,12,11
5961,Aromatase_inactives_new_005961,mol_005961,12,11
5962,Aromatase_inactives_new_005962,mol_005962,7,6
5963,Aromatase_inactives_new_005963,mol_005963,19,19
5964,Aromatase_inactives_new_005964,mol_005964,15,15
5965,Aromatase_inactives_new_005965,mol_005965,9,8
5966,Aromatase_inactives_new_005966,mol_005966,20,19
5967,Aromatase_inactives_new_005967,mol_005967,11,10
5968,Aromatase_inactives_new_005968,mol_005968,5,4
5969,Aromatase_inactives_new_005969,mol_005969,15,14
5970,Aromatase_inactives_new_005970,mol_005970,15,14
5971,Aromatase_inactives_new_005971,mol_005971,26,25
5972,Aromatase_inactives_new_005972,mol_005972,9,8
5973,Aromatase_inactives_new_005973,mol_005973,13,12
5974,Aromatase_inactives_new_005974,mol_005974,5,4
5975,Aromatase_inactives_new_005975,mol_005975,14,14
5976,Aromatase_inactives_new_005976,mol_005976,22,22
5977,Aromatase_inactives_new_005977,mol_005977,13,12
5978,Aromatase_inactives_new_005978,mol_005978,17,16
5979,Aromatase_inactives_new_005979,mol_005979,23,22
5980,Aromatase_inactives_new_005980,mol_005980,12,11
5981,Aromatase_inactives_new_005981,mol_005981,12,11
5982,Aromatase_inactives_new_005982,mol_005982,12,11
5983,Aromatase_inactives_new_005983,mol_005983,19,19
5984,Aromatase_inactives_new_005984,mol_005984,33,33
5985,Aromatase_inactives_new_005985,mol_005985,38,39
5986,Aromatase_inactives_new_005986,mol_005986,38,39
5987,Aromatase_inactives_new_005987,mol_005987,42,42
5988,Aromatase_inactives_new_005988,mol_005988,46,45
5989,Aromatase_inactives_new_005989,mol_005989,52,51
5990,Aromatase_inactives_new_005990,mol_005990,58,57
5991,Aromatase_inactives_new_005991,mol_005991,36,35
5992,Aromatase_inactives_new_005992,mol_005992,48,47
5993,Aromatase_inactives_new_005993,mol_005993,28,27
5994,Aromatase_inactives_new_005994,mol_005994,38,37
5995,Aromatase_inactives_new_005995,mol_005995,28,27
5996,Aromatase_inactives_new_005996,mol_005996,26,25
5997,Aromatase_inactives_new_005997,mol_005997,31,30
5998,Aromatase_inactives_new_005998,mol_005998,35,34
5999,Aromatase_inactives_new_005999,mol_005999,24,23
6000,Aromatase_inactives_new_006000,mol_006000,12,11
6001,Aromatase_inactives_new_006001,mol_006001,39,40
6002,Aromatase_inactives_new_006002,mol_006002,55,54
6003,Aromatase_inactives_new_006003,mol_006003,17,16
6004,Aromatase_inactives_new_006004,mol_006004,20,20
6005,Aromatase_inactives_new_006005,mol_006005,19,19
6006,Aromatase_inactives_new_006006,mol_006006,17,17
6007,Aromatase_inactives_new_006007,mol_006007,18,18
6008,Aromatase_inactives_new_006008,mol_006008,25,26
6009,Aromatase_inactives_new_006009,mol_006009,10,9
6010,Aromatase_inactives_new_006010,mol_006010,17,17
6011,Aromatase_inactives_new_006011,mol_006011,14,13
6012,Aromatase_inactives_new_006012,mol_006012,6,5
6013,Aromatase_inactives_new_006013,mol_006013,26,26
6014,Aromatase_inactives_new_006014,mol_006014,26,25
6015,Aromatase_inactives_new_006015,mol_006015,52,51
6016,Aromatase_inactives_new_006016,mol_006016,36,35
6017,Aromatase_inactives_new_006017,mol_006017,27,27
6018,Aromatase_inactives_new_006018,mol_006018,84,84
6019,Aromatase_inactives_new_006019,mol_006019,30,30
6020,Aromatase_inactives_new_006020,mol_006020,30,30
6021,Aromatase_inactives_new_006021,mol_006021,21,21
6022,Aromatase_inactives_new_006022,mol_006022,24,24
6023,Aromatase_inactives_new_006023,mol_006023,24,24
6024,Aromatase_inactives_new_006024,mol_006024,18,18
6025,Aromatase_inactives_new_006025,mol_006025,21,21
6026,Aromatase_inactives_new_006026,mol_006026,21,21
6027,Aromatase_inactives_new_006027,mol_006027,17,17
6028,Aromatase_inactives_new_006028,mol_006028,38,38
6029,Aromatase_inactives_new_006029,mol_006029,20,19
6030,Aromatase_inactives_new_006030,mol_006030,27,26
6031,Aromatase_inactives_new_006031,mol_006031,22,22
6032,Aromatase_inactives_new_006032,mol_006032,41,40
6033,Aromatase_inactives_new_006033,mol_006033,29,29
6034,Aromatase_inactives_new_006034,mol_006034,17,16
6035,Aromatase_inactives_new_006035,mol_006035,19,19
6036,Aromatase_inactives_new_006036,mol_006036,16,16
6037,Aromatase_inactives_new_006037,mol_006037,28,28
6038,Aromatase_inactives_new_006038,mol_006038,18,18
6039,Aromatase_inactives_new_006039,mol_006039,34,35
6040,Aromatase_inactives_new_006040,mol_006040,27,27
6041,Aromatase_inactives_new_006041,mol_006041,51,51
6042,Aromatase_inactives_new_006042,mol_006042,16,16
6043,Aromatase_inactives_new_006043,mol_006043,23,23
6044,Aromatase_inactives_new_006044,mol_006044,21,21
6045,Aromatase_inactives_new_006045,mol_006045,23,23
6046,Aromatase_inactives_new_006046,mol_006046,20,20
6047,Aromatase_inactives_new_006047,mol_006047,79,82
6048,Aromatase_inactives_new_006048,mol_006048,80,84
6049,Aromatase_inactives_new_006049,mol_006049,27,27
6050,Aromatase_inactives_new_006050,mol_006050,20,20
6051,Aromatase_inactives_new_006051,mol_006051,28,28
6052,Aromatase_inactives_new_006052,mol_006052,25,25
6053,Aromatase_inactives_new_006053,mol_006053,23,23
6054,Aromatase_inactives_new_006054,mol_006054,20,20
6055,Aromatase_inactives_new_006055,mol_006055,45,49
6056,Aromatase_inactives_new_006056,mol_006056,20,20
6057,Aromatase_inactives_new_006057,mol_006057,18,18
6058,Aromatase_inactives_new_006058,mol_006058,18,18
6059,Aromatase_inactives_new_006059,mol_006059,28,28
6060,Aromatase_inactives_new_006060,mol_006060,20,20
6061,Aromatase_inactives_new_006061,mol_006061,19,20
6062,Aromatase_inactives_new_006062,mol_006062,26,26
6063,Aromatase_inactives_new_006063,mol_006063,31,32
6064,Aromatase_inactives_new_006064,mol_006064,26,26
6065,Aromatase_inactives_new_006065,mol_006065,26,25
6066,Aromatase_inactives_new_006066,mol_006066,9,8
6067,Aromatase_inactives_new_006067,mol_006067,42,41
6068,Aromatase_inactives_new_006068,mol_006068,16,15
6069,Aromatase_inactives_new_006069,mol_006069,23,22
6070,Aromatase_inactives_new_006070,mol_006070,41,40
6071,Aromatase_inactives_new_006071,mol_006071,57,57
6072,Aromatase_inactives_new_006072,mol_006072,38,37
6073,Aromatase_inactives_new_006073,mol_006073,24,23
6074,Aromatase_inactives_new_006074,mol_006074,24,23
6075,Aromatase_inactives_new_006075,mol_006075,28,27
6076,Aromatase_inactives_new_006076,mol_006076,28,27
6077,Aromatase_inactives_new_006077,mol_006077,12,11
6078,Aromatase_inactives_new_006078,mol_006078,12,11
6079,Aromatase_inactives_new_006079,mol_006079,15,14
6080,Aromatase_inactives_new_006080,mol_006080,8,7
6081,Aromatase_inactives_new_006081,mol_006081,18,18
6082,Aromatase_inactives_new_006082,mol_006082,16,16
6083,Aromatase_inactives_new_006083,mol_006083,14,14
6084,Aromatase_inactives_new_006084,mol_006084,42,41
6085,Aromatase_inactives_new_006085,mol_006085,38,37
6086,Aromatase_inactives_new_006086,mol_006086,29,28
6087,Aromatase_inactives_new_006087,mol_006087,35,34
6088,Aromatase_inactives_new_006088,mol_006088,40,39
6089,Aromatase_inactives_new_006089,mol_006089,26,25
6090,Aromatase_inactives_new_006090,mol_006090,68,67
6091,Aromatase_inactives_new_006091,mol_006091,31,30
6092,Aromatase_inactives_new_006092,mol_006092,26,25
6093,Aromatase_inactives_new_006093,mol_006093,20,19
6094,Aromatase_inactives_new_006094,mol_006094,14,13
6095,Aromatase_inactives_new_006095,mol_006095,15,15
6096,Aromatase_inactives_new_006096,mol_006096,43,44
6097,Aromatase_inactives_new_006097,mol_006097,15,15
6098,Aromatase_inactives_new_006098,mol_006098,46,48
6099,Aromatase_inactives_new_006099,mol_006099,15,15
6100,Aromatase_inactives_new_006100,mol_006100,15,15
6101,Aromatase_inactives_new_006101,mol_006101,32,31
6102,Aromatase_inactives_new_006102,mol_006102,12,12
6103,Aromatase_inactives_new_006103,mol_006103,48,51
6104,Aromatase_inactives_new_006104,mol_006104,14,14
6105,Aromatase_inactives_new_006105,mol_006105,46,48
6106,Aromatase_inactives_new_006106,mol_006106,14,14
6107,Aromatase_inactives_new_006107,mol_006107,13,13
6108,Aromatase_inactives_new_006108,mol_006108,22,23
6109,Aromatase_inactives_new_006109,mol_006109,32,34
6110,Aromatase_inactives_new_006110,mol_006110,6,5
6111,Aromatase_inactives_new_006111,mol_006111,16,13
6112,Aromatase_inactives_new_006112,mol_006112,14,14
6113,Aromatase_inactives_new_006113,mol_006113,22,21
6114,Aromatase_inactives_new_006114,mol_006114,14,13
6115,Aromatase_inactives_new_006115,mol_006115,13,12
6116,Aromatase_inactives_new_006116,mol_006116,20,20
6117,Aromatase_inactives_new_006117,mol_006117,13,13
6118,Aromatase_inactives_new_006118,mol_006118,13,13
6119,Aromatase_inactives_new_006119,mol_006119,41,42
6120,Aromatase_inactives_new_006120,mol_006120,13,13
6121,Aromatase_inactives_new_006121,mol_006121,14,14
6122,Aromatase_inactives_new_006122,mol_006122,14,14
6123,Aromatase_inactives_new_006123,mol_006123,12,12
6124,Aromatase_inactives_new_006124,mol_006124,12,12
6125,Aromatase_inactives_new_006125,mol_006125,38,39
6126,Aromatase_inactives_new_006126,mol_006126,9,8
6127,Aromatase_inactives_new_006127,mol_006127,12,11
6128,Aromatase_inactives_new_006128,mol_006128,15,14
6129,Aromatase_inactives_new_006129,mol_006129,10,9
6130,Aromatase_inactives_new_006130,mol_006130,16,15
6131,Aromatase_inactives_new_006131,mol_006131,16,15
6132,Aromatase_inactives_new_006132,mol_006132,18,17
6133,Aromatase_inactives_new_006133,mol_006133,13,12
6134,Aromatase_inactives_new_006134,mol_006134,35,35
6135,Aromatase_inactives_new_006135,mol_006135,23,23
6136,Aromatase_inactives_new_006136,mol_006136,11,10
6137,Aromatase_inactives_new_006137,mol_006137,10,9
6138,Aromatase_inactives_new_006138,mol_006138,10,9
6139,Aromatase_inactives_new_006139,mol_006139,26,27
6140,Aromatase_inactives_new_006140,mol_006140,16,16
6141,Aromatase_inactives_new_006141,mol_006141,15,15
6142,Aromatase_inactives_new_006142,mol_006142,15,14
6143,Aromatase_inactives_new_006143,mol_006143,30,32
6144,Aromatase_inactives_new_006144,mol_006144,30,32
6145,Aromatase_inactives_new_006145,mol_006145,12,11
6146,Aromatase_inactives_new_006146,mol_006146,20,19
6147,Aromatase_inactives_new_006147,mol_006147,10,9
6148,Aromatase_inactives_new_006148,mol_006148,13,12
6149,Aromatase_inactives_new_006149,mol_006149,31,31
6150,Aromatase_inactives_new_006150,mol_006150,15,14
6151,Aromatase_inactives_new_006151,mol_006151,14,13
6152,Aromatase_inactives_new_006152,mol_006152,14,13
6153,Aromatase_inactives_new_006153,mol_006153,8,7
6154,Aromatase_inactives_new_006154,mol_006154,6,5
6155,Aromatase_inactives_new_006155,mol_006155,6,5
6156,Aromatase_inactives_new_006156,mol_006156,26,27
6157,Aromatase_inactives_new_006157,mol_006157,21,21
6158,Aromatase_inactives_new_006158,mol_006158,21,21
6159,Aromatase_inactives_new_006159,mol_006159,19,19
6160,Aromatase_inactives_new_006160,mol_006160,22,22
6161,Aromatase_inactives_new_006161,mol_006161,17,17
6162,Aromatase_inactives_new_006162,mol_006162,14,14
6163,Aromatase_inactives_new_006163,mol_006163,21,21
6164,Aromatase_inactives_new_006164,mol_006164,29,30
6165,Aromatase_inactives_new_006165,mol_006165,35,35
6166,Aromatase_inactives_new_006166,mol_006166,25,26
6167,Aromatase_inactives_new_006167,mol_006167,14,14
6168,Aromatase_inactives_new_006168,mol_006168,20,20
6169,Aromatase_inactives_new_006169,mol_006169,20,20
6170,Aromatase_inactives_new_006170,mol_006170,43,43
6171,Aromatase_inactives_new_006171,mol_006171,23,23
6172,Aromatase_inactives_new_006172,mol_006172,22,22
6173,Aromatase_inactives_new_006173,mol_006173,18,18
6174,Aromatase_inactives_new_006174,mol_006174,18,18
6175,Aromatase_inactives_new_006175,mol_006175,13,13
6176,Aromatase_inactives_new_006176,mol_006176,13,13
6177,Aromatase_inactives_new_006177,mol_006177,13,13
6178,Aromatase_inactives_new_006178,mol_006178,17,18
6179,Aromatase_inactives_new_006179,mol_006179,18,19
6180,Aromatase_inactives_new_006180,mol_006180,49,52
6181,Aromatase_inactives_new_006181,mol_006181,34,34
6182,Aromatase_inactives_new_006182,mol_006182,28,28
6183,Aromatase_inactives_new_006183,mol_006183,22,22
6184,Aromatase_inactives_new_006184,mol_006184,17,17
6185,Aromatase_inactives_new_006185,mol_006185,16,16
6186,Aromatase_inactives_new_006186,mol_006186,24,23
6187,Aromatase_inactives_new_006187,mol_006187,44,43
6188,Aromatase_inactives_new_006188,mol_006188,26,26
6189,Aromatase_inactives_new_006189,mol_006189,17,16
6190,Aromatase_inactives_new_006190,mol_006190,23,23
6191,Aromatase_inactives_new_006191,mol_006191,19,18
6192,Aromatase_inactives_new_006192,mol_006192,18,17
6193,Aromatase_inactives_new_006193,mol_006193,18,17
6194,Aromatase_inactives_new_006194,mol_006194,13,11
6195,Aromatase_inactives_new_006195,mol_006195,10,10
6196,Aromatase_inactives_new_006196,mol_006196,10,10
6197,Aromatase_inactives_new_006197,mol_006197,15,14
6198,Aromatase_inactives_new_006198,mol_006198,15,14
6199,Aromatase_inactives_new_006199,mol_006199,40,42
6200,Aromatase_inactives_new_006200,mol_006200,32,33
6201,Aromatase_inactives_new_006201,mol_006201,32,33
6202,Aromatase_inactives_new_006202,mol_006202,23,24
6203,Aromatase_inactives_new_006203,mol_006203,25,26
6204,Aromatase_inactives_new_006204,mol_006204,8,7
6205,Aromatase_inactives_new_006205,mol_006205,8,7
6206,Aromatase_inactives_new_006206,mol_006206,41,42
6207,Aromatase_inactives_new_006207,mol_006207,37,39
6208,Aromatase_inactives_new_006208,mol_006208,27,18
6209,Aromatase_inactives_new_006209,mol_006209,21,16
6210,Aromatase_inactives_new_006210,mol_006210,22,20
6211,Aromatase_inactives_new_006211,mol_006211,22,20
6212,Aromatase_inactives_new_006212,mol_006212,98,100
6213,Aromatase_inactives_new_006213,mol_006213,10,7
6214,Aromatase_inactives_new_006214,mol_006214,24,20
6215,Aromatase_inactives_new_006215,mol_006215,41,36
6216,Aromatase_inactives_new_006216,mol_006216,52,51
6217,Aromatase_inactives_new_006217,mol_006217,51,50
6218,Aromatase_inactives_new_006218,mol_006218,25,25
6219,Aromatase_inactives_new_006219,mol_006219,22,20
6220,Aromatase_inactives_new_006220,mol_006220,50,49
6221,Aromatase_inactives_new_006221,mol_006221,97,96
6222,Aromatase_inactives_new_006222,mol_006222,14,11
6223,Aromatase_inactives_new_006223,mol_006223,18,16
6224,Aromatase_inactives_new_006224,mol_006224,24,23
6225,Aromatase_inactives_new_006225,mol_006225,34,34
6226,Aromatase_inactives_new_006226,mol_006226,27,27
6227,Aromatase_inactives_new_006227,mol_006227,126,132
6228,Aromatase_inactives_new_006228,mol_006228,168,176
6229,Aromatase_inactives_new_006229,mol_006229,43,44
6230,Aromatase_inactives_new_006230,mol_006230,137,144
6231,Aromatase_inactives_new_006231,mol_006231,25,24
6232,Aromatase_inactives_new_006232,mol_006232,24,23
6233,Aromatase_inactives_new_006233,mol_006233,26,25
6234,Aromatase_inactives_new_006234,mol_006234,26,25
6235,Aromatase_inactives_new_006235,mol_006235,20,19
6236,Aromatase_inactives_new_006236,mol_006236,24,24
6237,Aromatase_inactives_new_006237,mol_006237,24,24
6238,Aromatase_inactives_new_006238,mol_006238,24,24
6239,Aromatase_inactives_new_006239,mol_006239,22,22
6240,Aromatase_inactives_new_006240,mol_006240,45,46
6241,Aromatase_inactives_new_006241,mol_006241,33,33
6242,Aromatase_inactives_new_006242,mol_006242,23,22
6243,Aromatase_inactives_new_006243,mol_006243,13,12
6244,Aromatase_inactives_new_006244,mol_006244,21,20
6245,Aromatase_inactives_new_006245,mol_006245,19,18
6246,Aromatase_inactives_new_006246,mol_006246,20,20
6247,Aromatase_inactives_new_006247,mol_006247,16,16
6248,Aromatase_inactives_new_006248,mol_006248,29,29
6249,Aromatase_inactives_new_006249,mol_006249,17,17
6250,Aromatase_inactives_new_006250,mol_006250,17,17
6251,Aromatase_inactives_new_006251,mol_006251,17,17
6252,Aromatase_inactives_new_006252,mol_006252,20,20
6253,Aromatase_inactives_new_006253,mol_006253,17,17
6254,Aromatase_inactives_new_006254,mol_006254,17,17
6255,Aromatase_inactives_new_006255,mol_006255,14,14
6256,Aromatase_inactives_new_006256,mol_006256,32,32
6257,Aromatase_inactives_new_006257,mol_006257,17,17
6258,Aromatase_inactives_new_006258,mol_006258,18,18
6259,Aromatase_inactives_new_006259,mol_006259,14,14
6260,Aromatase_inactives_new_006260,mol_006260,14,14
6261,Aromatase_inactives_new_006261,mol_006261,16,16
6262,Aromatase_inactives_new_006262,mol_006262,17,17
6263,Aromatase_inactives_new_006263,mol_006263,18,18
6264,Aromatase_inactives_new_006264,mol_006264,17,17
6265,Aromatase_inactives_new_006265,mol_006265,31,30
6266,Aromatase_inactives_new_006266,mol_006266,3,2
6267,Aromatase_inactives_new_006267,mol_006267,24,23
6268,Aromatase_inactives_new_006268,mol_006268,30,29
6269,Aromatase_inactives_new_006269,mol_006269,25,24
6270,Aromatase_inactives_new_006270,mol_006270,22,21
6271,Aromatase_inactives_new_006271,mol_006271,27,26
6272,Aromatase_inactives_new_006272,mol_006272,18,18
6273,Aromatase_inactives_new_006273,mol_006273,20,20
6274,Aromatase_inactives_new_006274,mol_006274,19,19
6275,Aromatase_inactives_new_006275,mol_006275,29,29
6276,Aromatase_inactives_new_006276,mol_006276,22,22
6277,Aromatase_inactives_new_006277,mol_006277,25,25
6278,Aromatase_inactives_new_006278,mol_006278,22,22
6279,Aromatase_inactives_new_006279,mol_006279,20,19
6280,Aromatase_inactives_new_006280,mol_006280,20,19
6281,Aromatase_inactives_new_006281,mol_006281,29,28
6282,Aromatase_inactives_new_006282,mol_006282,34,33
6283,Aromatase_inactives_new_006283,mol_006283,38,37
6284,Aromatase_inactives_new_006284,mol_006284,31,30
6285,Aromatase_inactives_new_006285,mol_006285,29,28
6286,Aromatase_inactives_new_006286,mol_006286,32,32
6287,Aromatase_inactives_new_006287,mol_006287,21,21
6288,Aromatase_inactives_new_006288,mol_006288,29,29
6289,Aromatase_inactives_new_006289,mol_006289,21,21
6290,Aromatase_inactives_new_006290,mol_006290,36,36
6291,Aromatase_inactives_new_006291,mol_006291,24,23
6292,Aromatase_inactives_new_006292,mol_006292,36,35
6293,Aromatase_inactives_new_006293,mol_006293,26,25
6294,Aromatase_inactives_new_006294,mol_006294,34,33
6295,Aromatase_inactives_new_006295,mol_006295,18,18
6296,Aromatase_inactives_new_006296,mol_006296,33,32
6297,Aromatase_inactives_new_006297,mol_006297,27,26
6298,Aromatase_inactives_new_006298,mol_006298,25,25
6299,Aromatase_inactives_new_006299,mol_006299,24,25
6300,Aromatase_inactives_new_006300,mol_006300,24,25
6301,Aromatase_inactives_new_006301,mol_006301,33,32
6302,Aromatase_inactives_new_006302,mol_006302,29,28
6303,Aromatase_inactives_new_006303,mol_006303,20,20
6304,Aromatase_inactives_new_006304,mol_006304,20,20
6305,Aromatase_inactives_new_006305,mol_006305,37,36
6306,Aromatase_inactives_new_006306,mol_006306,27,26
6307,Aromatase_inactives_new_006307,mol_006307,29,28
6308,Aromatase_inactives_new_006308,mol_006308,32,32
6309,Aromatase_inactives_new_006309,mol_006309,38,37
6310,Aromatase_inactives_new_006310,mol_006310,28,27
6311,Aromatase_inactives_new_006311,mol_006311,27,27
6312,Aromatase_inactives_new_006312,mol_006312,23,22
6313,Aromatase_inactives_new_006313,mol_006313,23,22
6314,Aromatase_inactives_new_006314,mol_006314,26,25
6315,Aromatase_inactives_new_006315,mol_006315,38,37
6316,Aromatase_inactives_new_006316,mol_006316,44,43
6317,Aromatase_inactives_new_006317,mol_006317,26,25
6318,Aromatase_inactives_new_006318,mol_006318,36,35
6319,Aromatase_inactives_new_006319,mol_006319,38,37
6320,Aromatase_inactives_new_006320,mol_006320,29,28
6321,Aromatase_inactives_new_006321,mol_006321,29,28
6322,Aromatase_inactives_new_006322,mol_006322,60,59
6323,Aromatase_inactives_new_006323,mol_006323,53,52
6324,Aromatase_inactives_new_006324,mol_006324,35,34
6325,Aromatase_inactives_new_006325,mol_006325,36,35
6326,Aromatase_inactives_new_006326,mol_006326,56,55
6327,Aromatase_inactives_new_006327,mol_006327,35,34
6328,Aromatase_inactives_new_006328,mol_006328,39,38
6329,Aromatase_inactives_new_006329,mol_006329,45,44
6330,Aromatase_inactives_new_006330,mol_006330,41,40
6331,Aromatase_inactives_new_006331,mol_006331,41,40
6332,Aromatase_inactives_new_006332,mol_006332,44,43
6333,Aromatase_inactives_new_006333,mol_006333,47,46
6334,Aromatase_inactives_new_006334,mol_006334,50,49
6335,Aromatase_inactives_new_006335,mol_006335,53,52
6336,Aromatase_inactives_new_006336,mol_006336,56,55
6337,Aromatase_inactives_new_006337,mol_006337,80,79
6338,Aromatase_inactives_new_006338,mol_006338,14,14
6339,Aromatase_inactives_new_006339,mol_006339,16,16
6340,Aromatase_inactives_new_006340,mol_006340,16,16
6341,Aromatase_inactives_new_006341,mol_006341,14,14
6342,Aromatase_inactives_new_006342,mol_006342,29,28
6343,Aromatase_inactives_new_006343,mol_006343,29,28
6344,Aromatase_inactives_new_006344,mol_006344,18,18
6345,Aromatase_inactives_new_006345,mol_006345,17,17
6346,Aromatase_inactives_new_006346,mol_006346,22,21
6347,Aromatase_inactives_new_006347,mol_006347,21,21
6348,Aromatase_inactives_new_006348,mol_006348,33,32
6349,Aromatase_inactives_new_006349,mol_006349,54,55
6350,Aromatase_inactives_new_006350,mol_006350,41,44
6351,Aromatase_inactives_new_006351,mol_006351,27,27
6352,Aromatase_inactives_new_006352,mol_006352,42,41
6353,Aromatase_inactives_new_006353,mol_006353,57,58
6354,Aromatase_inactives_new_006354,mol_006354,27,27
6355,Aromatase_inactives_new_006355,mol_006355,27,27
6356,Aromatase_inactives_new_006356,mol_006356,39,39
6357,Aromatase_inactives_new_006357,mol_006357,24,24
6358,Aromatase_inactives_new_006358,mol_006358,42,43
6359,Aromatase_inactives_new_006359,mol_006359,27,27
6360,Aromatase_inactives_new_006360,mol_006360,41,42
6361,Aromatase_inactives_new_006361,mol_006361,46,47
6362,Aromatase_inactives_new_006362,mol_006362,23,22
6363,Aromatase_inactives_new_006363,mol_006363,33,34
6364,Aromatase_inactives_new_006364,mol_006364,12,11
6365,Aromatase_inactives_new_006365,mol_006365,15,14
6366,Aromatase_inactives_new_006366,mol_006366,52,55
6367,Aromatase_inactives_new_006367,mol_006367,27,28
6368,Aromatase_inactives_new_006368,mol_006368,32,32
6369,Aromatase_inactives_new_006369,mol_006369,16,15
6370,Aromatase_inactives_new_006370,mol_006370,40,41
6371,Aromatase_inactives_new_006371,mol_006371,120,126
6372,Aromatase_inactives_new_006372,mol_006372,40,41
6373,Aromatase_inactives_new_006373,mol_006373,15,14
6374,Aromatase_inactives_new_006374,mol_006374,16,15
6375,Aromatase_inactives_new_006375,mol_006375,15,14
6376,Aromatase_inactives_new_006376,mol_006376,28,27
6377,Aromatase_inactives_new_006377,mol_006377,26,26
6378,Aromatase_inactives_new_006378,mol_006378,15,15
6379,Aromatase_inactives_new_006379,mol_006379,18,19
6380,Aromatase_inactives_new_006380,mol_006380,15,15
6381,Aromatase_inactives_new_006381,mol_006381,46,49
6382,Aromatase_inactives_new_006382,mol_006382,14,14
6383,Aromatase_inactives_new_006383,mol_006383,12,12
6384,Aromatase_inactives_new_006384,mol_006384,27,29
6385,Aromatase_inactives_new_006385,mol_006385,11,10
6386,Aromatase_inactives_new_006386,mol_006386,24,25
6387,Aromatase_inactives_new_006387,mol_006387,22,23
6388,Aromatase_inactives_new_006388,mol_006388,14,13
6389,Aromatase_inactives_new_006389,mol_006389,56,56
6390,Aromatase_inactives_new_006390,mol_006390,56,56
6391,Aromatase_inactives_new_006391,mol_006391,17,16
6392,Aromatase_inactives_new_006392,mol_006392,21,21
6393,Aromatase_inactives_new_006393,mol_006393,26,26
6394,Aromatase_inactives_new_006394,mol_006394,26,25
6395,Aromatase_inactives_new_006395,mol_006395,29,28
6396,Aromatase_inactives_new_006396,mol_006396,29,28
6397,Aromatase_inactives_new_006397,mol_006397,32,31
6398,Aromatase_inactives_new_006398,mol_006398,38,37
6399,Aromatase_inactives_new_006399,mol_006399,38,37
6400,Aromatase_inactives_new_006400,mol_006400,12,11
6401,Aromatase_inactives_new_006401,mol_006401,42,42
6402,Aromatase_inactives_new_006402,mol_006402,16,15
6403,Aromatase_inactives_new_006403,mol_006403,19,19
6404,Aromatase_inactives_new_006404,mol_006404,19,19
6405,Aromatase_inactives_new_006405,mol_006405,22,22
6406,Aromatase_inactives_new_006406,mol_006406,20,20
6407,Aromatase_inactives_new_006407,mol_006407,9,8
6408,Aromatase_inactives_new_006408,mol_006408,40,39
6409,Aromatase_inactives_new_006409,mol_006409,17,16
6410,Aromatase_inactives_new_006410,mol_006410,21,21
6411,Aromatase_inactives_new_006411,mol_006411,27,28
6412,Aromatase_inactives_new_006412,mol_006412,15,14
6413,Aromatase_inactives_new_006413,mol_006413,40,42
6414,Aromatase_inactives_new_006414,mol_006414,12,11
6415,Aromatase_inactives_new_006415,mol_006415,25,26
6416,Aromatase_inactives_new_006416,mol_006416,29,29
6417,Aromatase_inactives_new_006417,mol_006417,37,36
6418,Aromatase_inactives_new_006418,mol_006418,24,24
6419,Aromatase_inactives_new_006419,mol_006419,30,30
6420,Aromatase_inactives_new_006420,mol_006420,36,36
6421,Aromatase_inactives_new_006421,mol_006421,50,51
6422,Aromatase_inactives_new_006422,mol_006422,29,29
6423,Aromatase_inactives_new_006423,mol_006423,40,41
6424,Aromatase_inactives_new_006424,mol_006424,18,17
6425,Aromatase_inactives_new_006425,mol_006425,31,30
6426,Aromatase_inactives_new_006426,mol_006426,30,29
6427,Aromatase_inactives_new_006427,mol_006427,34,35
6428,Aromatase_inactives_new_006428,mol_006428,28,29
6429,Aromatase_inactives_new_006429,mol_006429,26,26
6430,Aromatase_inactives_new_006430,mol_006430,51,53
6431,Aromatase_inactives_new_006431,mol_006431,24,24
6432,Aromatase_inactives_new_006432,mol_006432,36,36
6433,Aromatase_inactives_new_006433,mol_006433,32,31
6434,Aromatase_inactives_new_006434,mol_006434,27,27
6435,Aromatase_inactives_new_006435,mol_006435,42,42
6436,Aromatase_inactives_new_006436,mol_006436,48,48
6437,Aromatase_inactives_new_006437,mol_006437,48,48
6438,Aromatase_inactives_new_006438,mol_006438,30,29
6439,Aromatase_inactives_new_006439,mol_006439,35,34
6440,Aromatase_inactives_new_006440,mol_006440,54,54
6441,Aromatase_inactives_new_006441,mol_006441,72,72
6442,Aromatase_inactives_new_006442,mol_006442,84,84
6443,Aromatase_inactives_new_006443,mol_006443,28,27
6444,Aromatase_inactives_new_006444,mol_006444,28,27
6445,Aromatase_inactives_new_006445,mol_006445,41,42
6446,Aromatase_inactives_new_006446,mol_006446,42,41
6447,Aromatase_inactives_new_006447,mol_006447,48,49
6448,Aromatase_inactives_new_006448,mol_006448,40,39
6449,Aromatase_inactives_new_006449,mol_006449,29,29
6450,Aromatase_inactives_new_006450,mol_006450,34,33
6451,Aromatase_inactives_new_006451,mol_006451,15,15
6452,Aromatase_inactives_new_006452,mol_006452,19,19
6453,Aromatase_inactives_new_006453,mol_006453,24,23
6454,Aromatase_inactives_new_006454,mol_006454,34,34
6455,Aromatase_inactives_new_006455,mol_006455,28,28
6456,Aromatase_inactives_new_006456,mol_006456,28,28
6457,Aromatase_inactives_new_006457,mol_006457,28,28
6458,Aromatase_inactives_new_006458,mol_006458,19,19
6459,Aromatase_inactives_new_006459,mol_006459,23,23
6460,Aromatase_inactives_new_006460,mol_006460,23,23
6461,Aromatase_inactives_new_006461,mol_006461,15,15
6462,Aromatase_inactives_new_006462,mol_006462,9,9
6463,Aromatase_inactives_new_006463,mol_006463,26,26
6464,Aromatase_inactives_new_006464,mol_006464,15,15
6465,Aromatase_inactives_new_006465,mol_006465,12,12
6466,Aromatase_inactives_new_006466,mol_006466,12,12
6467,Aromatase_inactives_new_006467,mol_006467,12,12
6468,Aromatase_inactives_new_006468,mol_006468,12,12
6469,Aromatase_inactives_new_006469,mol_006469,11,11
6470,Aromatase_inactives_new_006470,mol_006470,15,15
6471,Aromatase_inactives_new_006471,mol_006471,18,18
6472,Aromatase_inactives_new_006472,mol_006472,27,27
6473,Aromatase_inactives_new_006473,mol_006473,30,30
6474,Aromatase_inactives_new_006474,mol_006474,19,20
6475,Aromatase_inactives_new_006475,mol_006475,30,30
6476,Aromatase_inactives_new_006476,mol_006476,37,38
6477,Aromatase_inactives_new_006477,mol_006477,29,29
6478,Aromatase_inactives_new_006478,mol_006478,33,34
6479,Aromatase_inactives_new_006479,mol_006479,17,17
6480,Aromatase_inactives_new_006480,mol_006480,35,35
6481,Aromatase_inactives_new_006481,mol_006481,35,35
6482,Aromatase_inactives_new_006482,mol_006482,45,45
6483,Aromatase_inactives_new_006483,mol_006483,37,37
6484,Aromatase_inactives_new_006484,mol_006484,37,37
6485,Aromatase_inactives_new_006485,mol_006485,19,19
6486,Aromatase_inactives_new_006486,mol_006486,15,15
6487,Aromatase_inactives_new_006487,mol_006487,13,13
6488,Aromatase_inactives_new_006488,mol_006488,16,16
6489,Aromatase_inactives_new_006489,mol_006489,17,17
6490,Aromatase_inactives_new_006490,mol_006490,20,20
6491,Aromatase_inactives_new_006491,mol_006491,12,12
6492,Aromatase_inactives_new_006492,mol_006492,17,17
6493,Aromatase_inactives_new_006493,mol_006493,17,17
6494,Aromatase_inactives_new_006494,mol_006494,16,16
6495,Aromatase_inactives_new_006495,mol_006495,20,21
6496,Aromatase_inactives_new_006496,mol_006496,16,17
6497,Aromatase_inactives_new_006497,mol_006497,29,30
6498,Aromatase_inactives_new_006498,mol_006498,35,35
6499,Aromatase_inactives_new_006499,mol_006499,34,34
6500,Aromatase_inactives_new_006500,mol_006500,20,20
6501,Aromatase_inactives_new_006501,mol_006501,15,16
6502,Aromatase_inactives_new_006502,mol_006502,19,19
6503,Aromatase_inactives_new_006503,mol_006503,17,18
6504,Aromatase_inactives_new_006504,mol_006504,22,23
6505,Aromatase_inactives_new_006505,mol_006505,15,16
6506,Aromatase_inactives_new_006506,mol_006506,30,33
6507,Aromatase_inactives_new_006507,mol_006507,19,20
6508,Aromatase_inactives_new_006508,mol_006508,59,64
6509,Aromatase_inactives_new_006509,mol_006509,21,22
6510,Aromatase_inactives_new_006510,mol_006510,20,22
6511,Aromatase_inactives_new_006511,mol_006511,16,16
6512,Aromatase_inactives_new_006512,mol_006512,46,48
6513,Aromatase_inactives_new_006513,mol_006513,41,42
6514,Aromatase_inactives_new_006514,mol_006514,26,27
6515,Aromatase_inactives_new_006515,mol_006515,28,29
6516,Aromatase_inactives_new_006516,mol_006516,19,20
6517,Aromatase_inactives_new_006517,mol_006517,20,21
6518,Aromatase_inactives_new_006518,mol_006518,24,25
6519,Aromatase_inactives_new_006519,mol_006519,44,45
6520,Aromatase_inactives_new_006520,mol_006520,36,37
6521,Aromatase_inactives_new_006521,mol_006521,36,37
6522,Aromatase_inactives_new_006522,mol_006522,16,17
6523,Aromatase_inactives_new_006523,mol_006523,16,17
6524,Aromatase_inactives_new_006524,mol_006524,17,18
6525,Aromatase_inactives_new_006525,mol_006525,38,39
6526,Aromatase_inactives_new_006526,mol_006526,57,61
6527,Aromatase_inactives_new_006527,mol_006527,36,36
6528,Aromatase_inactives_new_006528,mol_006528,18,18
6529,Aromatase_inactives_new_006529,mol_006529,6,5
6530,Aromatase_inactives_new_006530,mol_006530,14,14
6531,Aromatase_inactives_new_006531,mol_006531,17,18
6532,Aromatase_inactives_new_006532,mol_006532,14,14
6533,Aromatase_inactives_new_006533,mol_006533,15,15
6534,Aromatase_inactives_new_006534,mol_006534,15,15
6535,Aromatase_inactives_new_006535,mol_006535,11,11
6536,Aromatase_inactives_new_006536,mol_006536,32,31
6537,Aromatase_inactives_new_006537,mol_006537,14,13
6538,Aromatase_inactives_new_006538,mol_006538,20,19
6539,Aromatase_inactives_new_006539,mol_006539,19,19
6540,Aromatase_inactives_new_006540,mol_006540,17,17
6541,Aromatase_inactives_new_006541,mol_006541,10,9
6542,Aromatase_inactives_new_006542,mol_006542,31,30
6543,Aromatase_inactives_new_006543,mol_006543,18,18
6544,Aromatase_inactives_new_006544,mol_006544,18,18
6545,Aromatase_inactives_new_006545,mol_006545,30,29
6546,Aromatase_inactives_new_006546,mol_006546,15,15
6547,Aromatase_inactives_new_006547,mol_006547,15,15
6548,Aromatase_inactives_new_006548,mol_006548,18,18
6549,Aromatase_inactives_new_006549,mol_006549,16,16
6550,Aromatase_inactives_new_006550,mol_006550,64,63
6551,Aromatase_inactives_new_006551,mol_006551,36,37
6552,Aromatase_inactives_new_006552,mol_006552,15,15
6553,Aromatase_inactives_new_006553,mol_006553,17,16
6554,Aromatase_inactives_new_006554,mol_006554,28,27
6555,Aromatase_inactives_new_006555,mol_006555,12,11
6556,Aromatase_inactives_new_006556,mol_006556,26,27
6557,Aromatase_inactives_new_006557,mol_006557,28,28
6558,Aromatase_inactives_new_006558,mol_006558,15,15
6559,Aromatase_inactives_new_006559,mol_006559,38,39
6560,Aromatase_inactives_new_006560,mol_006560,46,47
6561,Aromatase_inactives_new_006561,mol_006561,34,35
6562,Aromatase_inactives_new_006562,mol_006562,34,35
6563,Aromatase_inactives_new_006563,mol_006563,25,26
6564,Aromatase_inactives_new_006564,mol_006564,27,28
6565,Aromatase_inactives_new_006565,mol_006565,27,28
6566,Aromatase_inactives_new_006566,mol_006566,28,28
6567,Aromatase_inactives_new_006567,mol_006567,15,14
6568,Aromatase_inactives_new_006568,mol_006568,13,12
6569,Aromatase_inactives_new_006569,mol_006569,13,12
6570,Aromatase_inactives_new_006570,mol_006570,36,36
6571,Aromatase_inactives_new_006571,mol_006571,18,18
6572,Aromatase_inactives_new_006572,mol_006572,18,18
6573,Aromatase_inactives_new_006573,mol_006573,28,27
6574,Aromatase_inactives_new_006574,mol_006574,24,24
6575,Aromatase_inactives_new_006575,mol_006575,29,29
6576,Aromatase_inactives_new_006576,mol_006576,17,17
6577,Aromatase_inactives_new_006577,mol_006577,21,21
6578,Aromatase_inactives_new_006578,mol_006578,20,20
6579,Aromatase_inactives_new_006579,mol_006579,19,19
6580,Aromatase_inactives_new_006580,mol_006580,16,16
6581,Aromatase_inactives_new_006581,mol_006581,13,13
6582,Aromatase_inactives_new_006582,mol_006582,13,13
6583,Aromatase_inactives_new_006583,mol_006583,15,15
6584,Aromatase_inactives_new_006584,mol_006584,13,13
6585,Aromatase_inactives_new_006585,mol_006585,24,28
6586,Aromatase_inactives_new_006586,mol_006586,22,24
6587,Aromatase_inactives_new_006587,mol_006587,16,16
6588,Aromatase_inactives_new_006588,mol_006588,16,15
6589,Aromatase_inactives_new_006589,mol_006589,21,21
6590,Aromatase_inactives_new_006590,mol_006590,15,15
6591,Aromatase_inactives_new_006591,mol_006591,21,21
6592,Aromatase_inactives_new_006592,mol_006592,21,21
6593,Aromatase_inactives_new_006593,mol_006593,15,15
6594,Aromatase_inactives_new_006594,mol_006594,18,18
6595,Aromatase_inactives_new_006595,mol_006595,15,15
6596,Aromatase_inactives_new_006596,mol_006596,16,16
6597,Aromatase_inactives_new_006597,mol_006597,17,17
6598,Aromatase_inactives_new_006598,mol_006598,18,18
6599,Aromatase_inactives_new_006599,mol_006599,18,18
6600,Aromatase_inactives_new_006600,mol_006600,19,19
6601,Aromatase_inactives_new_006601,mol_006601,15,15
6602,Aromatase_inactives_new_006602,mol_006602,18,18
6603,Aromatase_inactives_new_006603,mol_006603,18,18
6604,Aromatase_inactives_new_006604,mol_006604,18,18
6605,Aromatase_inactives_new_006605,mol_006605,16,16
6606,Aromatase_inactives_new_006606,mol_006606,41,40
6607,Aromatase_inactives_new_006607,mol_006607,23,23
6608,Aromatase_inactives_new_006608,mol_006608,26,25
6609,Aromatase_inactives_new_006609,mol_006609,26,25
6610,Aromatase_inactives_new_006610,mol_006610,20,19
6611,Aromatase_inactives_new_006611,mol_006611,22,21
6612,Aromatase_inactives_new_006612,mol_006612,22,21
6613,Aromatase_inactives_new_006613,mol_006613,28,29
6614,Aromatase_inactives_new_006614,mol_006614,24,23
6615,Aromatase_inactives_new_006615,mol_006615,35,34
6616,Aromatase_inactives_new_006616,mol_006616,20,20
6617,Aromatase_inactives_new_006617,mol_006617,33,32
6618,Aromatase_inactives_new_006618,mol_006618,33,32
6619,Aromatase_inactives_new_006619,mol_006619,45,44
6620,Aromatase_inactives_new_006620,mol_006620,18,17
6621,Aromatase_inactives_new_006621,mol_006621,30,30
6622,Aromatase_inactives_new_006622,mol_006622,10,10
6623,Aromatase_inactives_new_006623,mol_006623,22,22
6624,Aromatase_inactives_new_006624,mol_006624,23,23
6625,Aromatase_inactives_new_006625,mol_006625,30,30
6626,Aromatase_inactives_new_006626,mol_006626,28,28
6627,Aromatase_inactives_new_006627,mol_006627,39,40
6628,Aromatase_inactives_new_006628,mol_006628,19,19
6629,Aromatase_inactives_new_006629,mol_006629,73,77
6630,Aromatase_inactives_new_006630,mol_006630,23,23
6631,Aromatase_inactives_new_006631,mol_006631,26,26
6632,Aromatase_inactives_new_006632,mol_006632,24,24
6633,Aromatase_inactives_new_006633,mol_006633,31,31
6634,Aromatase_inactives_new_006634,mol_006634,20,20
6635,Aromatase_inactives_new_006635,mol_006635,24,25
6636,Aromatase_inactives_new_006636,mol_006636,13,13
6637,Aromatase_inactives_new_006637,mol_006637,19,19
6638,Aromatase_inactives_new_006638,mol_006638,19,19
6639,Aromatase_inactives_new_006639,mol_006639,28,28
6640,Aromatase_inactives_new_006640,mol_006640,25,25
6641,Aromatase_inactives_new_006641,mol_006641,13,13
6642,Aromatase_inactives_new_006642,mol_006642,24,24
6643,Aromatase_inactives_new_006643,mol_006643,17,17
6644,Aromatase_inactives_new_006644,mol_006644,17,17
6645,Aromatase_inactives_new_006645,mol_006645,23,24
6646,Aromatase_inactives_new_006646,mol_006646,12,11
6647,Aromatase_inactives_new_006647,mol_006647,21,20
6648,Aromatase_inactives_new_006648,mol_006648,19,18
6649,Aromatase_inactives_new_006649,mol_006649,19,18
6650,Aromatase_inactives_new_006650,mol_006650,21,20
6651,Aromatase_inactives_new_006651,mol_006651,63,65
6652,Aromatase_inactives_new_006652,mol_006652,43,42
6653,Aromatase_inactives_new_006653,mol_006653,19,18
6654,Aromatase_inactives_new_006654,mol_006654,19,18
6655,Aromatase_inactives_new_006655,mol_006655,13,12
6656,Aromatase_inactives_new_006656,mol_006656,13,12
6657,Aromatase_inactives_new_006657,mol_006657,14,13
6658,Aromatase_inactives_new_006658,mol_006658,14,13
6659,Aromatase_inactives_new_006659,mol_006659,37,36
6660,Aromatase_inactives_new_006660,mol_006660,67,66
6661,Aromatase_inactives_new_006661,mol_006661,28,28
6662,Aromatase_inactives_new_006662,mol_006662,21,20
6663,Aromatase_inactives_new_006663,mol_006663,20,20
6664,Aromatase_inactives_new_006664,mol_006664,25,25
6665,Aromatase_inactives_new_006665,mol_006665,16,16
6666,Aromatase_inactives_new_006666,mol_006666,26,26
6667,Aromatase_inactives_new_006667,mol_006667,15,15
6668,Aromatase_inactives_new_006668,mol_006668,17,17
6669,Aromatase_inactives_new_006669,mol_006669,17,17
6670,Aromatase_inactives_new_006670,mol_006670,34,36
6671,Aromatase_inactives_new_006671,mol_006671,19,19
6672,Aromatase_inactives_new_006672,mol_006672,22,22
6673,Aromatase_inactives_new_006673,mol_006673,18,18
6674,Aromatase_inactives_new_006674,mol_006674,22,22
6675,Aromatase_inactives_new_006675,mol_006675,28,28
6676,Aromatase_inactives_new_006676,mol_006676,19,18
6677,Aromatase_inactives_new_006677,mol_006677,16,15
6678,Aromatase_inactives_new_006678,mol_006678,16,15
6679,Aromatase_inactives_new_006679,mol_006679,13,12
6680,Aromatase_inactives_new_006680,mol_006680,25,24
6681,Aromatase_inactives_new_006681,mol_006681,25,24
6682,Aromatase_inactives_new_006682,mol_006682,19,18
6683,Aromatase_inactives_new_006683,mol_006683,33,33
6684,Aromatase_inactives_new_006684,mol_006684,30,30
6685,Aromatase_inactives_new_006685,mol_006685,24,24
6686,Aromatase_inactives_new_006686,mol_006686,18,17
6687,Aromatase_inactives_new_006687,mol_006687,10,9
6688,Aromatase_inactives_new_006688,mol_006688,80,79
6689,Aromatase_inactives_new_006689,mol_006689,27,26
6690,Aromatase_inactives_new_006690,mol_006690,28,28
6691,Aromatase_inactives_new_006691,mol_006691,34,33
6692,Aromatase_inactives_new_006692,mol_006692,28,27
6693,Aromatase_inactives_new_006693,mol_006693,28,27
6694,Aromatase_inactives_new_006694,mol_006694,64,63
6695,Aromatase_inactives_new_006695,mol_006695,17,16
6696,Aromatase_inactives_new_006696,mol_006696,20,19
6697,Aromatase_inactives_new_006697,mol_006697,23,22
6698,Aromatase_inactives_new_006698,mol_006698,35,34
6699,Aromatase_inactives_new_006699,mol_006699,24,23
6700,Aromatase_inactives_new_006700,mol_006700,24,23
6701,Aromatase_inactives_new_006701,mol_006701,27,26
6702,Aromatase_inactives_new_006702,mol_006702,30,29
6703,Aromatase_inactives_new_006703,mol_006703,33,32
6704,Aromatase_inactives_new_006704,mol_006704,31,30
6705,Aromatase_inactives_new_006705,mol_006705,38,37
6706,Aromatase_inactives_new_006706,mol_006706,38,37
6707,Aromatase_inactives_new_006707,mol_006707,20,20
6708,Aromatase_inactives_new_006708,mol_006708,17,16
6709,Aromatase_inactives_new_006709,mol_006709,21,20
6710,Aromatase_inactives_new_006710,mol_006710,16,15
6711,Aromatase_inactives_new_006711,mol_006711,10,9
6712,Aromatase_inactives_new_006712,mol_006712,17,17
6713,Aromatase_inactives_new_006713,mol_006713,22,22
6714,Aromatase_inactives_new_006714,mol_006714,33,34
6715,Aromatase_inactives_new_006715,mol_006715,25,25
6716,Aromatase_inactives_new_006716,mol_006716,16,16
6717,Aromatase_inactives_new_006717,mol_006717,36,37
6718,Aromatase_inactives_new_006718,mol_006718,16,16
6719,Aromatase_inactives_new_006719,mol_006719,18,18
6720,Aromatase_inactives_new_006720,mol_006720,3,2
6721,Aromatase_inactives_new_006721,mol_006721,21,21
6722,Aromatase_inactives_new_006722,mol_006722,12,12
6723,Aromatase_inactives_new_006723,mol_006723,12,12
6724,Aromatase_inactives_new_006724,mol_006724,32,32
6725,Aromatase_inactives_new_006725,mol_006725,50,49
6726,Aromatase_inactives_new_006726,mol_006726,25,24
6727,Aromatase_inactives_new_006727,mol_006727,35,36
6728,Aromatase_inactives_new_006728,mol_006728,49,53
6729,Aromatase_inactives_new_006729,mol_006729,25,24
6730,Aromatase_inactives_new_006730,mol_006730,52,53
6731,Aromatase_inactives_new_006731,mol_006731,29,28
6732,Aromatase_inactives_new_006732,mol_006732,64,65
6733,Aromatase_inactives_new_006733,mol_006733,28,28
6734,Aromatase_inactives_new_006734,mol_006734,71,46
6735,Aromatase_inactives_new_006735,mol_006735,96,106
6736,Aromatase_inactives_new_006736,mol_006736,38,37
6737,Aromatase_inactives_new_006737,mol_006737,42,44
6738,Aromatase_inactives_new_006738,mol_006738,28,27
6739,Aromatase_inactives_new_006739,mol_006739,40,41
6740,Aromatase_inactives_new_006740,mol_006740,17,18
6741,Aromatase_inactives_new_006741,mol_006741,20,20
6742,Aromatase_inactives_new_006742,mol_006742,45,45
6743,Aromatase_inactives_new_006743,mol_006743,80,82
6744,Aromatase_inactives_new_006744,mol_006744,20,17
6745,Aromatase_inactives_new_006745,mol_006745,71,71
6746,Aromatase_inactives_new_006746,mol_006746,48,51
6747,Aromatase_inactives_new_006747,mol_006747,54,55
6748,Aromatase_inactives_new_006748,mol_006748,29,30
6749,Aromatase_inactives_new_006749,mol_006749,38,39
6750,Aromatase_inactives_new_006750,mol_006750,66,67
6751,Aromatase_inactives_new_006751,mol_006751,19,18
6752,Aromatase_inactives_new_006752,mol_006752,63,64
6753,Aromatase_inactives_new_006753,mol_006753,47,47
6754,Aromatase_inactives_new_006754,mol_006754,112,109
6755,Aromatase_inactives_new_006755,mol_006755,21,22
6756,Aromatase_inactives_new_006756,mol_006756,40,41
6757,Aromatase_inactives_new_006757,mol_006757,39,40
6758,Aromatase_inactives_new_006758,mol_006758,49,51
6759,Aromatase_inactives_new_006759,mol_006759,38,38
6760,Aromatase_inactives_new_006760,mol_006760,49,49
6761,Aromatase_inactives_new_006761,mol_006761,32,33
6762,Aromatase_inactives_new_006762,mol_006762,41,41
6763,Aromatase_inactives_new_006763,mol_006763,26,26
6764,Aromatase_inactives_new_006764,mol_006764,51,51
6765,Aromatase_inactives_new_006765,mol_006765,40,40
6766,Aromatase_inactives_new_006766,mol_006766,44,47
6767,Aromatase_inactives_new_006767,mol_006767,39,38
6768,Aromatase_inactives_new_006768,mol_006768,45,47
6769,Aromatase_inactives_new_006769,mol_006769,24,22
6770,Aromatase_inactives_new_006770,mol_006770,19,20
6771,Aromatase_inactives_new_006771,mol_006771,20,20
6772,Aromatase_inactives_new_006772,mol_006772,83,82
6773,Aromatase_inactives_new_006773,mol_006773,40,41
6774,Aromatase_inactives_new_006774,mol_006774,19,20
6775,Aromatase_inactives_new_006775,mol_006775,50,53
6776,Aromatase_inactives_new_006776,mol_006776,34,32
6777,Aromatase_inactives_new_006777,mol_006777,37,38
6778,Aromatase_inactives_new_006778,mol_006778,18,17
6779,Aromatase_inactives_new_006779,mol_006779,46,49
6780,Aromatase_inactives_new_006780,mol_006780,24,23
6781,Aromatase_inactives_new_006781,mol_006781,30,31
6782,Aromatase_inactives_new_006782,mol_006782,18,18
6783,Aromatase_inactives_new_006783,mol_006783,60,64
6784,Aromatase_inactives_new_006784,mol_006784,12,12
6785,Aromatase_inactives_new_006785,mol_006785,32,32
6786,Aromatase_inactives_new_006786,mol_006786,44,47
6787,Aromatase_inactives_new_006787,mol_006787,39,40
6788,Aromatase_inactives_new_006788,mol_006788,24,24
6789,Aromatase_inactives_new_006789,mol_006789,51,52
6790,Aromatase_inactives_new_006790,mol_006790,47,45
6791,Aromatase_inactives_new_006791,mol_006791,50,53
6792,Aromatase_inactives_new_006792,mol_006792,28,29
6793,Aromatase_inactives_new_006793,mol_006793,18,19
6794,Aromatase_inactives_new_006794,mol_006794,42,43
6795,Aromatase_inactives_new_006795,mol_006795,35,37
6796,Aromatase_inactives_new_006796,mol_006796,32,31
6797,Aromatase_inactives_new_006797,mol_006797,40,40
6798,Aromatase_inactives_new_006798,mol_006798,20,20
6799,Aromatase_inactives_new_006799,mol_006799,28,28
6800,Aromatase_inactives_new_006800,mol_006800,38,38
6801,Aromatase_inactives_new_006801,mol_006801,48,43
6802,Aromatase_inactives_new_006802,mol_006802,52,54
6803,Aromatase_inactives_new_006803,mol_006803,35,34
6804,Aromatase_inactives_new_006804,mol_006804,33,34
6805,Aromatase_inactives_new_006805,mol_006805,24,22
6806,Aromatase_inactives_new_006806,mol_006806,28,29
6807,Aromatase_inactives_new_006807,mol_006807,53,55
6808,Aromatase_inactives_new_006808,mol_006808,58,60
6809,Aromatase_inactives_new_006809,mol_006809,32,32
6810,Aromatase_inactives_new_006810,mol_006810,17,16
6811,Aromatase_inactives_new_006811,mol_006811,59,59
6812,Aromatase_inactives_new_006812,mol_006812,33,32
6813,Aromatase_inactives_new_006813,mol_006813,80,85
6814,Aromatase_inactives_new_006814,mol_006814,46,49
6815,Aromatase_inactives_new_006815,mol_006815,38,40
6816,Aromatase_inactives_new_006816,mol_006816,16,15
6817,Aromatase_inactives_new_006817,mol_006817,33,35
6818,Aromatase_inactives_new_006818,mol_006818,28,27
6819,Aromatase_inactives_new_006819,mol_006819,52,53
6820,Aromatase_inactives_new_006820,mol_006820,21,20
6821,Aromatase_inactives_new_006821,mol_006821,21,22
6822,Aromatase_inactives_new_006822,mol_006822,36,34
6823,Aromatase_inactives_new_006823,mol_006823,30,28
6824,Aromatase_inactives_new_006824,mol_006824,30,31
6825,Aromatase_inactives_new_006825,mol_006825,50,52
6826,Aromatase_inactives_new_006826,mol_006826,66,67
6827,Aromatase_inactives_new_006827,mol_006827,48,51
6828,Aromatase_inactives_new_006828,mol_006828,59,60
6829,Aromatase_inactives_new_006829,mol_006829,32,33
6830,Aromatase_inactives_new_006830,mol_006830,102,101
6831,Aromatase_inactives_new_006831,mol_006831,59,60
6832,Aromatase_inactives_new_006832,mol_006832,23,22
6833,Aromatase_inactives_new_006833,mol_006833,38,39
6834,Aromatase_inactives_new_006834,mol_006834,35,35
6835,Aromatase_inactives_new_006835,mol_006835,74,80
6836,Aromatase_inactives_new_006836,mol_006836,48,50
6837,Aromatase_inactives_new_006837,mol_006837,22,21
6838,Aromatase_inactives_new_006838,mol_006838,26,26
6839,Aromatase_inactives_new_006839,mol_006839,53,56
6840,Aromatase_inactives_new_006840,mol_006840,26,26
6841,Aromatase_inactives_new_006841,mol_006841,36,37
6842,Aromatase_inactives_new_006842,mol_006842,23,21
6843,Aromatase_inactives_new_006843,mol_006843,36,35
6844,Aromatase_inactives_new_006844,mol_006844,28,28
6845,Aromatase_inactives_new_006845,mol_006845,50,53
6846,Aromatase_inactives_new_006846,mol_006846,39,41
6847,Aromatase_inactives_new_006847,mol_006847,36,37
6848,Aromatase_inactives_new_006848,mol_006848,24,23
6849,Aromatase_inactives_new_006849,mol_006849,20,20
6850,Aromatase_inactives_new_006850,mol_006850,19,19
6851,Aromatase_inactives_new_006851,mol_006851,27,28
6852,Aromatase_inactives_new_006852,mol_006852,36,38
6853,Aromatase_inactives_new_006853,mol_006853,29,29
6854,Aromatase_inactives_new_006854,mol_006854,40,40
6855,Aromatase_inactives_new_006855,mol_006855,38,37
6856,Aromatase_inactives_new_006856,mol_006856,28,30
6857,Aromatase_inactives_new_006857,mol_006857,48,51
6858,Aromatase_inactives_new_006858,mol_006858,42,45
6859,Aromatase_inactives_new_006859,mol_006859,40,42
6860,Aromatase_inactives_new_006860,mol_006860,44,47
6861,Aromatase_inactives_new_006861,mol_006861,48,51
6862,Aromatase_inactives_new_006862,mol_006862,41,42
6863,Aromatase_inactives_new_006863,mol_006863,41,43
6864,Aromatase_inactives_new_006864,mol_006864,54,52
6865,Aromatase_inactives_new_006865,mol_006865,19,19
6866,Aromatase_inactives_new_006866,mol_006866,66,67
6867,Aromatase_inactives_new_006867,mol_006867,20,21
6868,Aromatase_inactives_new_006868,mol_006868,77,80
6869,Aromatase_inactives_new_006869,mol_006869,51,51
6870,Aromatase_inactives_new_006870,mol_006870,54,56
6871,Aromatase_inactives_new_006871,mol_006871,31,33
6872,Aromatase_inactives_new_006872,mol_006872,24,23
6873,Aromatase_inactives_new_006873,mol_006873,57,57
6874,Aromatase_inactives_new_006874,mol_006874,18,17
6875,Aromatase_inactives_new_006875,mol_006875,16,17
6876,Aromatase_inactives_new_006876,mol_006876,72,75
6877,Aromatase_inactives_new_006877,mol_006877,24,24
6878,Aromatase_inactives_new_006878,mol_006878,49,53
6879,Aromatase_inactives_new_006879,mol_006879,74,78
6880,Aromatase_inactives_new_006880,mol_006880,20,19
6881,Aromatase_inactives_new_006881,mol_006881,32,31
6882,Aromatase_inactives_new_006882,mol_006882,20,22
6883,Aromatase_inactives_new_006883,mol_006883,53,55
6884,Aromatase_inactives_new_006884,mol_006884,32,32
6885,Aromatase_inactives_new_006885,mol_006885,27,25
6886,Aromatase_inactives_new_006886,mol_006886,38,39
6887,Aromatase_inactives_new_006887,mol_006887,36,36
6888,Aromatase_inactives_new_006888,mol_006888,13,12
6889,Aromatase_inactives_new_006889,mol_006889,48,48
6890,Aromatase_inactives_new_006890,mol_006890,37,38
6891,Aromatase_inactives_new_006891,mol_006891,39,41
6892,Aromatase_inactives_new_006892,mol_006892,42,43
6893,Aromatase_inactives_new_006893,mol_006893,22,21
6894,Aromatase_inactives_new_006894,mol_006894,40,40
6895,Aromatase_inactives_new_006895,mol_006895,36,38
6896,Aromatase_inactives_new_006896,mol_006896,44,46
6897,Aromatase_inactives_new_006897,mol_006897,24,24
6898,Aromatase_inactives_new_006898,mol_006898,29,29
6899,Aromatase_inactives_new_006899,mol_006899,46,45
6900,Aromatase_inactives_new_006900,mol_006900,52,53
6901,Aromatase_inactives_new_006901,mol_006901,50,51
6902,Aromatase_inactives_new_006902,mol_006902,52,53
6903,Aromatase_inactives_new_006903,mol_006903,62,62
6904,Aromatase_inactives_new_006904,mol_006904,39,40
6905,Aromatase_inactives_new_006905,mol_006905,26,27
6906,Aromatase_inactives_new_006906,mol_006906,45,45
6907,Aromatase_inactives_new_006907,mol_006907,15,14
6908,Aromatase_inactives_new_006908,mol_006908,36,38
6909,Aromatase_inactives_new_006909,mol_006909,20,20
6910,Aromatase_inactives_new_006910,mol_006910,118,121
6911,Aromatase_inactives_new_006911,mol_006911,28,28
6912,Aromatase_inactives_new_006912,mol_006912,55,56
6913,Aromatase_inactives_new_006913,mol_006913,28,28
6914,Aromatase_inactives_new_006914,mol_006914,57,58
6915,Aromatase_inactives_new_006915,mol_006915,28,27
6916,Aromatase_inactives_new_006916,mol_006916,23,23
6917,Aromatase_inactives_new_006917,mol_006917,27,27
6918,Aromatase_inactives_new_006918,mol_006918,96,97
6919,Aromatase_inactives_new_006919,mol_006919,29,31
6920,Aromatase_inactives_new_006920,mol_006920,41,39
6921,Aromatase_inactives_new_006921,mol_006921,107,113
6922,Aromatase_inactives_new_006922,mol_006922,32,33
6923,Aromatase_inactives_new_006923,mol_006923,36,38
6924,Aromatase_inactives_new_006924,mol_006924,67,67
6925,Aromatase_inactives_new_006925,mol_006925,75,73
6926,Aromatase_inactives_new_006926,mol_006926,42,44
6927,Aromatase_inactives_new_006927,mol_006927,48,51
6928,Aromatase_inactives_new_006928,mol_006928,49,50
6929,Aromatase_inactives_new_006929,mol_006929,43,43
6930,Aromatase_inactives_new_006930,mol_006930,33,34
6931,Aromatase_inactives_new_006931,mol_006931,32,30
6932,Aromatase_inactives_new_006932,mol_006932,28,27
6933,Aromatase_inactives_new_006933,mol_006933,30,29
6934,Aromatase_inactives_new_006934,mol_006934,24,23
6935,Aromatase_inactives_new_006935,mol_006935,21,19
6936,Aromatase_inactives_new_006936,mol_006936,23,23
6937,Aromatase_inactives_new_006937,mol_006937,25,24
6938,Aromatase_inactives_new_006938,mol_006938,18,17
6939,Aromatase_inactives_new_006939,mol_006939,33,31
6940,Aromatase_inactives_new_006940,mol_006940,16,15
6941,Aromatase_inactives_new_006941,mol_006941,31,29
6942,Aromatase_inactives_new_006942,mol_006942,49,49
6943,Aromatase_inactives_new_006943,mol_006943,59,60
6944,Aromatase_inactives_new_006944,mol_006944,46,46
6945,Aromatase_inactives_new_006945,mol_006945,42,43
6946,Aromatase_inactives_new_006946,mol_006946,50,53
6947,Aromatase_inactives_new_006947,mol_006947,52,52
6948,Aromatase_inactives_new_006948,mol_006948,32,32
6949,Aromatase_inactives_new_006949,mol_006949,26,25
6950,Aromatase_inactives_new_006950,mol_006950,23,23
6951,Aromatase_inactives_new_006951,mol_006951,42,44
6952,Aromatase_inactives_new_006952,mol_006952,17,18
6953,Aromatase_inactives_new_006953,mol_006953,18,18
6954,Aromatase_inactives_new_006954,mol_006954,46,48
6955,Aromatase_inactives_new_006955,mol_006955,49,51
6956,Aromatase_inactives_new_006956,mol_006956,76,80
6957,Aromatase_inactives_new_006957,mol_006957,22,22
6958,Aromatase_inactives_new_006958,mol_006958,21,20
6959,Aromatase_inactives_new_006959,mol_006959,68,68
6960,Aromatase_inactives_new_006960,mol_006960,80,81
6961,Aromatase_inactives_new_006961,mol_006961,50,51
6962,Aromatase_inactives_new_006962,mol_006962,27,29
6963,Aromatase_inactives_new_006963,mol_006963,35,37
6964,Aromatase_inactives_new_006964,mol_006964,59,60
6965,Aromatase_inactives_new_006965,mol_006965,54,55
6966,Aromatase_inactives_new_006966,mol_006966,81,83
6967,Aromatase_inactives_new_006967,mol_006967,49,50
6968,Aromatase_inactives_new_006968,mol_006968,34,35
6969,Aromatase_inactives_new_006969,mol_006969,21,22
6970,Aromatase_inactives_new_006970,mol_006970,41,41
6971,Aromatase_inactives_new_006971,mol_006971,41,40
6972,Aromatase_inactives_new_006972,mol_006972,37,38
6973,Aromatase_inactives_new_006973,mol_006973,31,32
6974,Aromatase_inactives_new_006974,mol_006974,39,40
6975,Aromatase_inactives_new_006975,mol_006975,70,69
6976,Aromatase_inactives_new_006976,mol_006976,44,47
6977,Aromatase_inactives_new_006977,mol_006977,53,56
6978,Aromatase_inactives_new_006978,mol_006978,31,31
6979,Aromatase_inactives_new_006979,mol_006979,36,37
6980,Aromatase_inactives_new_006980,mol_006980,29,31
6981,Aromatase_inactives_new_006981,mol_006981,45,45
6982,Aromatase_inactives_new_006982,mol_006982,24,25
6983,Aromatase_inactives_new_006983,mol_006983,71,73
6984,Aromatase_inactives_new_006984,mol_006984,34,34
6985,Aromatase_inactives_new_006985,mol_006985,34,35
6986,Aromatase_inactives_new_006986,mol_006986,24,26
6987,Aromatase_inactives_new_006987,mol_006987,62,65
6988,Aromatase_inactives_new_006988,mol_006988,50,52
6989,Aromatase_inactives_new_006989,mol_006989,47,46
6990,Aromatase_inactives_new_006990,mol_006990,19,21
6991,Aromatase_inactives_new_006991,mol_006991,22,23
6992,Aromatase_inactives_new_006992,mol_006992,39,40
6993,Aromatase_inactives_new_006993,mol_006993,40,43
6994,Aromatase_inactives_new_006994,mol_006994,39,42
6995,Aromatase_inactives_new_006995,mol_006995,27,28
6996,Aromatase_inactives_new_006996,mol_006996,48,50
6997,Aromatase_inactives_new_006997,mol_006997,46,48
6998,Aromatase_inactives_new_006998,mol_006998,40,42
6999,Aromatase_inactives_new_006999,mol_006999,47,49
7000,Aromatase_inactives_new_007000,mol_007000,26,27
7001,Aromatase_inactives_new_007001,mol_007001,30,31
7002,Aromatase_inactives_new_007002,mol_007002,31,33
7003,Aromatase_inactives_new_007003,mol_007003,32,34
7004,Aromatase_inactives_new_007004,mol_007004,34,36
7005,Aromatase_inactives_new_007005,mol_007005,62,65
7006,Aromatase_inactives_new_007006,mol_007006,92,91
7007,Aromatase_inactives_new_007007,mol_007007,33,35
7008,Aromatase_inactives_new_007008,mol_007008,63,64
7009,Aromatase_inactives_new_007009,mol_007009,24,26
7010,Aromatase_inactives_new_007010,mol_007010,27,29
7011,Aromatase_inactives_new_007011,mol_007011,58,60
7012,Aromatase_inactives_new_007012,mol_007012,20,22
7013,Aromatase_inactives_new_007013,mol_007013,37,39
7014,Aromatase_inactives_new_007014,mol_007014,77,79
7015,Aromatase_inactives_new_007015,mol_007015,70,73
7016,Aromatase_inactives_new_007016,mol_007016,43,46
7017,Aromatase_inactives_new_007017,mol_007017,41,43
7018,Aromatase_inactives_new_007018,mol_007018,40,43
7019,Aromatase_inactives_new_007019,mol_007019,41,45
7020,Aromatase_inactives_new_007020,mol_007020,46,47
7021,Aromatase_inactives_new_007021,mol_007021,57,60
7022,Aromatase_inactives_new_007022,mol_007022,69,70
7023,Aromatase_inactives_new_007023,mol_007023,50,51
7024,Aromatase_inactives_new_007024,mol_007024,26,28
7025,Aromatase_inactives_new_007025,mol_007025,14,14
7026,Aromatase_inactives_new_007026,mol_007026,20,20
7027,Aromatase_inactives_new_007027,mol_007027,16,15
7028,Aromatase_inactives_new_007028,mol_007028,51,50
7029,Aromatase_inactives_new_007029,mol_007029,27,25
7030,Aromatase_inactives_new_007030,mol_007030,43,45
7031,Aromatase_inactives_new_007031,mol_007031,52,51
7032,Aromatase_inactives_new_007032,mol_007032,27,27
7033,Aromatase_inactives_new_007033,mol_007033,26,25
7034,Aromatase_inactives_new_007034,mol_007034,56,59
7035,Aromatase_inactives_new_007035,mol_007035,31,34
7036,Aromatase_inactives_new_007036,mol_007036,45,48
7037,Aromatase_inactives_new_007037,mol_007037,52,52
7038,Aromatase_inactives_new_007038,mol_007038,26,28
7039,Aromatase_inactives_new_007039,mol_007039,46,48
7040,Aromatase_inactives_new_007040,mol_007040,38,40
7041,Aromatase_inactives_new_007041,mol_007041,36,37
7042,Aromatase_inactives_new_007042,mol_007042,71,73
7043,Aromatase_inactives_new_007043,mol_007043,47,48
7044,Aromatase_inactives_new_007044,mol_007044,34,35
7045,Aromatase_inactives_new_007045,mol_007045,23,24
7046,Aromatase_inactives_new_007046,mol_007046,40,41
7047,Aromatase_inactives_new_007047,mol_007047,30,30
7048,Aromatase_inactives_new_007048,mol_007048,61,60
7049,Aromatase_inactives_new_007049,mol_007049,51,49
7050,Aromatase_inactives_new_007050,mol_007050,76,79
7051,Aromatase_inactives_new_007051,mol_007051,50,53
7052,Aromatase_inactives_new_007052,mol_007052,50,53
7053,Aromatase_inactives_new_007053,mol_007053,67,69
7054,Aromatase_inactives_new_007054,mol_007054,38,40
7055,Aromatase_inactives_new_007055,mol_007055,40,40
7056,Aromatase_inactives_new_007056,mol_007056,30,30
7057,Aromatase_inactives_new_007057,mol_007057,40,41
7058,Aromatase_inactives_new_007058,mol_007058,51,53
7059,Aromatase_inactives_new_007059,mol_007059,63,65
7060,Aromatase_inactives_new_007060,mol_007060,59,65
7061,Aromatase_inactives_new_007061,mol_007061,43,42
7062,Aromatase_inactives_new_007062,mol_007062,62,61
7063,Aromatase_inactives_new_007063,mol_007063,34,33
7064,Aromatase_inactives_new_007064,mol_007064,24,21
7065,Aromatase_inactives_new_007065,mol_007065,14,13
7066,Aromatase_inactives_new_007066,mol_007066,9,8
7067,Aromatase_inactives_new_007067,mol_007067,9,7
7068,Aromatase_inactives_new_007068,mol_007068,55,59
7069,Aromatase_inactives_new_007069,mol_007069,116,122
7070,Aromatase_inactives_new_007070,mol_007070,77,85
7071,Aromatase_inactives_new_007071,mol_007071,23,23
7072,Aromatase_inactives_new_007072,mol_007072,39,36
7073,Aromatase_inactives_new_007073,mol_007073,35,31
7074,Aromatase_inactives_new_007074,mol_007074,27,25
7075,Aromatase_inactives_new_007075,mol_007075,20,18
7076,Aromatase_inactives_new_007076,mol_007076,24,21
7077,Aromatase_inactives_new_007077,mol_007077,16,14
7078,Aromatase_inactives_new_007078,mol_007078,2,0
7079,Aromatase_inactives_new_007079,mol_007079,29,26
7080,Aromatase_inactives_new_007080,mol_007080,22,19
7081,Aromatase_inactives_new_007081,mol_007081,58,61
7082,Aromatase_inactives_new_007082,mol_007082,26,26
7083,Aromatase_inactives_new_007083,mol_007083,53,54
7084,Aromatase_inactives_new_007084,mol_007084,23,23
7085,Aromatase_inactives_new_007085,mol_007085,28,28
7086,Aromatase_inactives_new_007086,mol_007086,53,52
7087,Aromatase_inactives_new_007087,mol_007087,60,62
7088,Aromatase_inactives_new_007088,mol_007088,59,61
7089,Aromatase_inactives_new_007089,mol_007089,66,66
7090,Aromatase_inactives_new_007090,mol_007090,20,19
7091,Aromatase_inactives_new_007091,mol_007091,22,22
7092,Aromatase_inactives_new_007092,mol_007092,26,26
7093,Aromatase_inactives_new_007093,mol_007093,64,63
7094,Aromatase_inactives_new_007094,mol_007094,54,53
7095,Aromatase_inactives_new_007095,mol_007095,17,17
7096,Aromatase_inactives_new_007096,mol_007096,28,28
7097,Aromatase_inactives_new_007097,mol_007097,33,33
7098,Aromatase_inactives_new_007098,mol_007098,20,19
7099,Aromatase_inactives_new_007099,mol_007099,22,22
7100,Aromatase_inactives_new_007100,mol_007100,25,24
7101,Aromatase_inactives_new_007101,mol_007101,17,16
7102,Aromatase_inactives_new_007102,mol_007102,25,23
7103,Aromatase_inactives_new_007103,mol_007103,32,31
7104,Aromatase_inactives_new_007104,mol_007104,21,20
7105,Aromatase_inactives_new_007105,mol_007105,41,42
7106,Aromatase_inactives_new_007106,mol_007106,42,41
7107,Aromatase_inactives_new_007107,mol_007107,56,57
7108,Aromatase_inactives_new_007108,mol_007108,32,32
7109,Aromatase_inactives_new_007109,mol_007109,30,29
7110,Aromatase_inactives_new_007110,mol_007110,25,24
7111,Aromatase_inactives_new_007111,mol_007111,22,21
7112,Aromatase_inactives_new_007112,mol_007112,18,18
7113,Aromatase_inactives_new_007113,mol_007113,30,29
7114,Aromatase_inactives_new_007114,mol_007114,45,45
7115,Aromatase_inactives_new_007115,mol_007115,45,45
7116,Aromatase_inactives_new_007116,mol_007116,45,45
7117,Aromatase_inactives_new_007117,mol_007117,38,37
7118,Aromatase_inactives_new_007118,mol_007118,26,25
7119,Aromatase_inactives_new_007119,mol_007119,25,25
7120,Aromatase_inactives_new_007120,mol_007120,24,24
7121,Aromatase_inactives_new_007121,mol_007121,14,15
7122,Aromatase_inactives_new_007122,mol_007122,40,41
7123,Aromatase_inactives_new_007123,mol_007123,46,47
7124,Aromatase_inactives_new_007124,mol_007124,36,36
7125,Aromatase_inactives_new_007125,mol_007125,46,43
7126,Aromatase_inactives_new_007126,mol_007126,37,36
7127,Aromatase_inactives_new_007127,mol_007127,30,30
7128,Aromatase_inactives_new_007128,mol_007128,28,22
7129,Aromatase_inactives_new_007129,mol_007129,42,41
7130,Aromatase_inactives_new_007130,mol_007130,19,18
7131,Aromatase_inactives_new_007131,mol_007131,42,41
7132,Aromatase_inactives_new_007132,mol_007132,6,4
7133,Aromatase_inactives_new_007133,mol_007133,31,30
7134,Aromatase_inactives_new_007134,mol_007134,25,25
7135,Aromatase_inactives_new_007135,mol_007135,28,28
7136,Aromatase_inactives_new_007136,mol_007136,16,15
7137,Aromatase_inactives_new_007137,mol_007137,3,2
7138,Aromatase_inactives_new_007138,mol_007138,18,17
7139,Aromatase_inactives_new_007139,mol_007139,18,18
7140,Aromatase_inactives_new_007140,mol_007140,12,12
7141,Aromatase_inactives_new_007141,mol_007141,16,16
7142,Aromatase_inactives_new_007142,mol_007142,11,11
7143,Aromatase_inactives_new_007143,mol_007143,23,24
7144,Aromatase_inactives_new_007144,mol_007144,18,18
7145,Aromatase_inactives_new_007145,mol_007145,32,31
7146,Aromatase_inactives_new_007146,mol_007146,17,16
7147,Aromatase_inactives_new_007147,mol_007147,39,38
7148,Aromatase_inactives_new_007148,mol_007148,25,24
7149,Aromatase_inactives_new_007149,mol_007149,17,16
7150,Aromatase_inactives_new_007150,mol_007150,19,18
7151,Aromatase_inactives_new_007151,mol_007151,41,41
7152,Aromatase_inactives_new_007152,mol_007152,18,17
7153,Aromatase_inactives_new_007153,mol_007153,33,32
7154,Aromatase_inactives_new_007154,mol_007154,25,24
7155,Aromatase_inactives_new_007155,mol_007155,19,18
7156,Aromatase_inactives_new_007156,mol_007156,46,42
7157,Aromatase_inactives_new_007157,mol_007157,43,39
7158,Aromatase_inactives_new_007158,mol_007158,46,42
7159,Aromatase_inactives_new_007159,mol_007159,29,28
7160,Aromatase_inactives_new_007160,mol_007160,37,36
7161,Aromatase_inactives_new_007161,mol_007161,42,41
7162,Aromatase_inactives_new_007162,mol_007162,30,29
7163,Aromatase_inactives_new_007163,mol_007163,21,20
7164,Aromatase_inactives_new_007164,mol_007164,16,15
7165,Aromatase_inactives_new_007165,mol_007165,15,14
7166,Aromatase_inactives_new_007166,mol_007166,40,42
7167,Aromatase_inactives_new_007167,mol_007167,35,36
7168,Aromatase_inactives_new_007168,mol_007168,38,40
7169,Aromatase_inactives_new_007169,mol_007169,16,15
7170,Aromatase_inactives_new_007170,mol_007170,13,12
7171,Aromatase_inactives_new_007171,mol_007171,29,28
7172,Aromatase_inactives_new_007172,mol_007172,15,15
7173,Aromatase_inactives_new_007173,mol_007173,19,18
7174,Aromatase_inactives_new_007174,mol_007174,13,12
7175,Aromatase_inactives_new_007175,mol_007175,13,13
7176,Aromatase_inactives_new_007176,mol_007176,19,20
7177,Aromatase_inactives_new_007177,mol_007177,10,10
7178,Aromatase_inactives_new_007178,mol_007178,13,13
7179,Aromatase_inactives_new_007179,mol_007179,29,29
7180,Aromatase_inactives_new_007180,mol_007180,17,16
7181,Aromatase_inactives_new_007181,mol_007181,14,13
7182,Aromatase_inactives_new_007182,mol_007182,31,30
7183,Aromatase_inactives_new_007183,mol_007183,34,35
7184,Aromatase_inactives_new_007184,mol_007184,47,46
7185,Aromatase_inactives_new_007185,mol_007185,61,63
7186,Aromatase_inactives_new_007186,mol_007186,26,26
7187,Aromatase_inactives_new_007187,mol_007187,49,51
7188,Aromatase_inactives_new_007188,mol_007188,31,31
7189,Aromatase_inactives_new_007189,mol_007189,110,111
7190,Aromatase_inactives_new_007190,mol_007190,103,104
7191,Aromatase_inactives_new_007191,mol_007191,78,79
7192,Aromatase_inactives_new_007192,mol_007192,50,49
7193,Aromatase_inactives_new_007193,mol_007193,74,74
7194,Aromatase_inactives_new_007194,mol_007194,42,41
7195,Aromatase_inactives_new_007195,mol_007195,35,36
7196,Aromatase_inactives_new_007196,mol_007196,22,21
7197,Aromatase_inactives_new_007197,mol_007197,27,27
7198,Aromatase_inactives_new_007198,mol_007198,13,12
7199,Aromatase_inactives_new_007199,mol_007199,23,23
7200,Aromatase_inactives_new_007200,mol_007200,14,13
7201,Aromatase_inactives_new_007201,mol_007201,33,32
7202,Aromatase_inactives_new_007202,mol_007202,24,23
7203,Aromatase_inactives_new_007203,mol_007203,44,44
7204,Aromatase_inactives_new_007204,mol_007204,34,33
7205,Aromatase_inactives_new_007205,mol_007205,20,20
7206,Aromatase_inactives_new_007206,mol_007206,30,31
7207,Aromatase_inactives_new_007207,mol_007207,20,19
7208,Aromatase_inactives_new_007208,mol_007208,25,24
7209,Aromatase_inactives_new_007209,mol_007209,19,18
7210,Aromatase_inactives_new_007210,mol_007210,21,20
7211,Aromatase_inactives_new_007211,mol_007211,49,49
7212,Aromatase_inactives_new_007212,mol_007212,32,32
7213,Aromatase_inactives_new_007213,mol_007213,34,34
7214,Aromatase_inactives_new_007214,mol_007214,13,12
7215,Aromatase_inactives_new_007215,mol_007215,25,25
7216,Aromatase_inactives_new_007216,mol_007216,18,18
7217,Aromatase_inactives_new_007217,mol_007217,20,20
7218,Aromatase_inactives_new_007218,mol_007218,49,50
7219,Aromatase_inactives_new_007219,mol_007219,29,29
7220,Aromatase_inactives_new_007220,mol_007220,13,13
7221,Aromatase_inactives_new_007221,mol_007221,15,15
7222,Aromatase_inactives_new_007222,mol_007222,23,23
7223,Aromatase_inactives_new_007223,mol_007223,29,29
7224,Aromatase_inactives_new_007224,mol_007224,23,23
7225,Aromatase_inactives_new_007225,mol_007225,47,49
7226,Aromatase_inactives_new_007226,mol_007226,17,18
7227,Aromatase_inactives_new_007227,mol_007227,17,17
7228,Aromatase_inactives_new_007228,mol_007228,17,17
7229,Aromatase_inactives_new_007229,mol_007229,31,31
7230,Aromatase_inactives_new_007230,mol_007230,28,28
7231,Aromatase_inactives_new_007231,mol_007231,18,18
7232,Aromatase_inactives_new_007232,mol_007232,21,21
7233,Aromatase_inactives_new_007233,mol_007233,17,17
7234,Aromatase_inactives_new_007234,mol_007234,19,19
7235,Aromatase_inactives_new_007235,mol_007235,21,21
7236,Aromatase_inactives_new_007236,mol_007236,21,21
7237,Aromatase_inactives_new_007237,mol_007237,17,17
7238,Aromatase_inactives_new_007238,mol_007238,21,21
7239,Aromatase_inactives_new_007239,mol_007239,13,13
7240,Aromatase_inactives_new_007240,mol_007240,35,35
7241,Aromatase_inactives_new_007241,mol_007241,27,28
7242,Aromatase_inactives_new_007242,mol_007242,27,29
7243,Aromatase_inactives_new_007243,mol_007243,27,29
7244,Aromatase_inactives_new_007244,mol_007244,11,10
7245,Aromatase_inactives_new_007245,mol_007245,28,28
7246,Aromatase_inactives_new_007246,mol_007246,24,24
7247,Aromatase_inactives_new_007247,mol_007247,16,15
7248,Aromatase_inactives_new_007248,mol_007248,31,31
7249,Aromatase_inactives_new_007249,mol_007249,24,24
7250,Aromatase_inactives_new_007250,mol_007250,24,24
7251,Aromatase_inactives_new_007251,mol_007251,20,20
7252,Aromatase_inactives_new_007252,mol_007252,23,22
7253,Aromatase_inactives_new_007253,mol_007253,28,27
7254,Aromatase_inactives_new_007254,mol_007254,72,73
7255,Aromatase_inactives_new_007255,mol_007255,42,42
7256,Aromatase_inactives_new_007256,mol_007256,51,51
7257,Aromatase_inactives_new_007257,mol_007257,54,53
7258,Aromatase_inactives_new_007258,mol_007258,21,20
7259,Aromatase_inactives_new_007259,mol_007259,22,21
7260,Aromatase_inactives_new_007260,mol_007260,43,42
7261,Aromatase_inactives_new_007261,mol_007261,43,42
7262,Aromatase_inactives_new_007262,mol_007262,18,17
7263,Aromatase_inactives_new_007263,mol_007263,29,29
7264,Aromatase_inactives_new_007264,mol_007264,28,28
7265,Aromatase_inactives_new_007265,mol_007265,28,30
7266,Aromatase_inactives_new_007266,mol_007266,25,24
7267,Aromatase_inactives_new_007267,mol_007267,42,41
7268,Aromatase_inactives_new_007268,mol_007268,21,20
7269,Aromatase_inactives_new_007269,mol_007269,27,27
7270,Aromatase_inactives_new_007270,mol_007270,21,20
7271,Aromatase_inactives_new_007271,mol_007271,19,18
7272,Aromatase_inactives_new_007272,mol_007272,33,32
7273,Aromatase_inactives_new_007273,mol_007273,38,37
7274,Aromatase_inactives_new_007274,mol_007274,32,31
7275,Aromatase_inactives_new_007275,mol_007275,21,19
7276,Aromatase_inactives_new_007276,mol_007276,20,18
7277,Aromatase_inactives_new_007277,mol_007277,18,16
7278,Aromatase_inactives_new_007278,mol_007278,23,22
7279,Aromatase_inactives_new_007279,mol_007279,18,16
7280,Aromatase_inactives_new_007280,mol_007280,18,16
7281,Aromatase_inactives_new_007281,mol_007281,46,48
7282,Aromatase_inactives_new_007282,mol_007282,18,18
7283,Aromatase_inactives_new_007283,mol_007283,9,8
7284,Aromatase_inactives_new_007284,mol_007284,37,36
7285,Aromatase_inactives_new_007285,mol_007285,14,13
7286,Aromatase_inactives_new_007286,mol_007286,35,37
7287,Aromatase_inactives_new_007287,mol_007287,16,16
7288,Aromatase_inactives_new_007288,mol_007288,25,25
7289,Aromatase_inactives_new_007289,mol_007289,22,22
7290,Aromatase_inactives_new_007290,mol_007290,32,31
7291,Aromatase_inactives_new_007291,mol_007291,17,18
7292,Aromatase_inactives_new_007292,mol_007292,16,16
7293,Aromatase_inactives_new_007293,mol_007293,22,23
7294,Aromatase_inactives_new_007294,mol_007294,36,38
7295,Aromatase_inactives_new_007295,mol_007295,11,11
7296,Aromatase_inactives_new_007296,mol_007296,11,11
7297,Aromatase_inactives_new_007297,mol_007297,14,15
7298,Aromatase_inactives_new_007298,mol_007298,24,26
7299,Aromatase_inactives_new_007299,mol_007299,24,26
7300,Aromatase_inactives_new_007300,mol_007300,22,23
7301,Aromatase_inactives_new_007301,mol_007301,23,24
7302,Aromatase_inactives_new_007302,mol_007302,26,27
7303,Aromatase_inactives_new_007303,mol_007303,9,8
7304,Aromatase_inactives_new_007304,mol_007304,12,11
7305,Aromatase_inactives_new_007305,mol_007305,41,40
7306,Aromatase_inactives_new_007306,mol_007306,16,15
7307,Aromatase_inactives_new_007307,mol_007307,29,29
7308,Aromatase_inactives_new_007308,mol_007308,13,13
7309,Aromatase_inactives_new_007309,mol_007309,22,22
7310,Aromatase_inactives_new_007310,mol_007310,12,12
7311,Aromatase_inactives_new_007311,mol_007311,24,24
7312,Aromatase_inactives_new_007312,mol_007312,38,39
7313,Aromatase_inactives_new_007313,mol_007313,44,43
7314,Aromatase_inactives_new_007314,mol_007314,34,33
7315,Aromatase_inactives_new_007315,mol_007315,27,27
7316,Aromatase_inactives_new_007316,mol_007316,17,17
7317,Aromatase_inactives_new_007317,mol_007317,22,22
7318,Aromatase_inactives_new_007318,mol_007318,21,21
7319,Aromatase_inactives_new_007319,mol_007319,18,18
7320,Aromatase_inactives_new_007320,mol_007320,35,35
7321,Aromatase_inactives_new_007321,mol_007321,26,26
7322,Aromatase_inactives_new_007322,mol_007322,39,41
7323,Aromatase_inactives_new_007323,mol_007323,22,22
7324,Aromatase_inactives_new_007324,mol_007324,11,10
7325,Aromatase_inactives_new_007325,mol_007325,52,54
7326,Aromatase_inactives_new_007326,mol_007326,36,37
7327,Aromatase_inactives_new_007327,mol_007327,45,48
7328,Aromatase_inactives_new_007328,mol_007328,13,13
7329,Aromatase_inactives_new_007329,mol_007329,17,17
7330,Aromatase_inactives_new_007330,mol_007330,10,9
7331,Aromatase_inactives_new_007331,mol_007331,17,17
7332,Aromatase_inactives_new_007332,mol_007332,14,14
7333,Aromatase_inactives_new_007333,mol_007333,13,13
7334,Aromatase_inactives_new_007334,mol_007334,15,15
7335,Aromatase_inactives_new_007335,mol_007335,10,9
7336,Aromatase_inactives_new_007336,mol_007336,17,16
7337,Aromatase_inactives_new_007337,mol_007337,11,11
7338,Aromatase_inactives_new_007338,mol_007338,14,13
7339,Aromatase_inactives_new_007339,mol_007339,17,17
7340,Aromatase_inactives_new_007340,mol_007340,16,16
7341,Aromatase_inactives_new_007341,mol_007341,16,16
7342,Aromatase_inactives_new_007342,mol_007342,15,15
7343,Aromatase_inactives_new_007343,mol_007343,14,14
7344,Aromatase_inactives_new_007344,mol_007344,15,14
7345,Aromatase_inactives_new_007345,mol_007345,22,15
7346,Aromatase_inactives_new_007346,mol_007346,20,19
7347,Aromatase_inactives_new_007347,mol_007347,28,27
7348,Aromatase_inactives_new_007348,mol_007348,14,14
7349,Aromatase_inactives_new_007349,mol_007349,16,16
7350,Aromatase_inactives_new_007350,mol_007350,16,16
7351,Aromatase_inactives_new_007351,mol_007351,20,20
7352,Aromatase_inactives_new_007352,mol_007352,18,18
7353,Aromatase_inactives_new_007353,mol_007353,31,31
7354,Aromatase_inactives_new_007354,mol_007354,19,19
7355,Aromatase_inactives_new_007355,mol_007355,24,24
7356,Aromatase_inactives_new_007356,mol_007356,29,28
7357,Aromatase_inactives_new_007357,mol_007357,22,22
7358,Aromatase_inactives_new_007358,mol_007358,24,25
7359,Aromatase_inactives_new_007359,mol_007359,47,46
7360,Aromatase_inactives_new_007360,mol_007360,32,31
7361,Aromatase_inactives_new_007361,mol_007361,28,28
7362,Aromatase_inactives_new_007362,mol_007362,14,14
7363,Aromatase_inactives_new_007363,mol_007363,14,14
7364,Aromatase_inactives_new_007364,mol_007364,15,15
7365,Aromatase_inactives_new_007365,mol_007365,16,16
7366,Aromatase_inactives_new_007366,mol_007366,17,17
7367,Aromatase_inactives_new_007367,mol_007367,42,43
7368,Aromatase_inactives_new_007368,mol_007368,49,50
7369,Aromatase_inactives_new_007369,mol_007369,41,41
7370,Aromatase_inactives_new_007370,mol_007370,41,43
7371,Aromatase_inactives_new_007371,mol_007371,18,17
7372,Aromatase_inactives_new_007372,mol_007372,31,30
7373,Aromatase_inactives_new_007373,mol_007373,42,43
7374,Aromatase_inactives_new_007374,mol_007374,60,60
7375,Aromatase_inactives_new_007375,mol_007375,22,22
7376,Aromatase_inactives_new_007376,mol_007376,15,15
7377,Aromatase_inactives_new_007377,mol_007377,12,12
7378,Aromatase_inactives_new_007378,mol_007378,21,22
7379,Aromatase_inactives_new_007379,mol_007379,12,12
7380,Aromatase_inactives_new_007380,mol_007380,25,25
7381,Aromatase_inactives_new_007381,mol_007381,16,17
7382,Aromatase_inactives_new_007382,mol_007382,52,54
7383,Aromatase_inactives_new_007383,mol_007383,24,27
7384,Aromatase_inactives_new_007384,mol_007384,9,8
7385,Aromatase_inactives_new_007385,mol_007385,11,11
7386,Aromatase_inactives_new_007386,mol_007386,29,29
7387,Aromatase_inactives_new_007387,mol_007387,27,26
7388,Aromatase_inactives_new_007388,mol_007388,26,27
7389,Aromatase_inactives_new_007389,mol_007389,35,34
7390,Aromatase_inactives_new_007390,mol_007390,45,46
7391,Aromatase_inactives_new_007391,mol_007391,45,45
7392,Aromatase_inactives_new_007392,mol_007392,42,42
7393,Aromatase_inactives_new_007393,mol_007393,54,57
7394,Aromatase_inactives_new_007394,mol_007394,13,13
7395,Aromatase_inactives_new_007395,mol_007395,72,72
7396,Aromatase_inactives_new_007396,mol_007396,20,21
7397,Aromatase_inactives_new_007397,mol_007397,21,21
7398,Aromatase_inactives_new_007398,mol_007398,21,22
7399,Aromatase_inactives_new_007399,mol_007399,20,21
7400,Aromatase_inactives_new_007400,mol_007400,17,17
7401,Aromatase_inactives_new_007401,mol_007401,13,13
7402,Aromatase_inactives_new_007402,mol_007402,12,12
7403,Aromatase_inactives_new_007403,mol_007403,15,15
7404,Aromatase_inactives_new_007404,mol_007404,17,16
7405,Aromatase_inactives_new_007405,mol_007405,21,21
7406,Aromatase_inactives_new_007406,mol_007406,13,12
7407,Aromatase_inactives_new_007407,mol_007407,36,36
7408,Aromatase_inactives_new_007408,mol_007408,11,11
7409,Aromatase_inactives_new_007409,mol_007409,13,13
