bodyId,x,y,z
264014957,5305,20269,4480
264083994,11339,22506,4104
266187532,18800,28226,5232
266191395,3297,26425,17880
266527996,18552,27645,4752
266528078,16205,27720,5072
267223104,3281,26379,16668
268725517,31819,34626,19464
268731005,34402,33231,14688
294161385,18741,19570,4648
294436967,10834,14953,30976
295063181,6063,21133,5000
296139882,24339,32793,12280
296194535,18477,28116,4200
296851261,10284,32348,17896
297230760,20547,12087,14656
297239396,18366,14950,11920
297251714,19758,30075,6384
297572235,4505,25972,15816
297851977,2833,19353,16608
297908801,30749,13826,15480
297929815,19873,14654,10048
298240936,21273,20647,4728
298249624,18419,12947,12192
298258399,9186,12625,17096
298258513,18529,35592,20528
298262663,14359,17683,6616
298279629,18558,13608,12672
298586733,18103,14392,14560
298595196,13224,35028,23760
298595394,22984,33274,11688
298603730,9837,14300,10032
298612190,17526,22281,3872
298931773,21118,17961,5968
298957166,23699,32728,12088
298961895,17329,15560,10624
299272434,18581,18029,6568
299289811,16123,33625,13360
299613480,20993,31883,8048
299617849,17454,13356,15344
300968622,18809,15989,8992
301314150,13396,10225,15048
301314208,11450,11001,14888
301318641,18095,13445,10032
325484974,2265,24641,15312
325743813,5436,19985,4912
325814461,1906,14129,13176
325814784,2282,25277,16704
326119769,1556,24591,23344
326253554,22142,20149,5600
326504486,3937,26979,17872
326817334,5690,28209,18864
326849964,13753,33305,20568
327246381,19344,14402,10592
327499164,1087,21161,13672
327587580,18154,12438,11664
327587644,10162,30624,19520
327588446,10809,31947,20472
327843160,4036,26200,16360
327933208,18465,13668,12016
327933679,17811,15070,10928
327937328,11573,10181,22560
328179112,13286,33215,24400
328213227,21076,16253,8560
328253133,21100,32311,8888
328265281,3254,24607,15856
328533761,9151,14066,28208
328546871,21341,32471,8440
328559607,11939,10599,23952
328593903,18173,27203,4664
328601956,10182,12256,19352
328611004,6482,15483,9488
328611467,19305,15698,9808
328861282,2550,21189,15952
328905011,10554,16990,5904
328956505,8571,13330,12832
329211374,21129,19562,5072
329225149,1764,26918,23464
329435390,29809,32650,8736
329561615,14708,28833,6372
329578247,18041,29850,6272
329638509,12085,34769,19136
329897241,12379,34464,23792
330268940,2747,21291,16640
330303073,2675,25093,16080
330640381,2205,25219,16136
330661529,12605,35329,23800
331011085,21525,12437,14592
331662668,9764,14216,8168
331662710,8371,15870,8696
331662717,15338,13953,8784
331999156,19159,15133,7256
331999213,10051,13185,8352
332003629,14749,9831,13576
332007728,19550,15817,8112
332008063,18320,14899,8992
332340127,7234,14299,8256
332340236,13240,10910,13264
332344539,19384,13252,10288
332344592,19734,13675,10272
332344670,13535,15315,7160
332344760,18551,12552,10272
332344908,19136,15521,6968
332349228,12072,10670,14504
332349327,18062,14775,7936
332353106,14067,10777,15040
332353336,16152,10467,12688
332353438,15742,10429,12688
332353566,11575,14066,9104
332685594,14848,15105,7976
332685751,18452,14958,8224
332685755,18769,14482,9024
332689776,13874,11273,15040
332690153,18360,12949,10448
333030976,19119,13317,11248
333031114,15980,11362,10592
333039671,6201,15778,7488
354775482,9839,17481,5440
354779890,10422,17277,5312
356140121,8195,19127,5216
356153135,59,14708,11672
356429209,4333,19794,5712
356818551,8635,11798,15840
357146296,2709,14199,12440
357224041,2506,13028,11976
358264919,9489,19727,4376
359240396,9024,13893,13480
359586213,18702,34176,11536
359598627,22682,33661,11600
359892669,1867,25289,15216
359897288,14102,33122,23808
359913782,14772,31094,8400
359931311,12825,30019,8496
359974171,21833,20533,4416
360284300,1734,25556,21288
360578457,3149,27381,18368
360591860,11029,17059,6200
360660371,9775,13330,20488
360690414,11040,30689,19856
360914546,14074,33714,25216
360941147,20475,32939,9264
360958913,32826,33573,21496
361260110,13056,34815,24104
361312808,19470,11726,14056
361376643,24110,27948,6400
361722354,23292,32394,7488
361968122,8426,29411,12288
362020664,6309,13473,12776
362041442,14099,31183,9296
362395402,11773,34519,25064
362689128,14090,12110,9232
362693077,14078,10342,14776
362693473,12334,10807,13560
362697657,13190,10179,12896
362701764,10288,14371,7344
362701875,7459,13046,10216
362701969,11529,11970,14840
363029976,16939,12804,10064
363030024,17824,13101,10752
363030040,12244,10092,14872
363034211,6908,14793,8800
363034407,14298,10200,14016
363034501,19602,14488,9120
363038752,18822,14092,10432
363038831,11490,12102,13488
363042781,14260,13774,8608
363047222,13109,9985,13304
363370913,18280,14410,8960
363375247,12588,10266,15192
363375408,15656,15836,7864
363375475,18511,12623,11312
363384083,19212,15320,8040
363384138,13500,10990,14696
363387921,17824,13874,10080
363716151,18300,14139,9376
363716303,15275,10096,14376
363716362,11654,14815,8056
363724985,19078,14872,7608
363725201,19466,15864,7096
363725228,12967,14627,7672
363729312,13405,10646,12880
363729314,15508,10186,13056
364070309,10002,11071,15152
364070517,12308,13304,9040
364407023,18897,15458,7560
364411143,15590,10687,11376
385132611,9769,16575,5896
385158577,12751,16792,5760
386829647,5764,13712,18240
386833812,92,13890,11768
386833850,18259,17927,4720
387180498,2680,15869,8960
387568523,13411,23033,3988
387870860,1965,16134,9232
387952104,22689,11110,17592
388280381,8888,11194,17432
388284324,1835,25048,13600
388924424,4685,21681,6792
389195896,985,18032,10160
389199936,1551,15746,13008
389200241,3316,27705,20648
389205204,1711,24434,19296
389210230,3594,14392,14168
390024952,9933,12606,15120
390352384,10444,29815,11424
390590450,13692,18909,4748
390594712,12772,33997,25008
390603428,1567,25811,18880
390616496,32590,33573,21928
390641835,3989,21915,7168
391599963,3101,25585,16072
391604389,13673,33395,24288
391631218,2440,26829,18736
391716661,2092,24327,10904
391949576,12657,34439,24080
392325540,1420,21103,10352
392368893,5305,20543,5120
392389970,15913,34967,20152
392399005,25238,29361,7840
393051378,5670,19391,4624
393055504,5213,18522,4408
393063351,6155,12684,13256
393383025,10436,13423,8176
393387426,8515,14800,7888
393404592,28856,28584,5664
393736822,15901,10535,12352
393766777,11059,12985,14216
394060556,6348,12585,12856
394060620,8909,13782,9824
394064790,13685,12790,8544
394069210,14598,13603,8784
394073547,13281,14627,7992
394081878,8070,12055,14288
394397189,13222,10952,16264
394401778,18710,15804,8320
394414724,13833,10921,15488
394418743,12597,13147,8120
394755782,19635,14171,8736
394759837,17580,12637,10896
394764082,9286,14037,8016
394768379,15173,16392,9184
395105113,18618,15302,9904
415494049,11328,15534,6336
415511327,11878,16344,5992
415826533,10098,16034,6168
415835070,10945,16240,6000
415835178,10260,16471,5904
415848195,12479,15846,6368
415848228,12077,16080,6360
415852518,12955,15901,6328
415908516,18017,15697,6736
416189410,12271,17071,5616
416189500,13402,16030,6384
416508862,10154,16968,5632
416837168,7762,17686,5472
416876055,13729,17142,6448
417221397,15258,18362,6744
417558532,12513,20955,3904
417890128,65,14309,11256
418224293,2491,15300,9064
418511983,3869,20515,6224
418645869,19271,17952,6864
421041565,25008,33550,17656
421357275,11486,32341,17480
421620469,15572,30341,7408
421641859,8593,18036,6216
422682603,20570,35908,20656
422738252,10077,14964,9488
422751191,8671,15185,8760
423382015,7509,13310,14016
423442357,18571,14786,10704
423748579,22332,13513,12592
423770604,9470,14123,11848
423774471,5459,15006,10552
424089598,19767,15188,12448
424720670,23267,32719,10536
424754530,8651,11489,13776
424767514,18614,35832,19448
424781115,2404,23268,9176
424789697,21581,29092,5440
424793122,21205,12277,13880
425086851,12110,12525,8696
425112506,7640,14330,8080
425126008,12554,34304,21912
425276848,32605,15562,16184
425436170,15599,10644,14432
425445301,14344,15469,7024
425768768,7926,13871,8144
425768822,14863,15863,8976
425790257,2995,23785,20800
426139965,9367,15281,6752
426464004,10691,14252,8880
426477089,8724,12793,10456
446533552,10572,15975,6168
446826981,6145,15703,6336
446848967,6241,16636,5592
446883390,12613,16094,6640
447219992,11441,16230,6000
447224575,11844,16194,7168
447599745,15862,17325,6944
448204394,7935,17648,6872
448342846,21536,17607,7720
448869118,3828,20660,6904
448908723,1625,27444,20528
448908822,1079,16592,8992
448994377,18570,18674,5376
449205588,4210,22128,6624
449241371,3894,26466,18240
449634539,17411,22970,3252
449910481,2234,14927,9784
450583886,7027,18149,4888
450617762,3269,26939,20216
450635626,9222,17938,5200
450971893,18332,15730,11824
451049385,20635,10281,17368
451689001,22185,13374,16352
451947899,87,27004,18784
452029745,10271,12625,12992
452103083,18347,15784,10016
452694446,32377,33259,22232
452742028,22598,18547,9744
452971138,1243,20002,10112
453087379,14541,34714,19624
453320313,1033,27388,19248
453380528,20651,32856,8112
454002974,11589,33342,22872
454136171,16094,35047,17280
454252960,31919,34388,15368
454481372,16872,21923,3660
454787848,24784,17029,12032
455155337,14993,34297,20208
455159380,21450,36304,19312
455431209,21108,32885,9096
455793621,11282,12262,13920
455793743,18195,11528,10576
455793827,14508,10019,15168
455811760,6730,17822,5760
455815977,28066,31895,6008
456121649,11683,12823,8648
456134692,16059,15483,7912
456152222,5153,19810,4456
456152258,5772,18436,5080
456156825,6785,13384,11640
456174330,22471,35629,20104
456458549,14745,9559,13984
456462835,10468,15111,8904
456462919,10148,11615,14976
456467162,11413,11639,14224
456523994,15330,33085,21808
456808311,16555,12757,9712
456820863,19659,15334,8096
456833888,3933,19787,17772
456846996,22528,33384,11064
457175171,4944,14600,10400
457196643,7316,12858,12904
457507485,17296,15018,9536
457516092,15145,27764,5580
476545134,11635,14427,7176
477179700,6615,15105,7352
477262101,15375,15620,7480
477572961,12136,15663,7024
477861840,5804,16299,5552
477896729,9866,16241,7112
477900945,9233,17578,6624
477900959,9163,17669,6144
477909602,10652,16050,6704
477909679,9688,17495,5984
477909698,8718,17504,5960
478250407,10044,17144,6032
478250482,11316,16977,5540
478591447,8675,18142,5568
478613576,16696,17524,6208
478660968,17686,16878,5744
478928628,2634,25255,21312
479290982,250,13388,11728
479935033,691,17260,14456
480219247,3426,19389,7344
480258208,8917,11974,17064
480276374,2367,22445,15800
480297293,8803,18970,4672
480331310,16516,24157,3472
480664837,14878,23977,4040
482421242,12774,12255,15920
482684855,17567,16869,10128
482762280,23297,33954,12184
483337285,16256,9879,22336
483712161,681,20266,15488
484126552,3015,23335,16752
484130600,18922,31643,7680
484368420,13531,12613,15888
484696850,221,27675,19368
484735678,22342,33549,9256
484821546,18129,10881,17840
484911954,25763,31551,11776
485132675,18095,13165,11520
485511772,10071,31432,11664
486073415,33864,33482,21416
486496648,7534,13335,12432
486544396,14452,31021,8848
486815976,16092,14865,8912
486837442,15517,15712,9008
486841797,6767,17845,6576
486842208,12096,31738,19024
486880919,3564,25849,17408
487100556,7468,16245,8256
487143497,9966,13910,12936
487144598,3329,22184,17344
487160828,8903,15524,6664
487187476,22041,12789,14016
487489028,10689,10477,15752
487489064,12666,9985,15688
487493197,7796,15856,6952
487501700,8413,14175,9168
487834111,7213,17058,5920
487834131,15359,12381,9264
487834179,12040,12002,15776
487847296,9960,13394,9080
487882254,23536,16932,12096
487899562,22111,34763,12744
487925037,21020,28563,4448
487925063,21835,28559,3920
487968933,6282,28781,13880
488179585,17421,14469,9264
488179878,17328,15323,7776
488184014,7233,13394,9784
488188560,9964,14003,9296
488205572,16648,10264,12256
488231898,12053,31952,19680
488520820,10759,11438,13552
488533722,14248,11925,9472
488550675,17148,30964,7568
488559952,21155,33042,8080
488572496,25226,29289,6544
488922181,19534,29727,5352
507243409,12574,13730,7640
507260559,14771,14240,7920
507592981,14234,14154,7832
508292573,14224,15597,7408
508599181,9267,16832,5728
508599194,8536,16794,5824
508599211,8915,16929,6096
508599271,8284,17631,5664
508599276,8392,17668,5280
508616471,11764,15883,6200
508689623,20647,15700,7768
508897030,6607,15749,7800
508918609,7948,16278,6720
508935964,7084,17748,5240
508939879,9893,16563,6432
508939914,9621,17174,6344
508940291,8103,17114,5644
508940292,10276,16476,6904
508949033,10926,16353,6432
509013752,18446,16162,5888
509264220,7233,17595,5712
509695478,18089,17045,5288
509700197,19523,18644,4512
509928512,6394,17861,6004
510269590,6158,19153,5048
510278421,6744,18710,4888
510680365,19867,18841,6240
510987433,3441,25336,19208
511051477,4129,29079,28768
511271574,1546,24338,22352
511349908,2690,14290,11208
512635818,15128,30443,7632
512765910,21272,35026,12376
513447083,18341,20074,4272
513451621,21729,33433,9904
513784136,20111,9658,17432
514068564,15155,20524,4224
514375643,1047,26147,16568
514842241,13210,12286,15392
515385637,4772,16706,5840
515813661,13938,35122,21456
515852217,13709,12639,16528
516055524,5811,28902,17744
516409549,9354,31567,20360
516504076,20170,15492,11152
516832391,12528,29752,8048
516844782,19232,14718,13152
517169460,7951,12744,13176
517207902,23991,34336,13872
517506265,1382,26121,17336
517510393,18439,12394,9792
517514142,7529,15289,9320
517514588,18753,17533,7224
517838657,6201,18611,5448
517838849,2797,23317,10056
517847127,17738,13220,9584
517850316,11620,10988,16120
517854468,6052,13744,14832
517858947,16669,16847,7152
517871837,18941,12327,10064
517872280,27490,30642,5840
518187118,10876,11117,14040
518191547,9042,15204,7768
518195738,10669,15379,7560
518212987,18313,10792,12144
518528152,11186,10582,15576
518532490,9101,16408,6000
518558825,24274,31134,9496
518598175,4741,22486,6336
518861029,19754,14091,12736
518864844,17381,14687,8496
518864924,14657,9479,15200
518869381,17854,15655,7736
518869459,8742,11682,13392
518873469,16760,11263,10784
518873604,10229,13175,8736
518882016,12762,10734,13360
518899665,2251,15522,13104
518899771,3641,25088,15568
518930199,21981,33046,8624
519206240,12270,11538,16288
519210172,13700,11083,16144
519214622,17982,14515,8544
519214895,13461,15116,8352
519218919,10492,12223,14928
519223027,12483,12015,14480
519223428,12613,11621,14064
519555690,10690,11515,15104
519564501,15921,10700,11728
519573099,9445,12372,12976
519573128,9456,15843,7480
519591210,7261,13473,13152
519616809,8368,13826,11128
519620935,26530,30516,8144
519900699,14962,10329,15088
519905418,10417,11821,14600
519949044,19291,15307,11696
520617773,10005,12048,18344
537945877,12886,13472,7888
538282782,12317,13986,8000
538308362,15010,14668,7872
538576047,7411,14593,7776
538602138,9123,14925,7088
538653955,15245,14290,8096
538908474,6021,15179,7872
538951958,10237,15133,7536
539249493,6464,15294,7760
539254012,6858,15377,8048
539586554,6264,15546,8240
539949478,6206,16120,5856
539949536,6544,15720,6712
539975118,9484,17049,7056
539975122,9681,16563,7616
539983731,11139,16506,7008
540389646,18121,16662,6952
540389734,18999,18126,4680
540657374,546,15982,9856
540730639,19524,17510,6448
540730657,20312,18514,4896
540730738,20203,18972,4568
540998783,1158,13629,11840
541347811,9951,30253,11360
541663112,1482,14124,10160
541697718,32821,9803,23296
541723677,18388,21147,3936
542039038,9289,16400,28392
542056766,329,13098,12624
542371432,16344,15111,9440
542376096,10002,18385,5056
542634818,13135,33944,28560
542665377,19974,34283,33552
542679122,5577,16754,7280
542751938,18875,11698,13136
543010474,20204,35267,33824
543718301,16459,8329,25232
543821838,16724,30934,8032
544021095,22332,35853,22560
544037996,22882,12797,12928
544038294,11022,8920,29152
544107335,1397,23912,10896
544361987,22860,11999,17872
544383511,3596,23340,16848
545444996,11440,31233,19184
545453209,31659,33231,21960
546196205,11027,31969,18528
546765551,13084,33434,24768
546765753,13060,34504,23424
547158593,2747,23761,11008
547240545,26900,29068,5840
547552266,19581,36123,21136
548203966,11193,30330,9472
548549000,13989,15010,8688
548549395,7534,15405,6848
548552875,18618,11924,10592
548552915,16661,10607,11840
548553386,5556,16730,5688
548553494,11073,12788,8584
548562283,4294,26995,17208
548575149,24822,16321,13568
548712377,20183,11994,15360
548872750,4497,18731,4456
548878145,13208,35221,21360
548885313,16483,12030,9808
548885407,11756,11615,16016
548894251,12970,15559,6640
548898403,14968,15876,8256
548898520,15220,15342,9024
548907426,9266,13781,12896
548937579,12576,12502,15552
549219101,9531,30157,10272
549222167,11595,15038,7296
549226277,17567,11196,11008
549230949,18492,11255,11856
549248200,11777,14887,8888
549252548,5720,18869,5920
549257678,5364,21895,4312
549261610,26394,29916,8312
549567614,7337,17276,5352
549571627,9435,16470,6360
549572017,18499,14806,10032
549576117,11256,13498,8808
549576424,16985,12037,10624
549597974,21219,36052,20528
549610772,22111,33934,9856
549899821,17169,15880,7824
549904227,13375,10588,11648
549904387,16740,15051,9120
549908737,15290,16166,8024
549916869,14771,10332,12912
549917317,10929,13830,8656
549955973,20482,36122,16712
550081666,23899,31157,7968
550245056,13575,9777,15336
550271272,7333,15196,7200
550275952,24903,29671,6176
550275987,25901,18612,10976
550280614,3761,26536,17320
550297695,21827,10181,17680
550408954,30822,33604,11136
550422384,23535,28242,3520
550598935,13348,11644,15624
550599514,15974,11640,10304
550617370,6760,18399,6424
550621853,15326,33981,13480
550655668,19199,15756,13456
550988122,23911,17040,13552
551043841,29311,30700,5048
551113395,30768,34404,14324
551303686,27131,30063,6048
551445253,32970,33228,11560
551790504,33815,33757,16200
551790913,33024,33800,13716
568635279,12254,13141,8280
569002579,14683,13417,8368
569278689,8510,13999,8536
569313277,11136,14334,7864
569317846,12080,13677,8560
569334986,14432,14151,8256
569615641,7914,14409,8448
569650323,8128,14974,7312
569939107,6119,15074,8464
569943419,6697,14974,8320
569952115,7577,14871,8288
569952299,7221,15084,8352
569999973,11807,15750,7576
570288900,6131,15278,7400
570314896,8607,15520,7048
570327880,9909,15494,7160
570336412,11591,16164,6648
570336487,10921,15018,6712
570643102,6915,15839,7296
570643109,5720,15971,6192
570643135,6057,15602,6888
570643193,5137,16632,6456
570647225,8608,16059,8128
570647366,6471,16135,7112
570647526,5295,16106,7200
570742510,19521,17236,5664
570742527,19673,16527,6912
570742599,18838,16360,6816
570997147,8657,16572,7704
571044587,15416,17806,6872
571424323,18865,16405,5776
571424636,19577,18211,4992
571424650,18184,17393,6040
571424748,19077,17623,6408
571666400,4454,19102,5440
571778381,20476,18178,6664
571778433,21297,19046,5264
572801466,17760,18936,6240
572988717,2006,26485,17196
573065577,8814,11879,14896
573090850,6848,28641,32000
573333835,22929,35392,24800
573337611,6230,18210,6744
573669915,17475,30548,33296
574032862,15006,36126,29688
574037266,21164,35177,33424
574037281,14527,35815,29264
574374051,14032,35651,24688
574377562,1399,27162,23800
574377845,3207,21768,22176
574736017,9443,11056,21136
574740549,6530,30479,18008
574834955,16993,18922,6424
575081131,937,24768,19544
575405846,11360,9480,19472
575534632,9605,12237,19424
575750788,2679,13366,11416
575768294,8958,30882,18528
575845494,5951,13856,14128
576079106,4703,27693,15256
576161592,10025,32911,19648
576502536,6420,20209,5408
576566223,17227,35283,20720
576574889,20595,30154,6056
576843029,9318,30949,12080
577455404,6191,27659,31752
577473231,32805,33220,21792
577554935,32606,32078,9168
578189223,33983,32746,22416
578254032,16603,32489,9408
578284233,6437,13430,14736
578530106,33244,32784,22368
578556621,6256,18505,4848
578694777,28476,33160,10496
578893446,10540,30547,9840
579230376,3685,24096,13480
579234980,5116,22436,5312
579235017,11916,34813,23888
579268807,19314,9801,20416
579536041,9203,11438,23184
579575594,9189,15203,9248
579576294,7395,14015,14056
579583329,9628,11042,14448
579592619,15883,9277,14304
579596940,11369,30190,9096
579648510,25325,32971,17856
579911580,3817,21528,6816
579912201,14835,27238,31472
579916831,6075,13121,12928
579924731,8205,11794,13456
579928928,14031,9927,12792
579946370,12421,31999,18768
580244242,14784,28377,6020
580282938,5996,18235,5848
580287695,4939,19714,3984
580317662,20076,33571,9728
580585323,16488,30951,7824
580598373,10817,10418,15296
580610916,14538,14977,8368
580611301,12881,11598,14616
580934661,16654,15682,7880
580947602,11331,14758,8584
580951922,13421,13067,8192
581060581,24203,31381,6400
581121328,32764,34409,17208
581293182,18023,14859,10432
581332573,21131,36586,20440
581336531,20639,31167,7176
581633934,7177,12967,12184
581678043,14097,34584,22424
582027783,19130,32351,7568
582101022,24167,30876,8680
582101205,21425,29822,5320
582139830,32721,33987,14808
582148591,32573,34144,15292
582355376,22517,35499,20608
582696254,3393,24978,12032
582700300,3039,24694,11496
582709537,19054,32796,8096
583175492,29797,33304,10368
599674785,11458,13570,9208
600011602,11941,13632,8960
600356751,10337,14105,7752
600365719,12165,15428,8976
600667501,8855,13756,8680
600684832,9250,14735,7984
600689582,11480,14545,8968
600693904,10558,14994,7936
600702348,6123,16246,6456
600702483,6563,16686,5464
600965298,5324,14889,8816
600978553,6462,15124,8960
601047826,12850,15917,7848
601047827,12904,15552,8352
601047853,11776,16776,5712
601302278,4492,15040,9056
601315273,6131,15504,8912
601319398,5282,15419,8640
601323921,6908,15287,9008
601388689,13078,15597,8792
601712754,10297,15651,7848
601725442,13049,16248,7336
601725569,13375,15625,9104
602118253,19949,18113,5680
602459169,19289,17835,5424
602459213,19889,17650,6016
602459682,18941,18437,4376
602476655,20276,16696,9136
602808843,11799,15683,6600
602809029,20489,17916,6224
603422422,9713,13096,8600
603477954,17136,19943,4800
603478303,17548,18534,6832
604070461,4435,14061,15408
604195247,22610,23273,3456
604364004,14739,29284,6748
604709727,20729,12119,18592
604791287,18632,14860,14736
604864322,21290,9953,16712
606090268,14585,36529,26792
607131089,34230,33119,22416
607195856,12764,34944,23608
607251100,16216,24390,4204
607787538,9608,11587,18008
607855896,6815,26031,31536
608261812,19325,17641,8384
608628936,10588,12678,14800
608922563,9181,12702,15344
609247082,4073,25677,15840
609587511,3869,27285,18208
609591758,3434,26101,16200
609591880,3536,26740,17028
609591989,2496,26132,17432
609656444,18723,35076,14776
609867847,34338,33255,21856
609975449,10884,32916,16408
610274029,20783,32839,35256
610312734,23544,30659,8680
610321430,18925,26183,3968
610321522,20849,31793,7568
610571450,33495,33161,21568
610611010,8452,13464,11536
610618198,14379,15486,8448
610666582,20990,10777,17448
610731053,24686,31266,6976
610968248,12905,15454,7152
610981555,20323,14672,12672
611037750,28802,28526,4696
611300533,8536,11474,14176
611304789,9132,12020,13608
611305085,14287,9607,14744
611629428,22337,11376,17928
611646050,9931,12288,14008
611646132,13607,10383,12160
611646147,9052,12169,14512
611974080,10821,15663,6992
612004584,14862,29193,28568
612034653,14162,34153,19624
612323667,16793,13953,8448
612371421,22885,28879,4624
612414168,27990,31040,5560
612422902,21878,29532,4816
612440702,33989,34260,16384
612638791,20171,32369,8112
612652688,5090,20241,3848
612668833,16244,16908,8912
612703762,13997,33001,22136
612712334,2486,24004,12784
612738462,25256,27763,8768
612742137,28577,29642,4680
612742224,29184,28854,4688
612742229,27654,29405,6128
612742248,27966,30195,5552
612742298,28085,29588,4760
612742316,28819,30528,5328
612746557,29664,30400,5104
612746670,27975,29261,5832
612755343,29053,28161,5120
613040803,14397,32177,24928
613044611,23560,34153,12904
613066879,16441,34582,15536
613079053,24630,30204,8496
613083298,28056,29711,5336
613083317,28966,29470,4376
613083359,28932,29138,6240
613083375,27740,29186,4800
613338546,8120,13658,13936
613386220,16355,33432,11296
613398716,20747,36275,17728
613420343,20371,29307,4912
613835634,33831,34453,17112
613847777,29305,33034,9344
630373425,12409,14115,7464
630373497,15087,16662,8160
630377642,13877,13536,8640
630381662,14935,13325,8624
630381893,15907,15329,9520
630714299,13296,35333,27416
630722830,8001,13964,8712
630722941,16534,15490,7544
630727056,11206,10948,12312
630731599,14962,10482,11680
630748479,16701,13108,9392
631051012,7222,13769,9168
631051057,9902,13340,9720
631055506,7888,12898,9936
631059587,10681,13419,8904
631064055,17268,16524,8256
631374662,11056,14026,9216
631396256,11445,12461,8840
631396453,10188,14266,8072
631396532,9232,14143,8808
631400190,10585,14777,7488
631400288,8100,14995,7704
631400598,15669,16982,7480
631400622,10161,14714,7792
631400693,17165,15679,7432
631422121,17246,16563,7008
631422224,8601,13504,8240
631659204,5523,14648,9168
631733127,8294,13934,7944
631737164,10467,16508,6288
631737380,9507,13476,8128
631741308,9606,15074,7104
631741483,12940,16333,6792
632013356,6554,14829,9280
632017828,7041,14959,9440
632048075,7536,15569,8056
632069728,6533,17130,6424
632069757,7214,16889,7376
632069851,6522,16551,6424
632082635,11362,16650,6576
632086737,11284,15119,7744
632091116,15564,16538,9520
632341464,5330,15190,9424
632397510,6803,16812,6104
632397750,9314,16361,8504
632397780,7948,16110,7456
632397786,9228,16781,7864
632397798,9157,17060,7496
632402333,6927,16729,6744
632734572,6861,16340,7040
632764978,11322,16164,7304
632808044,19208,16500,6680
633097828,2928,25798,20728
633144545,17964,16653,7584
633148704,17515,17236,5504
633148716,18135,17095,7264
633148859,19217,18387,5504
633149039,18875,17646,5248
633149202,19025,17364,5664
633438933,1828,14406,12656
633498748,20963,18246,6520
633793553,1954,23488,22320
634038998,15102,29867,7096
634759240,19275,34311,33280
635048729,20356,35019,34416
635062078,21958,35825,32496
635109166,13375,9531,21688
635416407,14114,35486,28408
635882644,15874,15745,9696
635890732,9975,10590,22088
635895000,5123,14263,14768
635908014,21799,31368,5944
636789034,11618,32239,20496
636789080,23193,35727,27096
636798093,8131,13659,13376
637540087,12208,34832,23560
639276164,13715,33180,34656
639585968,21341,35686,14360
640281116,5842,18565,4508
640617445,12079,34512,24152
640630581,12328,34998,21272
640963528,6162,28915,18768
640963556,5194,19329,5952
641291034,16816,27664,4616
641645610,8568,13107,13408
641653381,9185,15130,8400
641688553,18573,32327,8032
641709938,18494,36165,20296
642335523,8794,11722,14448
642335553,17250,17035,7752
642387775,17533,34672,14312
642629827,8565,12853,16720
642660081,12789,34121,23792
642664141,6016,14793,12360
642680823,10921,11892,14800
642680826,15946,17152,8192
642680853,15364,9793,13272
642680881,17401,12407,10704
642680969,7977,16091,7952
642681035,12056,14288,7232
642689607,19487,16543,7648
642702809,15058,32900,21168
642715563,11893,33547,16416
642715622,18936,28418,36232
642715875,11157,33284,16208
642720054,12465,30547,20664
642732835,20661,36311,18624
643142863,31637,34548,15672
643307064,9835,11000,18536
643329030,19298,16186,12240
643362770,17773,14437,8152
643363111,15048,10032,12480
643501489,30669,34508,15552
643523134,31106,34524,17128
643535876,31105,32957,9528
643679015,13042,12730,15088
643691163,6267,19930,4136
643703819,7940,14277,7792
643717679,12104,34214,25384
643739027,13223,34291,20896
643773259,28754,28646,4016
643794320,23914,29405,4152
644113913,28372,30704,4984
644118254,26571,29475,6168
644148539,20552,29039,5376
644148561,22284,29468,3640
644148647,21248,30207,4664
644148661,22824,29761,3648
644148705,23618,29773,4008
644152981,22121,29897,3960
644153089,24510,30168,5672
644417074,22150,35966,19856
644433538,14247,33656,19864
644450565,19566,31131,7264
644450686,21795,32207,6192
644761952,4964,21591,4688
644788121,20071,28814,5688
644870768,28753,33412,11744
644896959,33878,33600,14436
645090294,21272,35294,12944
645224664,32405,34117,13928
645449236,7115,12471,16432
645456880,10660,10853,31240
660730340,14746,15390,7256
661080007,15014,16226,8592
661084049,15893,14323,8272
661399477,9669,14917,9016
661407917,15351,16583,8400
661408094,8065,14251,9528
661430106,17150,15315,8944
661430179,15913,16269,7696
661740651,15557,13333,8960
661757811,10191,11108,13152
662081640,8368,12728,9960
662085486,9017,14100,8304
662094168,17959,17808,5696
662103124,11267,10487,14504
662107551,16326,17181,7336
662107593,20070,17867,6496
662409505,8846,16051,6832
662409582,9461,15342,7568
662418320,8853,12425,10544
662452625,18326,12652,9440
662461539,17130,12976,9552
662711769,6906,14186,9968
662728826,7813,14575,8960
662767770,7390,12680,12464
662772373,5288,15793,8256
662772393,15894,12566,9952
662776660,16674,28721,32608
662789529,11485,11731,12912
662802782,18671,18143,4952
663044088,6158,15026,9840
663091787,7374,15737,7584
663130304,16971,16922,8944
663134970,17770,15300,7592
663437249,1444,14800,9336
663493162,18982,16598,7736
663787020,14908,28167,32272
663799582,10824,16057,7792
663834152,17130,16029,8640
664141134,9108,12817,9592
664184060,18838,17278,8008
664187932,20520,17256,7664
664188056,21733,19063,5040
664188083,19899,17601,7032
664188108,21302,17741,7072
664188211,20216,17620,5568
664511977,17058,16955,10240
664814903,16587,27293,31112
665556968,23510,21360,5160
667184255,863,14393,12096
667266529,17495,7548,32280
667603691,15491,10032,12736
667857582,10728,9746,23376
667949027,14259,11827,16032
668967527,18390,32852,9024
669649730,19568,36148,19488
669965108,19126,16689,10848
669978138,12143,34027,16448
670297553,11379,11043,29424
670542802,4757,14377,12208
670651584,12189,33271,22908
670914976,34397,32558,22440
671005363,5987,20076,5216
671307834,12887,35438,24256
671574812,5300,28599,17952
671600919,32530,33377,21416
671657343,24960,16844,12752
671660941,9272,10733,23728
672002621,12544,35059,23264
672006007,14492,35700,20680
672352543,14743,36156,22456
672594073,32452,9987,22504
672653737,31798,33621,21296
673029543,9421,11647,15024
673085197,13643,34600,22424
673362451,11623,33714,21624
673366098,8289,12833,12648
673366263,17143,12810,9056
673370525,16615,10958,11136
673426911,6577,18817,6128
673509195,27842,29963,6952
673702721,8120,13642,11848
673715784,17652,15236,9616
673733299,6606,13305,14280
673776769,25069,33608,16240
674056647,11714,11546,13904
674056882,17454,12949,9920
674100160,14524,34830,22072
674393414,8280,17207,6056
674398014,8800,14222,9008
674446014,16816,34667,15216
674738872,14019,10000,15600
674807824,28315,28346,4064
675119034,7032,18217,5656
675127699,16879,32895,9984
675127915,12831,34161,20480
675136878,13552,33383,25432
675144908,28188,30033,6224
675144948,29495,28919,5960
675187509,23962,29968,4568
675187531,23585,30353,4120
675187572,23582,30841,6032
675187578,22204,28944,3560
675187643,23997,29829,5216
675447609,10653,33248,16176
675451588,19392,33114,8592
675468771,24186,34583,14736
675528661,22404,28828,4120
675602461,33836,33539,14796
675763039,21584,33377,9016
675779986,8546,31837,16488
675800901,5321,20817,4232
675822559,5820,26830,30088
675822802,20518,30686,5992
676138357,6434,19638,5200
676263239,29347,33550,11600
676612729,34074,33354,13032
676616719,33467,33776,14556
677182018,22106,32838,9592
691760950,14274,13239,8208
692093440,8386,13151,9536
692110379,8552,12407,12808
692119287,10972,11800,10072
692430198,8352,12545,10632
692434135,9319,12591,9352
692810011,18203,15381,7064
692818786,19135,16155,7664
692818802,18527,15553,6528
693034103,4101,13419,10256
693099064,7487,14576,8640
693125078,22472,35976,23728
693133603,16006,14191,8608
693159855,11700,12266,13944
693483018,21355,37013,23248
693500431,18031,16171,7336
693500652,19342,17715,5056
693733573,5727,14666,10224
693737742,6191,14601,10048
693785633,6643,14335,8976
693785780,3998,12907,10976
693837780,18341,17129,8040
693841887,18434,17851,5568
693841929,9693,11514,14264
693846112,19009,17076,7664
693927941,25044,14839,10192
694126781,6921,12729,17464
694471913,2866,14052,9968
694472667,1847,14148,9496
694524222,21818,18541,5360
694813336,44,14831,10712
694813676,1628,14383,12120
694818168,11217,9703,21168
695154667,3071,13196,10816
695167675,1755,15102,8912
695465316,5106,21186,6248
695798021,3014,14660,15016
696950427,16122,10603,14104
697132371,20996,35661,22768
697145036,19355,32103,34560
697485362,13653,35743,26656
698970725,2070,15012,13944
699031185,25407,22402,8944
699324804,25575,15807,12512
699998408,10514,33248,17008
700002191,32261,32802,22568
700321894,11820,34381,22240
700356592,11343,33059,16544
700991872,7877,12536,12400
700999023,7361,13548,11752
701371011,19569,16213,8992
701742479,21821,14111,11328
702079023,4607,12558,13184
702079135,5004,13052,13312
702364805,13110,30542,9144
702692200,7516,19288,5520
702704906,14910,35790,20888
703050435,14636,34823,17312
703282980,18399,30612,7024
703351975,33969,33457,22184
703438567,11033,33278,15768
703702863,4687,21921,5424
703900244,32033,32651,9352
704111734,11884,34179,17272
704116248,17734,35994,20840
704409534,14869,13993,8992
704409742,16237,15532,8160
704674025,3601,13883,11840
704699661,24684,17684,9648
704699697,10014,32726,18976
704742082,14829,15354,8672
704746449,18385,14052,8368
704746457,9107,11276,14360
704750475,13581,10422,12544
704750665,15285,14713,8736
704750673,18076,14224,10656
704750742,13204,10405,13336
704750766,6958,13204,10392
704759205,9253,11072,15168
704777224,23800,16783,11680
704798196,6685,20003,4288
705082892,9693,12095,15088
705091769,11405,11505,14696
705432638,16879,11733,10176
705432922,19050,15855,6624
705774051,9464,14039,9160
705787638,9563,11570,23728
705816818,5344,20908,5704
706451920,5711,19908,4624
706473389,11183,33810,16752
706499298,24117,18507,10256
706508078,16639,34877,16016
706819341,19697,33092,8992
706840303,12230,33579,22072
706862579,12328,33902,23928
707509964,18081,31991,7792
707647321,31974,34194,13504
707660374,29788,33510,11352
707854620,12194,9489,22256
707854989,12367,9793,32800
722467632,12233,10486,12472
722467714,11102,11449,11720
722471778,11053,11102,11472
722471825,14149,10925,11120
722821616,11485,11544,10256
723153828,16324,13597,9504
723158245,10620,10712,14592
723167312,10639,11691,10288
723495119,16026,13834,8992
723508068,16455,13636,8528
723508086,10641,12690,9296
723508095,10799,11419,10752
723508162,16581,13880,8880
723848801,19168,16265,7160
723849351,16755,15945,7416
723853340,11977,11085,13800
724134170,4528,13027,11024
724142845,15179,15664,8656
724449040,7782,13879,10776
724522447,11550,11025,13560
724531411,12268,10640,11880
724763999,5360,14377,10496
724816115,13314,31754,29096
724820565,8384,11129,22360
724829211,5768,14208,11112
724867606,19645,17013,7664
724867917,9777,11816,12216
724876683,19438,16818,7984
724885340,19166,16683,8320
725200110,14406,12723,8672
725217343,18414,17447,6936
725498630,1732,14501,9984
725701350,30607,15293,11288
725860918,1166,19688,14416
726207450,15938,28249,31648
726244918,17354,16403,10960
726940033,18264,16849,9264
727276708,16695,17499,7976
727472481,21658,35753,23072
728205616,8437,12325,19832
728912816,18550,29530,5360
728995438,10818,33556,16888
730013818,32399,32542,8904
730014166,15081,16102,9712
730562988,3927,24845,13000
730692294,16878,17337,8304
730709173,22314,33165,10424
731689147,7397,18564,5800
732777416,22319,13864,10928
733036127,16828,33948,12464
733040015,6460,18774,4360
733458828,17467,32855,36624
733796382,4541,12630,12560
734088804,15117,35074,18440
734089294,15200,35260,19136
734677385,4757,28925,18336
734724111,31153,33137,22216
734754585,10667,11175,24624
735073668,32150,33367,21504
735112319,21168,36104,16208
735134301,17233,34310,13240
735282133,29797,32974,9920
735415046,32411,33123,21880
735470654,10397,12153,17112
735488299,17990,34913,15312
735600320,28945,33124,10688
735708012,14701,27842,6060
735772860,6912,19178,4872
735785459,11447,13883,8040
735785541,9485,14213,7696
735785583,5803,12665,11968
735785639,12553,10476,14416
735785741,9713,14401,8656
735790008,12811,10207,13944
735941254,33061,33992,15872
736117977,8546,15930,6392
736122569,13456,10219,14360
736126644,13005,10871,15864
736126717,12823,10533,15608
736126732,19067,15103,8448
736126746,14059,10491,14288
736140238,23817,17380,12048
736173896,11774,34706,22040
736174181,22687,31150,4696
736463614,12367,11639,14488
736467526,19007,13748,10768
736467640,19642,15268,8544
736507123,24073,16607,12320
736791573,19119,14163,11120
736808522,5820,16028,7680
736808904,14307,14707,8912
736813212,8978,11648,14032
736830579,22394,33567,9864
736839651,12133,33982,22448
737149820,9832,15434,6624
737149964,18419,16076,6792
737150041,11868,14889,6904
737167616,20667,33835,10328
737189212,6697,17033,7408
737491049,18571,13998,13200
737491062,8463,16470,6704
737491087,17647,12609,15008
737512824,12537,34656,23248
737824168,16653,35624,19632
737832306,18235,35684,21048
738531654,7114,18517,5256
739256609,6163,28851,14560
739572008,29159,29194,5024
739917109,11142,8833,26952
753489735,15460,16071,7456
753489892,15267,16278,7144
753489951,13540,14809,7208
753506746,11092,11737,12664
753847960,10380,11559,13024
753852265,11607,11354,15216
753852396,12316,10406,15720
753852432,11365,11315,12608
754184667,12173,11952,14120
754188980,10477,11425,13792
754197850,14749,9954,14784
754202022,11375,10978,11888
754206396,14156,11032,10672
754473844,9385,12689,11040
754525744,11079,10544,13936
754534424,15190,35277,23184
754538763,11809,11316,15600
754538881,13916,35218,25192
754547386,12582,10221,13496
754854077,21471,37074,24832
754870859,9003,12049,12632
754879354,11431,10781,14200
754884149,11727,11375,12296
755177787,9324,13563,9944
755229523,13574,11799,9504
755234235,12349,10720,15176
755518957,22741,36166,25520
755544921,10631,12509,13632
756196285,6123,16643,7008
756196541,10799,15131,9328
756585129,11068,12161,13496
756601858,18261,16221,9744
756623488,19529,15505,11136
756870190,461,13461,13040
756874510,1228,14349,9848
757215581,523,13764,11560
757258507,15405,31397,32888
757569579,15056,29668,31888
759582005,2051,14616,11576
759632919,4747,26288,31168
759681018,12101,32431,17560
759991385,11962,9617,21168
760268555,3655,19177,5680
760323253,6156,12057,13448
760358472,11736,33801,17464
760570054,60,15565,11160
760630148,2679,27950,21176
760690116,12622,34942,22736
761044410,11093,33305,15344
762058745,15062,34992,17912
762982753,22284,35161,21904
763086729,20617,35488,13816
763730414,29562,32819,23360
764334721,8992,11403,17912
764339062,10005,29827,11664
764399773,32168,33587,21088
764817903,14630,34452,15888
765457262,19834,32910,8112
765797569,11128,12176,19352
766186252,32182,14148,17280
766298734,29231,34062,13496
766385551,11072,9850,24760
766493391,13043,35312,22224
766505428,19787,21360,4384
766734548,1448,26571,20448
766739499,542,24892,16792
766820559,18578,15096,8624
766838498,24315,34663,17160
766846796,23957,18203,9664
767161652,19007,15314,8880
767174553,14554,34088,23360
767494105,9305,11772,14488
767502579,13571,14956,7696
767502639,10652,11064,14904
767502657,19285,13451,9872
767541763,12609,33605,25392
767671354,34366,33548,14356
767852204,16077,9579,13888
767903933,11871,12660,14624
767904550,14841,35364,19448
768184496,15126,9361,14336
768184604,15470,16107,8640
768184623,12714,10010,14800
768192947,4951,19802,5328
768224139,12602,32473,19496
768525593,11282,15400,7136
768525608,12769,15398,7712
768525647,17309,11660,10352
768555687,14622,35428,21384
768590452,12271,9090,33488
768884949,13589,35570,21560
769018494,31792,32959,9968
769191110,16806,33496,11040
769263962,21347,17496,10192
769268002,24195,30361,5168
769605178,19612,32351,7424
770257411,26891,29872,6328
770585045,13255,9550,24688
770692923,28500,33202,11056
770930321,28302,29215,5488
770952011,28680,30113,4656
784204967,10885,11244,13048
784533172,11206,11498,10608
784541732,11008,11464,12296
784541854,10348,11925,12656
784882707,11880,10477,15800
784895866,10850,12385,14032
785232629,11465,10319,14848
785232649,12095,10963,11376
785456671,3878,12805,11488
785573850,10835,11928,15312
785914742,15907,13682,8640
785918963,13171,10432,12384
786260089,13560,10740,11248
786929029,8557,12151,13408
787564556,1657,15206,10208
787762461,34029,10223,22504
787908929,1930,13941,12240
788306624,22519,36292,27584
788519447,12137,31485,10784
788648194,21169,35957,24112
789934899,8674,10320,21512
790305346,24696,16634,11488
790577606,2418,15384,14368
790641825,5522,20657,3952
790982851,5786,21581,4304
792040520,23810,18752,8560
792062042,19549,12881,12528
792079254,6719,18067,5248
792368888,18938,31780,35344
792369310,2898,25022,28448
792800570,12166,34269,21288
793728667,12974,33301,25144
794406234,12922,33520,25648
795135527,17322,35249,16736
795826923,15069,33601,13576
796056661,13667,8641,22160
796733296,8195,29906,12176
796836697,15490,35921,21776
797074354,11134,33855,21920
797187575,12375,34386,22424
797442049,5602,30934,26952
797514653,18445,13106,11216
797558130,23299,17988,11392
797855394,19384,15982,8544
798027992,28229,33918,20608
798192091,18802,14938,9088
798192115,18463,15628,7776
798192162,19523,14773,8624
798196366,17904,13240,10336
798196389,13280,10308,13944
798196454,12117,11277,14240
798356481,31121,34602,15760
798528850,16910,9795,14336
798533259,11544,10936,15560
798537392,18485,14178,9952
798537456,19688,13266,9904
798537638,18650,13477,10912
798537701,18565,12433,10720
798585556,32008,34589,17448
798693540,29186,34324,15368
798869986,15129,9823,12936
798874090,16504,10486,12968
798892246,14878,35089,21656
798908816,13778,35797,22424
799215269,15194,10290,12064
799219511,13901,15777,7880
799219795,10924,15299,8048
799249679,24748,16208,14240
799263200,16326,33658,12496
799279899,31443,9951,23296
799362484,30625,34538,16936
799521639,17739,35537,20528
799560834,12335,15077,6864
799578347,18439,33814,10640
799583417,12874,35275,22424
799868224,14823,31929,9952
799901370,8895,16016,7296
799906141,15660,16558,8096
799919294,24219,34361,14392
800212579,19402,31889,7440
800212976,18942,32540,8576
800238269,12648,33585,24928
800256481,6251,17187,5536
800264315,22463,34286,12144
800273538,11680,34558,21576
800286386,23577,15838,13904
800303089,10533,13964,13456
800373114,28303,18727,10416
800579638,10236,11757,19424
800618162,24503,15984,14560
800622401,22969,35183,20400
815240159,14105,10466,15360
815568065,10660,11662,11880
815580911,14183,9579,15320
815585355,12573,11379,15608
815909099,10265,12022,15232
815921891,12017,10776,15488
815922095,10333,12005,13688
815922112,15547,9566,14480
815926323,11767,10241,14544
815926332,13280,10871,14064
815926346,11703,11110,14112
815930761,13072,10345,14688
816254592,11838,11672,14448
816263443,10735,10933,15328
816276055,14029,12419,8768
816276925,16312,9703,13568
816613438,14398,9879,13120
816962833,17097,10435,12672
817294806,11864,9982,16192
817299301,18535,16160,7752
817985849,15755,10336,12032
817993932,17408,14456,9696
818637585,12093,10893,15888
819725372,22161,19910,4624
820662203,735,14174,13696
821340054,202,17854,13144
821686394,13030,34028,31544
822004733,2452,26906,20128
822005494,4662,13145,16936
822009511,7976,11365,22168
822078542,19945,14196,11120
822358700,6027,18663,4208
822358833,5734,20090,4000
822692353,395,26124,17304
823015627,4562,20703,4888
823037476,20449,33271,34208
823058891,11815,32850,24920
823063281,21259,16167,11824
825489724,15983,34599,15728
825822254,18701,36367,20832
826136822,9406,11406,24160
826416797,9725,31684,19792
827889434,15115,34304,15912
827889523,15382,31522,9872
828497517,7393,11895,16464
829015629,7255,15040,7944
829231385,19278,14872,9072
829231457,19000,16241,8136
829235909,14570,9872,12736
829261936,23571,34555,20408
829379400,31508,34584,16320
829572252,18181,12195,10800
829572451,15318,15136,8224
829593966,13695,35086,21680
829598814,13896,35084,22376
829636950,16603,32009,9024
830276571,20381,35902,16008
830586919,14807,16878,7712
830634936,14701,36042,21704
830915321,18653,35090,20872
831273286,16502,15176,8736
831273322,7015,18953,5368
831321033,12408,34864,22272
831325065,11857,34839,25568
832357089,18167,31101,6928
832646151,5943,19514,5360
834044577,20225,34718,12088
846270628,11175,10732,15136
846602958,7986,12249,13896
846611449,12475,10543,14808
846611908,11771,10121,15152
846616006,11224,11620,15122
846616159,16275,10080,13840
846620223,11387,11644,15592
846620287,15721,10122,13424
846952407,13996,9749,14344
846952683,13049,10539,14240
847293869,9082,12561,14248
847297956,15484,10158,14976
847297982,14783,10010,13976
847302850,12031,11960,9504
847989021,18102,15295,10000
848287126,11022,10434,14848
848316930,10300,10736,14976
848321392,18545,13616,9808
848330091,15305,10839,11072
848662421,11308,11136,14392
848662441,19404,14660,10048
848666776,15219,10651,14624
848692583,11094,10995,13584
849370246,14684,10845,11200
849370258,16278,11515,10800
849685478,19556,15390,7464
849707224,12265,10355,13856
849992080,23249,34881,32448
850375847,21787,36753,23728
850708902,14186,35199,23976
851459972,16104,28921,30720
852738675,6762,28990,18144
853078844,2963,30445,25864
853717974,5580,13290,17984
854110312,9290,10994,18904
854128583,10239,11175,19696
854883067,16933,34838,15624
855147657,12764,34399,24752
856071065,21114,34167,34448
857819389,6952,10048,24680
857819555,4291,14940,15808
858117772,9379,10498,19832
858573728,16166,35524,20208
858574470,15647,33790,13696
858725815,32472,34610,19192
858812398,11177,32579,22784
859265651,9648,13703,13856
859269976,15191,35639,21456
859765252,30674,33409,10552
859925004,18888,15814,7200
859960201,17506,34122,11968
859977121,13647,33221,19744
860257495,13576,11143,13408
860261985,18314,13279,10704
860265987,14294,10036,14496
860266014,18412,14654,8576
860266062,18451,15466,8240
860266123,12908,10515,15184
860266309,8329,14475,8816
860266346,19232,14376,8784
860266377,18423,14428,8048
860266404,13208,15018,6928
860607168,18373,13088,9776
860607367,19602,13689,9856
860607455,14036,14508,8336
860607503,19173,12697,10464
860896571,14229,32873,25240
860944055,15225,14600,8368
860983686,20753,36325,20976
861005020,27071,30459,6832
861065482,27000,30820,6568
861233275,14351,32826,23288
861237679,10412,33162,16584
861241941,12397,34617,17536
861242327,15970,35303,19808
861251038,10670,10834,29192
861280857,7668,11950,13160
861285145,15398,16517,7664
861583205,19121,36032,21360
861583277,10716,33147,15688
861630613,13273,15498,7496
861634934,9881,11767,14640
861683024,12827,8973,30352
862010850,16738,35642,18192
862265395,13946,34486,19872
862270125,13796,35131,18744
862278897,7418,11467,16520
862312670,15552,14722,8016
862597411,9628,31652,17512
862697175,10604,10464,27832
862705904,21730,35826,15344
862787861,23165,30157,7024
862977470,15917,33881,14704
863331646,11311,33826,19160
863698974,33845,13597,18768
863711565,23366,33736,11624
864156049,33381,32088,8464
877313996,11916,10971,15024
877318574,14261,9749,14008
877659583,12938,10784,12976
877659673,12893,10778,14816
877974490,12300,11213,15080
877982991,12908,11719,15584
877987539,11007,11329,14856
877987901,14757,10442,12400
877992236,11952,11402,13528
877992303,13480,10633,13616
878324222,12237,11586,14824
878324438,12379,11149,13904
878333234,12203,10826,14136
878333333,13673,10103,12928
878337317,15819,10189,13848
878652627,17409,10245,13072
878670047,16010,10461,13448
879032295,13594,10691,15104
880055173,15432,10515,11728
880383629,17890,17053,7984
880404940,18948,14799,10128
880409455,17685,15315,9152
881057369,16812,10332,14064
882353566,18683,34016,34928
882383361,3302,13113,16376
882580620,29509,20580,4616
883479122,21189,14223,12368
885168486,2520,22116,15168
885262087,12894,33409,20280
885495731,10641,32722,17896
885944105,14247,34372,21024
886626370,13623,32928,20528
887105351,21102,33686,33344
887195902,21758,10518,20432
887230673,16182,35404,19112
889911741,33530,33555,21256
890118683,31449,33534,11208
890191898,467,27444,18992
890671753,11543,31712,18128
891301236,17540,14211,10336
891301315,11501,13350,8032
891582311,9628,29596,11952
891629070,16978,11222,11200
891642281,14796,15427,8176
891642345,18545,13544,10368
891663788,13453,35175,20672
891914014,7139,29549,13536
891978843,19404,14343,8336
892294329,16450,35525,20912
892376241,11585,10574,31760
892385258,16712,33149,10440
892398461,16983,34823,16320
892605049,7315,11598,16112
892614148,11446,34393,20104
892722090,24996,16334,12240
892959869,10991,33666,16224
892997744,6281,18944,4672
893158121,33597,34084,16800
893338749,6129,19973,4640
893347461,15714,15281,8736
893688605,18762,12088,11200
893710296,20024,33339,8832
893723183,12854,33956,24184
893741163,11665,31121,17784
893754136,24081,30454,7072
893805187,27767,33596,12960
894020730,20070,31247,6800
894380152,16425,34148,14552
894422413,11627,34385,25448
894551935,28684,29006,5208
894702888,18801,31200,7152
895441451,20230,15855,13168
908340253,12557,10942,14400
908353540,16389,10122,13320
908668522,11832,11002,12592
908668556,13929,10531,12776
908685688,13068,11694,15048
908685859,13780,10523,15800
908689934,14669,10326,13344
908690107,14611,10323,14368
908699052,18313,15342,9232
909026561,16032,10403,13024
909026992,12703,11474,15136
909368173,13273,11075,15104
909372586,12443,10825,13120
909372602,19470,16279,8208
909704857,19325,13827,10400
909717461,14200,10880,16272
909730907,17785,14787,9344
909730911,16992,12407,10336
910063154,13079,11028,14496
910063307,9605,12392,13360
910386568,12457,10943,15576
910404284,19997,15637,7656
910412830,9452,13932,8476
911094343,17375,14701,10160
911400981,12301,10361,16152
911755444,10988,12306,14528
911759695,20715,17655,6912
912045124,8051,10925,21256
914466864,6953,11643,13632
915520244,17726,9189,16856
915951662,12253,34803,18672
915960293,11628,31463,18576
917450071,6071,28657,31584
917553030,8073,12600,17688
917919724,12061,34695,22600
918549930,1830,28822,21264
919177076,3392,23747,14032
919763043,30946,17879,9832
919846263,3117,24018,14664
920869856,10826,9613,22864
920873167,11091,10350,21168
920951427,13247,35589,23784
921935093,4555,29131,18816
921969761,33115,32561,22712
922354084,11301,34255,21672
922677121,18948,13100,10656
922966733,9752,10226,17256
923018247,15384,15717,8224
923018290,18624,14832,9648
923027316,20865,34872,12168
923359312,10783,14072,7552
923385340,16920,34153,12912
923700162,8995,16453,6960
923726321,22939,34366,12688
923787513,25732,16069,15984
923809011,25280,19279,13008
923869685,32058,34638,19056
924429714,20361,36098,20360
924723528,9528,16596,6824
924737391,10984,11400,29024
925241334,19491,8903,21888
925799233,19436,34300,11536
926454306,17947,32402,8464
926490072,13862,32859,20224
926813501,17685,32903,9536
939030036,13873,10166,14128
939729237,17448,12043,10512
939729706,11864,11541,14968
939733452,14248,10349,12128
939733918,17249,13286,8672
939734122,15326,11257,10672
939734266,16832,11685,10896
939738364,19589,15612,8896
939738376,19411,13451,10800
939738399,19615,14171,10160
939738424,17752,12460,10320
939738473,18313,13901,10192
939738477,18928,14402,10048
939742609,19655,14376,9664
940070913,18875,14574,10496
940075056,14837,12149,9360
940075464,11863,11844,13656
940079170,16456,11911,10544
940079253,19245,15440,9408
940079513,16654,12129,10240
940079568,19771,16196,7888
940079657,19619,16288,7312
940079771,19120,15572,8480
940083749,18910,14518,8000
940084011,17619,12095,11088
940084060,18663,15106,7264
940084095,18888,13801,9792
940084152,18723,13127,10080
940087822,19133,14667,9536
940420292,16772,10136,13288
940425106,17904,14806,9792
940425171,16766,13272,8720
940425232,19325,15623,7720
940748411,18923,15804,7928
940752707,18353,15917,9136
940761352,18035,12656,10960
941102504,18531,15619,8736
941111195,18188,15666,9504
943118619,8328,12947,11888
945161760,4826,12279,15200
946495259,22537,18182,8704
946853206,20766,13028,10384
947573616,4956,25652,15456
947862945,5358,21869,4904
948260484,12626,35092,24904
948709216,20276,10841,19896
949045811,20323,10503,13984
949537961,9634,32037,18640
949710555,19549,15802,12864
949930583,18419,34859,21264
950233506,5553,28479,14512
951018323,644,25081,20808
952624405,9916,10608,18056
952723817,13414,35405,21152
952724101,11889,34405,20984
952987284,13508,34351,18424
953004705,31070,33367,21832
953029783,9274,14558,9264
953285091,6996,11875,18024
953306312,8845,31968,15248
953319814,15592,33606,21024
953414780,19442,28318,37448
953712141,14537,13729,8120
953755666,12598,34182,23496
954053018,19325,14617,7952
954222134,29700,34446,17552
954528474,30178,33752,11480
954679716,12328,34341,17824
954730964,16316,17052,8448
955464899,18644,33440,9616
955591114,33106,33641,13080
956138930,23328,35260,15496
956820684,12238,34180,24976
957131025,17482,32176,8640
957506896,18848,29447,35680
958197533,18041,31842,8416
970772961,19510,14898,8240
970777114,19278,14039,9792
970777224,18815,12974,10992
971113967,18029,14278,9808
971118202,18797,15181,7944
971118588,18789,14270,9648
971118724,19478,14992,7752
971459227,17745,14456,10144
972128731,18206,15975,8368
973146958,20962,17319,7848
973151229,17389,17535,5288
973488234,18194,16741,5504
973816592,17454,16974,9056
974843892,17334,11566,11216
975518615,11957,12168,14464
976190756,14246,34278,18240
976575766,15465,34031,15504
977002744,10505,31301,17992
977218524,956,17147,12800
977222655,5397,13225,16624
977339122,20556,29411,36600
977710985,30710,11628,15584
977995787,20604,10324,15408
978051730,29929,10729,18128
978249801,32626,10104,22888
978336888,26099,10916,17512
978366493,20140,29359,35640
978907009,10428,10062,26704
978971398,12966,33911,24664
979627466,8759,31878,17248
980978890,12057,34635,24688
980982986,13076,34881,23104
981306568,16283,34887,20720
981319733,8406,12620,17176
982446156,20918,18995,6328
982688871,7934,11477,16752
982982098,10430,11168,19072
982994156,9608,10325,16776
983425901,569,25077,20144
983663810,6074,29208,14960
983759126,17362,33868,11432
984405805,10648,13810,7912
984536209,13213,32032,30576
984746802,13368,13554,7920
984794932,12182,34837,25208
984799284,14036,35312,22824
985805061,13948,33069,24200
985826737,15860,8970,24880
985835016,23119,19137,8608
986098785,10014,33018,17344
986793149,14158,16201,7640
986828383,23594,34783,14264
987877232,27140,19185,13152
987997896,34191,33386,14124
988852391,18768,33782,10128
1001453586,14204,11010,15800
1003474104,16400,17028,8040
1003474283,16687,16861,8528
1003478461,17620,17443,6544
1003837184,16218,10488,12048
1004514584,18557,16300,8448
1004514714,17652,14972,10320
1004527604,18387,17756,5168
1004527691,20614,17046,8224
1004527700,18379,16353,8848
1005119041,1172,13785,10104
1005179264,11505,16761,5968
1005179377,9747,12460,10864
1005196784,12804,10630,11680
1006876508,14730,33477,20400
1007895206,32906,10111,22720
1008024276,19178,29711,37312
1009004209,15624,34945,21160
1010235132,11139,9877,25496
1010713883,21274,17231,9264
1011184205,30699,10188,19152
1011314620,9429,10221,17968
1011611587,3865,23361,15704
1012341321,17785,34343,21888
1013019093,18365,36259,20992
1013040388,12976,35335,23456
1013416147,23180,15645,12816
1014802430,20606,9708,21888
1015385741,13393,34328,20480
1015700298,13238,33910,20624
1016114585,32880,32481,9760
1016118449,31666,34329,19848
1016166622,12408,35129,21920
1016192580,12765,33131,19344
1016459595,8558,14049,9664
1016506999,16558,8792,24672
1016805008,10216,16465,7560
1016839809,22659,35722,18416
1017547830,25119,17310,12416
1017819398,18056,11209,10976
1017992752,33216,34028,14952
1018164997,9850,16132,7880
1018510191,8438,11519,14912
1019024473,30426,34422,18800
1019347828,33781,34938,18984
1020280792,11961,34208,20048
1034198388,16895,15147,7872
1034249850,22699,15161,9056
1035459511,78,27444,21080
1035557785,17941,16987,6208
1035562328,20187,17137,5992
1036550962,7419,12461,16072
1036559440,6593,16241,8104
1036559490,8556,17022,6912
1036563762,12308,15191,7864
1038636222,14161,34588,16768
1038938989,5019,13220,16184
1040030798,16303,7831,26680
1042366365,9644,10567,28744
1044071833,7681,12699,18040
1046726261,13523,33846,18704
1046812283,18314,14436,10352
1046816660,14954,14911,8480
1047157746,12010,14029,8232
1047183897,20083,33745,10352
1047421689,13394,32977,18744
1047426385,13449,33624,19024
1047489962,30134,32782,9024
1047525093,21077,32472,7968
1047835635,8109,15335,6968
1047887562,12722,34488,25208
1048004460,32984,34512,18012
1048207713,18670,34786,13888
1048250312,19700,9296,21712
1048517845,12452,10948,10760
1048854479,12422,10769,11224
1049247113,20055,10384,20624
1049261193,15656,8235,24832
1049549402,11342,15656,7672
1049549412,6646,16288,5808
1050249677,23713,34612,20008
1050266721,12947,33409,18952
1050581215,17569,32467,8960
1050585709,17930,34520,13200
1050922195,17053,32329,9056
1050935614,12804,33945,18888
1051630846,23993,34854,17560
1051631142,17114,33481,10752
1064891781,13865,10468,11776
1066506741,5210,12655,15648
1067598881,9510,11898,13384
1067880387,941,24994,20504
1067884486,515,22597,18824
1068272038,17558,16213,8432
1068276312,17205,16934,6000
1068613227,16369,13372,9008
1068613231,17305,17501,7304
1068613282,9013,12159,13072
1068617431,9163,14761,7488
1068954342,16243,14726,8160
1068954391,11643,12262,9408
1068958593,11796,12352,9056
1068958652,15358,12929,8736
1069036955,3751,12714,11968
1069291635,8875,11095,15616
1069295816,10165,11864,13392
1069295830,9529,12486,12592
1069929827,19787,35321,35400
1070426862,19489,28863,36792
1070613107,17862,34742,36528
1070651567,11248,9156,22688
1071044860,14984,33742,15840
1072063538,6965,12052,14800
1072503172,31031,16143,9096
1074704960,5944,29134,28512
1075058701,6821,27497,33144
1076173414,18562,32094,7488
1077434447,11925,34381,18504
1077459077,12292,33200,17992
1077459090,12085,34163,16912
1077752379,11892,33453,17000
1077778701,12172,33866,20480
1077783627,12102,33910,21592
1077847238,21629,32749,9032
1077851524,13367,14429,7432
1078007730,30867,33760,11600
1078443080,12317,34316,18280
1078447660,13252,34630,18096
1078525257,12219,13066,8712
1078534091,10517,13567,8520
1078534115,9485,14606,7240
1078572735,18347,34457,12592
1078693835,11643,34063,27160
1078874826,8462,11920,13048
1078875017,9172,11405,13624
1079215685,7008,15589,6720
1079625867,18165,33469,10064
1079707882,34310,33836,15136
1080566792,9108,12494,13496
1080579786,11922,10663,16400
1080579985,16218,15791,9200
1080580151,10164,10879,14416
1081086613,28719,34341,19360
1081434698,33490,34904,19176
1081767446,29534,34521,16976
1081957306,20477,32431,7696
1096919756,15596,16188,9200
1097265345,16026,16201,9472
1100675450,17381,13855,9856
1100675497,10999,11650,14384
1101012503,10417,10844,14072
1101353948,18042,17390,8640
1105834722,12724,31810,19392
1105839176,13235,35116,18800
1106469255,14631,8729,24080
1106862090,3872,13371,13344
1108136270,18071,34549,21648
1108485790,11261,33354,18520
1108541296,11693,13438,8648
1108545472,9499,12100,14072
1108545599,17824,11620,10176
1109163019,13121,32500,18424
1109478369,13077,35037,18256
1109568528,6979,12565,12656
1109568718,32511,34592,18612
1109957857,21416,34867,11824
1110164795,10343,32748,16680
1110173824,13022,35117,19096
1110221199,15162,34959,19960
1110298200,19759,35955,17096
1110307501,19759,36214,19024
1110640084,11815,34562,23560
1110868515,13327,35068,19480
1110937445,13978,9793,13224
1110972158,21104,32008,8432
1110985490,15484,12368,9856
1110997994,19138,33615,10112
1111278454,19244,17251,5312
1111615136,10345,11351,15440
1111757266,33956,13001,18464
1111947403,13677,10162,16088
1112125413,33620,34701,17800
1112443807,26384,16541,12480
1127604950,16879,15388,10016
1129323248,16489,16202,7224
1130687130,8197,14871,8272
1131822592,20021,29017,36688
1131831702,24881,19235,12672
1131840673,12293,33141,18936
1133455474,17182,11559,15648
1134729441,13466,9617,26032
1134789102,5918,12778,16616
1135160387,8352,13032,16360
1136861363,13040,31522,20848
1136865339,33243,10341,22888
1137219365,12538,31678,19888
1138212774,11194,9162,23112
1138579549,14593,34910,18256
1138587910,2667,18539,16480
1139515440,10379,33325,17456
1139724251,29438,34472,16416
1139921468,18769,15757,9520
1139921865,11331,14148,8680
1140189329,10808,33647,17984
1140249804,13989,33826,18768
1140508414,13260,34216,19024
1140517447,13106,33582,18480
1140534972,13259,34783,20168
1140603698,7571,15191,7704
1140655376,20425,36572,19640
1140655624,21948,36077,20712
1140737968,29841,33333,10760
1140738351,30690,34511,17480
1140750808,32232,34339,15904
1140750938,31590,34119,20672
1140862679,10153,32509,17496
1140950118,17651,17904,4864
1140996390,18999,34868,13520
1141000881,21515,33910,9936
1141006088,18888,18034,5800
1141009899,7499,12199,13648
1141010036,9852,11960,12768
1141195327,11068,33798,17200
1141213129,9604,32461,16384
1141268794,17850,16274,9184
1141290695,19037,16081,6144
1141290835,14021,16630,7376
1141324564,22871,35284,20808
1141328881,21580,32947,9544
1141329053,17727,34581,13568
1141329227,23257,34455,13240
1141337518,17277,17589,7856
1141337557,21758,35279,13504
1141337605,20322,33419,9120
1141337629,8442,11921,14640
1141337663,12814,10273,12648
1141337757,9870,11564,13104
1141342258,21158,33805,9664
1141342260,9871,11112,14008
1141342299,19443,16062,6528
1141346217,14062,15876,8512
1141346308,17882,16306,7016
1141346462,18523,16311,7232
1141630854,19095,18527,4816
1141631198,17142,16076,7048
1141631240,19642,16753,7288
1141636055,18613,16798,7416
1141636389,17680,15711,7264
1141674495,9509,12422,14424
1141678637,16695,9944,13776
1141678665,21133,33537,8992
1141678931,15263,17049,7600
1141678948,21647,36333,21128
1141682748,10687,10847,13232
1141687128,20843,36636,20776
1141687352,9247,12390,9880
1141691881,17110,14793,8056
1141692008,19138,33252,8992
1141972158,18712,15823,6256
1141972202,17771,14898,8832
1141976953,19371,17858,5864
1141977014,18432,16740,5784
1141977071,16930,16423,6896
1142011140,21605,34376,10888
1142019737,17011,14132,9728
1142019878,13898,16318,6528
1142024290,17170,14800,9008
1142028710,16000,9877,14288
1142356511,18608,17533,5848
1142356576,21728,36190,19952
1142360528,8623,14933,7088
1142365351,21232,35448,13416
1142658717,17690,15764,8216
1142994933,9996,12605,12480
1143332046,18433,15765,7280
1143340753,17891,17240,5840
1143677310,15771,10118,14616
1143686159,17903,17448,5072
1155263986,15680,9169,17144
1159330685,6441,13446,15312
1160807120,23501,16246,12384
1161399526,13434,8908,24512
1161731111,19506,17113,6816
1162063500,12755,13240,8584
1163898298,13458,33681,20224
1164113870,17593,16192,7824
1165465632,17688,16473,6176
1167295916,13768,34031,20976
1167300154,14950,31691,23688
1167304403,12119,32376,21680
1167563540,12978,34595,19144
1167632513,12247,32845,21280
1167895489,13368,31035,22688
1167904437,14995,32406,22968
1168241257,14594,32338,21016
1168340507,33007,11938,19616
1169169208,8378,12112,20416
1169657925,12497,14476,8272
1169661785,8966,15924,7776
1169898618,12475,34392,17056
1169989698,22091,34048,10272
1169989859,21366,36481,20048
1169993905,22915,34122,12272
1169999059,11254,12043,15888
1170322501,18347,34589,13072
1170326256,7668,11772,13608
1170326295,8001,16742,7024
1170335262,12576,11777,15944
1170344185,15649,14469,8992
1170348225,28694,34487,18032
1170352367,20960,34540,11448
1170404875,18775,33259,9328
1170413425,22597,34624,12952
1170606692,14176,11143,11696
1170667130,8782,15263,8176
1170857299,10584,32321,17512
1170865953,11855,32662,17136
1170891789,18369,35291,21208
1170935308,10561,33234,18472
1171207096,10769,32723,16840
1171280441,14843,14562,9152
1171431567,28853,34432,18680
1171436073,31162,34583,16688
1171613107,13339,34615,18752
1171613286,13926,34764,19536
1171617407,9955,13859,10248
1171621616,17712,14568,10608
1171621682,17388,17100,9632
1171690432,21198,32845,8296
1171690479,20518,33201,8576
1171704378,11120,11487,13248
1171772286,30014,34367,19990
1171785552,30463,34531,18112
1171902272,12511,34798,18192
1171910380,11660,34170,18120
1171954356,13704,35144,19224
1172031461,22831,34172,11856
1172044382,17147,16956,7344
1172053274,16641,16591,9232
1172363878,10204,11325,14240
1172372291,16569,9570,13992
1172372382,7663,11911,14008
1172372655,18992,35440,16056
1172385513,11512,11541,13312
1172441674,29086,34313,19656
1172446050,34323,34395,17152
1172446164,30910,34422,19464
1172665846,18829,12737,9888
1172670463,16621,10206,14392
1172704683,14151,9648,15968
1172730733,9728,11318,13448
1172774470,31076,33495,10824
1172796014,30322,34496,20264
1173007139,17347,34570,13864
1173016042,10725,11087,12416
1173029301,14138,11814,19584
1173045815,21400,36320,17856
1173054679,18662,17091,6472
1173063302,13178,9884,13792
1173067651,15477,13391,8528
1173072129,11703,10963,11552
1173076392,21491,34654,11336
1173076523,17468,34338,12960
1173347968,14512,9932,15760
1173391076,19646,18382,5312
1173408617,10427,12328,13968
1173417505,10115,15508,8808
1173745220,11484,15277,8136
1173745330,21814,36157,20344
1173745411,18098,16070,7840
1173753977,19669,33644,9840
1173814525,27469,30492,6336
1174008477,16805,16325,8320
1174077762,12579,14898,8024
1174410293,14392,10958,15416
1174712037,13537,9716,15952
1175070762,14558,16259,8752
1188599723,7045,12168,17072
1189727041,12169,31562,18496
1191392918,16436,12566,10080
1192848260,13889,34441,17224
1197234751,13094,12116,14528
1198330286,20144,9155,20624
1198931241,15102,31469,22968
1200273581,14508,35423,19840
1200290859,12819,34337,17800
1200351169,9571,15769,8416
1200351200,18181,10488,12624
1200605580,11195,33894,20344
1200610109,11060,32857,17800
1200619473,17212,9357,16096
1200683283,11228,12339,9296
1200687716,31457,33817,11816
1200687913,8014,15585,7704
1200700424,16204,15731,8640
1200752926,34024,33445,13560
1200753147,34033,33823,15632
1200753289,30616,34513,16448
1200942353,11056,33949,17848
1200942398,19889,36738,21704
1201028519,16588,15307,8272
1201032707,16812,15579,8656
1201296549,18373,10990,13840
1201615899,10900,32452,17360
1201624330,13733,34954,19960
1201961255,12908,34410,18232
1202060409,16846,12387,9504
1202241942,13622,34073,19280
1202397143,19480,33854,10224
1202673723,12608,15549,6880
1202704262,23498,29929,6552
1202737975,13519,9749,14176
1203066201,21562,36361,18784
1203066222,17670,34905,15880
1203066401,20780,32605,8688
1203070528,20940,36616,20032
1203420037,20260,17862,7152
1203424360,20629,17853,5376
1203433388,12109,11007,12208
1203709763,10664,11062,15784
1203756972,14585,16154,9200
1203769621,9774,14915,7496
1203769862,11819,11768,16432
1203774485,17143,16703,9296
1203774508,9340,12952,9952
1203779116,13931,10859,11440
1203783013,13910,15427,8384
1204063702,12903,8803,31032
1204076441,10020,11434,12800
1204124270,20824,33397,9296
1204124281,9842,13602,8512
1204175835,21178,33979,10256
1204391417,17953,33714,10776
1204443547,17368,16294,8992
1204447548,20304,17429,6464
1204547624,33653,33866,14936
1204775735,13132,12689,8456
1204784216,10859,11032,11992
1205090786,21026,36286,17032
1205220831,18773,23349,3520
1205225146,30809,34068,20176
1206114100,21550,33805,10480
1224137476,10157,15023,6800
1224137495,19278,12828,11040
1224595673,17340,34695,15328
1224945409,31862,34239,20224
1225290633,19535,29443,35920
1225640135,17539,8838,19456
1229633648,11323,33606,15840
1230738237,12136,32859,22512
1230738247,15258,33097,22800
1231299343,23475,33736,12504
1231610379,10603,9795,21136
1231718414,15734,15731,8560
1231735257,16892,13577,9152
1232344382,11555,34469,25864
1232594718,1509,19332,16848
1232654731,17580,15981,6992
1232979445,9932,32682,16520
1232983358,9584,32198,16832
1233428010,21873,34629,11648
1233436396,20905,36230,19576
1233436426,20441,36119,17312
1233436479,20695,36236,19256
1233492573,33802,34057,16568
1233501275,30081,34245,20320
1233505806,32326,34422,16808
1233703950,11257,14258,7400
1233773217,20010,33135,9232
1234386037,17922,35205,16528
1234472633,8812,16486,8128
1234481054,19979,36203,19272
1234800242,19271,17459,7824
1234809285,17573,16545,9552
1235115629,10241,13738,9720
1235150293,10392,12460,10192
1236073998,9043,12799,12992
1236816635,18829,17046,8352
1237814053,9059,13546,8256
1252042438,9320,10501,16264
1252833634,25362,32537,22288
1255297788,21089,33349,9800
1255979929,6100,13301,13976
1259580168,8689,11425,18344
1260542968,166,27946,20720
1260883995,377,27289,23040
1261000309,12621,33754,22392
1261423444,14114,33546,22168
1261423454,12941,31503,22048
1261423534,12526,32277,22312
1261427885,13823,32575,22400
1261432158,14505,34206,21520
1261436508,14438,33084,20384
1261566146,470,26899,22192
1261760414,13744,33034,22608
1261768859,12985,33327,20968
1261773286,14066,33479,20488
1261773414,13860,34040,20568
1262014782,13303,32358,16624
1262105575,14441,34429,20744
1262114202,13706,34666,20832
1262356170,13135,31960,17840
1262654081,3011,19934,19568
1262744824,33269,34253,16864
1262994911,2513,19168,17424
1263037872,11908,34729,23056
1263331517,685,14974,15208
1263646693,91,25339,15352
1263668551,2180,18977,16856
1263832477,34358,33934,15456
1264186300,30562,34371,19728
1265037070,18054,35364,21440
1265157632,8769,12948,9376
1265852784,13112,14992,8704
1266478519,30175,34474,19416
1266871604,22369,34589,12464
1267868586,16093,12969,9696
1268179590,16305,32845,10080
1268861712,11884,11675,10128
1286315478,31530,33267,10464
1286323786,7004,13680,13608
1290990807,10808,11342,19352
1290990846,6052,12267,17488
1291331810,8764,11877,19696
1291647067,7845,11070,16336
1292022825,7606,12848,17168
1292121433,14680,33274,23880
1292367728,33576,33266,22760
1292670202,3378,19109,18168
1292713151,13947,32940,15824
1292807819,12904,32874,21760
1294465669,9584,16043,6152
1295225451,31425,34645,20736
1295501882,22032,33924,10616
1295566429,32003,33969,20672
1295855722,19863,33987,10872
1297202769,17664,17039,8592
1297556652,10284,11114,13528
1297815807,34002,33650,16472
1298476253,13596,34937,18120
1298804357,11911,33820,18456
1300276335,20307,9806,21168
1313496027,14722,16323,8024
1316245799,17418,11958,19000
1317354662,29575,32463,9360
1317712712,32651,34189,16296
1318304936,15792,8773,23744
1322012611,19962,34489,34800
1322021279,8282,11547,17944
1322133858,13817,31499,22360
1322353714,18189,33894,35968
1322470368,13620,33573,22528
1323402830,19279,10688,20432
1325405571,341,23493,16960
1326264840,12914,34370,22648
1326813363,23984,34830,18352
1327494939,12382,10457,12816
1327831724,18555,14885,7712
1327831994,15138,9561,13584
1328505485,17202,13887,8528
1328513713,29215,32884,9856
1328522741,33528,33629,13528
1343804739,8659,11661,17512
1344858721,8595,10996,17848
1345286099,10359,10896,18360
1347936495,12747,9450,20040
1351338390,13732,8682,20768
1351674644,7522,12888,16680
1351679002,7965,12850,18608
1352011957,7656,12302,17240
1352077058,25108,9644,22752
1352356915,8396,11264,16368
1353755801,7085,11736,17568
1354411526,10535,15277,7024
1355115431,12644,34217,16496
1355810793,14604,34678,21400
1359212271,10059,12496,9160
1359553384,14375,9703,13544
1374839724,9171,11934,17592
1375245983,14548,33879,15552
1376291141,23533,14447,9552
1383111671,15787,12542,15632
1385430156,3760,29810,21656
1386512867,14605,32098,21744
1387575003,17868,15226,8184
1387583729,33905,33986,15336
1387583807,17574,34305,12624
1388585088,9970,11831,14176
1390942076,11346,13022,8416
1392655948,14420,10594,11488
1413058496,5820,12022,15896
1415829574,19104,34538,35840
1416805841,12041,9810,31760
1418186940,682,23177,18888
1418273110,17467,10389,12560
1418351262,20443,35547,14304
1418618235,25463,20933,6792
1419019956,21987,34366,11984
1419909152,17650,31070,7424
1420306364,19173,15817,9024
1420651734,7800,13760,9656
1420910648,17515,35481,21712
1420966843,14406,15691,8848
1439979802,2089,22190,10232
1441978094,2251,22895,22320
1442819296,16147,29228,32072
1443135486,18929,8595,21360
1444351896,1276,21259,17376
1448868137,7869,11979,18448
1449225711,152,23136,16896
1449670372,17600,12883,10400
1450011431,15182,15507,7928
1450318227,12452,35030,25632
1451562506,6093,30108,17336
1451695303,13679,10107,13720
1465630554,17324,10083,21152
1467314365,11162,10775,18480
1467344362,15045,35499,20456
1485786914,20224,35210,21440
1500693034,6065,12020,16112
1504052107,542,23988,19864
1504207129,15366,9439,23744
1504730162,531,23640,19584
1508274054,14542,33142,15648
1508934482,18128,34988,20872
1509275719,19835,35512,20592
1509953069,15659,33552,12480
1510302921,15668,33112,21536
1510662269,17521,34386,21472
1511602490,5962,29939,17792
1511645270,15399,34441,15608
1512246869,8899,32188,19608
1515418525,8949,16427,6488
1533783144,8083,12336,16856
1535087146,1404,22719,19952
1536947502,21585,36342,22176
1543138040,31764,32290,8080
1545158404,23417,32549,22176
1564482110,6430,12530,17648
1572744091,15462,34602,21504
1602199161,12749,34519,17368
1603757560,13299,32464,17536
1605181883,33354,34552,20344
1605518663,32305,34479,21160
1609542060,13687,35945,26064
1622468068,1470,22799,20740
1627030775,15589,34833,20688
1629625638,11770,10507,32768
1630051981,13051,34769,26888
1633411858,14540,34036,20272
1640594274,20613,36636,21552
1656282488,14416,34088,14936
1660241426,2481,26508,20528
1666561406,17133,31806,8752
1670969304,12871,32119,33824
1670969318,13283,30962,10032
1671952694,14087,31691,32344
1672293837,13404,33591,34032
1693798741,15884,32583,10272
1694807145,18418,10636,19344
1700937093,23137,34631,21008
1703683361,22061,35355,21288
1727979406,12805,33517,29728
1730957703,33833,32293,22608
1733677514,13641,33752,33560
1734350788,15033,36558,28376
1734350908,15549,35967,23184
1734420152,23228,34807,22048
1750419433,11085,30173,18336
1756579280,21659,34999,23616
1764091241,23595,34346,21584
1765040289,14722,35797,28304
1788300760,22841,34896,22528
1793014716,23485,34462,22800
1793351401,21466,35061,23056
1796817841,14085,36285,27144
1796818119,14180,36374,24624
1812485095,13737,33190,18632
1812488920,14172,33835,16728
1812493277,15739,34697,16472
1812497812,14520,35002,18824
1817712927,20020,31871,7424
1818307672,15755,28579,31208
1825085656,13700,35829,23800
1827516355,14220,36360,26176
1827861966,15714,35885,22720
1828206773,21082,36763,22224
1849684319,14451,31310,32712
1850706912,12571,33664,27488
1850711304,14119,34887,29848
1851061177,19126,35524,22944
1851389175,22719,36000,24416
1851393805,23497,34450,23616
1857148391,14401,36098,22824
1857825571,19724,35908,22832
1858901026,20206,35840,23392
1882009576,11081,10324,32568
1882083076,14536,35820,29976
1887163927,13434,34573,25232
1887872301,22773,35405,21888
1888524453,20677,34094,33376
1888572074,21515,37136,24336
1889253763,22503,35209,24016
1889253785,22294,36000,23152
1914460817,18080,10990,16904
1914823337,23028,35383,23680
1914823414,21538,37079,25272
1917188956,12867,35369,25288
1935972306,15508,33657,15024
1944507292,22352,34752,32512
1975187675,14652,29795,31824
2010992546,23139,34703,23232
2095549849,13688,32650,35876
2124762952,4709,19456,20544
2155237366,13753,33972,18064
5812978878,11455,11374,11344
5812978978,2351,28560,20224
5812979015,11828,10316,13680
5812979016,9901,12262,14832
5812979069,7425,12362,13216
5812979119,17467,17285,10224
5812979121,16886,15917,9520
5812979128,17453,15685,8688
5812979133,16448,14362,8352
5812979156,21014,34247,10816
5812979168,29009,34226,14752
5812979170,33406,34016,16416
5812979172,29299,34516,18152
5812979175,11932,10883,13296
5812979177,18833,17584,4840
5812979187,10731,10777,13696
5812979188,13877,9644,13872
5812979191,17289,13914,9248
5812979196,17765,15619,9648
5812979222,12366,31433,20344
5812979232,10296,32978,15584
5812979271,20618,36662,20376
5812979314,18041,16828,8384
5812979326,7957,12285,13440
5812979371,8190,13453,8536
5812979502,31937,33895,12584
5812979531,12859,14664,8400
5812979532,12661,15334,8800
5812979558,33134,34225,16560
5812979560,31547,34452,14928
5812979667,13580,15143,8896
5812980179,10935,14378,7160
5812980192,19496,15242,9024
5812980207,12752,10985,15224
5812980209,16146,12090,10208
5812980219,19113,15096,9744
5812980220,18339,13874,9008
5812980222,13725,10425,13200
5812980270,9878,21873,4284
5812980282,1439,14168,11384
5812980289,2123,28020,21808
5812980291,11122,10960,22560
5812980330,33287,33019,22096
5812980351,9024,14313,7664
5812980369,13639,11403,15344
5812980370,11811,10629,14032
5812980376,4631,14702,9472
5812980378,14044,10125,12448
5812980386,7142,12144,12992
5812980397,14301,10739,12240
5812980398,10345,10647,15488
5812980404,11454,12209,14448
5812980408,8728,13620,9240
5812980410,13326,11148,15648
5812980414,12572,10673,14000
5812980425,16079,10839,11232
5812980426,12130,11208,12856
5812980428,16582,10468,12560
5812980444,16978,10548,12272
5812980446,19614,15907,7560
5812980473,2616,23462,17280
5812980506,8041,18946,5656
5812980507,19863,10334,14672
5812980514,16209,12968,15856
5812980520,22582,29587,4240
5812980537,10546,11062,12776
5812980555,12606,10466,12200
5812980561,10804,13408,9424
5812980566,14584,15883,8368
5812980567,22051,33478,10912
5812980569,12518,14601,7352
5812980579,16905,14430,9280
5812980590,14302,15168,7680
5812980593,17321,11910,10896
5812980594,18981,14693,8480
5812980597,12224,11385,15824
5812980599,7044,14723,8128
5812980600,10665,11226,14472
5812980615,11668,13910,8456
5812980618,11237,11457,15936
5812980624,13261,14163,8368
5812980638,7371,17628,5016
5812980647,6804,11618,15968
5812980666,20031,30153,35920
5812980742,13466,33984,24640
5812980745,4565,13497,13072
5812980746,31954,13319,17056
5812980747,5632,13690,14720
5812980787,5624,12933,11328
5812980792,17354,14315,8248
5812980796,9251,17301,5456
5812980806,4908,15070,8816
5812980811,15557,16009,9696
5812980813,9387,17024,6120
5812980892,15718,15358,7728
5812980916,17148,35677,20224
5812980931,16681,16182,7928
5812980934,10546,11781,12312
5812980938,10041,14739,8384
5812980940,16950,15096,8496
5812980944,7880,13272,9536
5812980965,14135,13748,8160
5812980973,13549,9870,13424
5812980992,19402,16437,6168
5812981038,8035,15377,8160
5812981046,18590,16692,7984
5812981058,3963,15291,15408
5812981068,18498,11414,11072
5812981071,8526,12243,14256
5812981072,11050,13562,8024
5812981086,11668,13121,9000
5812981104,11949,12781,9240
5812981106,10249,13322,9448
5812981127,7487,14214,8960
5812981136,10134,13992,8488
5812981141,8742,16912,7352
5812981142,20846,18366,5216
5812981148,8736,13180,8568
5812981153,16043,16161,7248
5812981154,9719,14627,7912
5812981160,18148,16455,6384
5812981164,13055,9792,16120
5812981227,18354,17324,5488
5812981237,9812,19091,4672
5812981240,13056,33518,24328
5812981264,5784,13605,13416
5812981270,15663,11812,10064
5812981274,18049,10779,11776
5812981275,13240,10138,15632
5812981277,9364,15783,6648
5812981279,7590,15860,6456
5812981290,7464,16762,6552
5812981308,8576,11256,14600
5812981318,8948,12214,14040
5812981320,8122,16584,5992
5812981322,17869,13999,8448
5812981327,8443,16083,7624
5812981332,17943,12090,9840
5812981333,16535,12771,9168
5812981339,12308,14823,8720
5812981340,8120,11524,14408
5812981341,10929,16720,5680
5812981348,15980,13266,9280
5812981361,16430,9937,12864
5812981373,12156,14844,7288
5812981379,15306,15831,9328
5812981390,11970,14289,7848
5812981399,7353,15831,7128
5812981400,7829,15511,7352
5812981401,7993,16032,6312
5812981432,11367,16080,6368
5812981441,18617,16396,6304
5812981467,6896,17177,5352
5812981543,3842,13638,13720
5812981553,16245,10072,12448
5812981563,10911,15524,6496
5812981564,12968,9949,15216
5812981569,9826,11514,15904
5812981570,10566,11737,14144
5812981578,14235,16124,7088
5812981581,6730,15983,6368
5812981582,16303,16110,7816
5812981586,12342,10929,16368
5812981590,9029,16034,6256
5812981602,9426,11431,15712
5812981607,8607,14958,7520
5812981616,18062,12949,10032
5812981618,10891,11450,15560
5812981619,15521,9961,14064
5812981643,16105,15792,7480
5812981654,13548,14005,7648
5812981667,13829,13409,8096
5812981669,11469,14577,7720
5812981670,9684,12346,9784
5812981671,11032,14663,7632
5812981673,12676,10197,13088
5812981676,10476,14549,8504
5812981679,9703,13761,8848
5812981690,8940,14143,9400
5812981702,7629,12382,12120
5812981704,11670,10454,13256
5812981706,10702,16353,7128
5812981717,19862,17204,6560
5812981753,12151,14226,33000
5812981796,6040,16664,6080
5812981797,16893,17279,7664
5812981800,8623,16295,6104
5812981816,18180,15205,7560
5812981853,15780,15446,8256
5812981858,7759,16535,6256
5812981895,33594,34446,16840
5812981924,10006,12049,12400
5812981932,11842,12922,8368
5812981944,7834,14759,7968
5812981950,7083,14233,8768
5812981951,11101,14621,9376
5812981960,17434,10911,11312
5812981961,7079,15823,7936
5812981971,6521,15589,7208
5812981978,8975,15456,7384
5812981986,9981,13720,8032
5812981989,13700,10920,10816
5812981990,8537,13151,9016
5812982000,18789,16623,8736
5812982011,5525,15474,7728
5812982017,11802,11176,11008
5812982020,10085,16989,6488
5812982086,9658,11159,15376
5812982087,11539,10442,16160
5812982088,16707,14000,9440
5812982091,21575,34222,11256
5812982118,21333,33271,8520
5812982120,19712,33535,9376
5812982125,22719,29080,3656
5812982145,14949,16467,7512
5812982149,12825,14809,7064
5812982162,11872,13473,8184
5812982168,9954,14719,7096
5812982177,12935,10747,13768
5812982192,6601,12655,11880
5812982198,5961,13449,11072
5812982216,16079,15368,8992
5812982220,16575,17074,9216
5812982273,10849,12154,9512
5812982295,5703,20494,4712
5812982316,13698,14878,8128
5812982324,5194,14180,15312
5812982328,17440,14218,8784
5812982329,16073,11984,9856
5812982350,12919,10591,16480
5812982371,10437,12412,14464
5812982372,14862,14462,8704
5812982374,10170,14361,8840
5812982388,13976,14105,8576
5812982389,12692,14207,7816
5812982390,12060,13789,7576
5812982397,17044,14721,9808
5812982403,17684,17064,6904
5812982421,10670,11568,12712
5812982422,15689,12169,9600
5812982426,6077,14937,9136
5812982429,14651,16402,7000
5812982436,11936,10556,12856
5812982437,9202,12332,12408
5812982442,9980,11549,13688
5812982466,16324,9439,14304
5812982470,8304,13773,9400
5812982471,7434,13439,9400
5812982490,6353,14779,8096
5812982492,16696,17005,6696
5812982505,16509,16109,9344
5812982506,8372,14353,8144
5812982514,10626,12694,8824
5812982521,14650,14052,8512
5812982529,7510,12873,10992
5812982530,16962,17339,6568
5812982532,18550,17542,6384
5812982556,12516,15565,8184
5812982562,15980,16472,8992
5812982577,16508,16075,8768
5812982578,17489,16818,7992
5812982579,17264,16667,6480
5812982589,7038,12392,12344
5812982602,17242,16279,7416
5812982620,19348,17104,6248
5812982656,25362,31703,22112
5812982657,8710,12734,12152
5812982694,17844,12553,9232
5812982706,17368,12427,9440
5812982711,19192,35832,17592
5812982725,15982,9901,13104
5812982760,14999,15777,7320
5812982761,13231,13647,8536
5812982766,12323,14103,8664
5812982779,20384,34972,12592
5812982780,17506,15163,8608
5812982782,8100,11604,13936
5812982802,12351,11257,13392
5812982803,17738,13960,9520
5812982823,15914,12777,9232
5812982825,9649,15607,8840
5812982826,16687,13511,9808
5812982832,17602,16139,6528
5812982837,19041,16820,6352
5812982871,17329,15335,10064
5812982872,17157,13352,10048
5812982874,20005,13979,9904
5812982876,10715,11335,11160
5812982877,16522,15666,9600
5812982925,17910,12553,9696
5812982960,27309,29458,6544
5812982999,8859,12636,13856
5812983009,17632,16557,8736
5812983012,15802,11105,10928
5812983023,9351,14000,9720
5812983038,8218,14108,10440
5812983042,19971,17163,7352
5812983043,8727,14516,7360
5812983101,9435,11811,12880
5812983106,12472,12793,8952
5812983107,13003,12858,8816
5812983112,9837,10872,14800
5812983114,18960,12828,11440
5812983134,10452,15830,8368
5812983147,9574,12297,12224
5812983152,12075,11240,10600
5812983174,9022,11407,14800
5812983192,9807,12916,9144
5812983199,15614,9387,13944
5812983200,12220,11710,16720
5812983213,17963,15705,8896
5812983268,8803,14455,8104
5812983272,14824,9898,14328
5812983302,12031,10289,14288
5812983303,11272,11774,13736
5812983309,11950,10501,14920
5812983310,8160,12317,13056
5812983319,11801,10037,15608
5812983321,11377,11651,16360
5812983322,10666,11315,11560
5812983328,17785,11944,10752
5812983337,10917,11434,16216
5812983345,14159,10163,13528
5812983346,13628,10388,15408
5812983399,31276,34608,19968
5812983418,30541,34421,15080
5812983423,12558,11951,15024
5812983427,12703,10753,16088
5812983451,17877,10693,12128
5812983454,11900,11267,16368
5812983455,12880,11209,13752
5812983522,30865,34350,20248
5812983533,20482,33440,9552
5812983544,17143,13491,9584
5812983569,13239,9849,14800
5812983575,11652,10620,15272
5812983576,12088,11596,15392
5812983578,11763,11184,14600
5812983579,12233,11083,14656
5812983608,13206,10787,15472
5812983645,14300,10361,16032
5812983646,13195,11574,16136
5812983657,10824,10591,14256
5812983658,19137,16825,7264
5812983673,11583,10819,12328
5812983745,18941,13768,10176
5812983827,34018,34534,17456
5812983831,9876,11696,17272
5812983837,15028,12479,8928
5812983846,13471,32440,18944
5812983851,18108,15183,9584
5812983861,18505,14052,10784
5812983866,13717,9790,14736
5812983869,18928,11686,10896
5812983871,11343,10221,15336
5812983898,10628,11970,13368
5812983903,16759,9373,14608
5812983965,18044,34655,14016
5812984024,14327,34056,22512
5812984045,13905,15254,7872
5812986870,12011,33517,21232
5812987236,12576,31964,18112
5812987762,10389,12334,9576
5812988098,179,14586,13848
5812988569,1247,16347,15744
5812989173,19104,18117,5088
5812989588,20868,36148,20048
5812992940,13600,32765,32648
5812995098,13417,31652,32312
5813000276,22269,34944,23312
5813009620,20021,36295,20816
5813009881,18015,14401,11184
5813010617,13456,15395,6720
5813010690,3155,15257,9056
5813010836,8015,13136,14624
5813011024,8992,21904,4464
5813011074,25221,30938,8696
5813011298,2532,24326,18368
5813011555,13066,13892,7680
5813011756,15677,27363,5492
5813011840,12935,35053,20768
5813012316,7432,15022,8800
5813012637,28380,32354,7736
5813012781,7216,21470,4600
5813013228,16673,18485,6520
5813013630,5325,19647,3708
5813013678,11696,34039,16744
5813013823,18441,32247,36288
5813014166,1509,14713,10352
5813014858,7172,13344,11288
5813015068,10289,11028,24944
5813016163,3785,13095,16304
5813016915,11765,33227,17352
5813016958,10734,9580,25568
5813019513,7752,15564,8736
5813019609,15451,10422,12352
5813019630,14190,32671,24048
5813019763,10420,13692,9248
5813019770,13770,14462,7864
5813019772,15827,15070,8048
5813019774,15330,15056,7728
5813019779,17702,17822,6192
5813019850,3476,29761,22968
5813019917,12636,12575,8592
5813019920,2850,25295,14600
5813019982,8682,17242,6416
5813020041,13414,12393,8672
5813020046,11506,15226,6656
5813020047,12576,13682,8360
5813020052,14977,9361,14792
5813020057,14478,16481,7472
5813020061,7972,16902,6464
5813020132,9222,13066,8496
5813020271,9957,15431,8368
5813020274,11911,14232,8872
5813020288,31073,34497,16112
5813020409,15061,32834,24032
5813020424,31666,34639,17184
5813020673,3854,12720,13120
5813020828,3330,13039,12288
5813020831,7079,14904,7488
5813020846,12041,30649,10544
5813020857,11429,9907,26208
5813020988,7300,16356,7624
5813020996,31186,14148,16480
5813021016,14681,14961,7568
5813021017,13976,14785,7416
5813021019,11579,14339,8152
5813021023,13253,10451,15952
5813021033,17520,13015,9104
5813021046,18302,17375,7632
5813021135,11040,10919,14624
5813021174,7094,15945,6096
5813021251,17566,10720,11728
5813021261,33983,33631,15224
5813021263,16898,10852,11440
5813021275,8810,12586,9952
5813021289,9509,13047,9456
5813021291,7530,12336,20536
5813021294,17517,16559,7552
5813021301,12963,9909,14312
5813021303,6853,15310,7024
5813021304,10919,13339,8384
5813021311,5766,15489,8336
5813021313,12160,13454,7880
5813021315,13890,13034,8304
5813021316,14188,14977,8160
5813021319,15602,14911,8464
5813021326,13063,13215,8336
5813021332,8298,12981,10232
5813021341,9189,13656,9264
5813021379,18648,17187,5152
5813021380,8007,17743,6024
5813021382,16753,14660,8752
5813021386,14611,15705,9312
5813021397,13892,15057,7064
5813021399,12504,12487,9432
5813021400,15245,15228,8640
5813021401,11291,13587,8392
5813021404,12423,13592,8832
5813021411,14756,14495,8256
5813021415,10060,12501,12168
5813021447,13918,15568,6928
5813021449,14948,13880,8192
5813021452,9911,12531,14432
5813021463,14127,10905,14640
5813021464,9028,12481,12800
5813021465,13855,13906,7928
5813021471,11853,14622,7552
5813021574,22435,17504,8640
5813021602,7866,16750,7616
5813021615,6427,19335,4304
5813021632,12805,31833,11088
5813021642,15177,16759,7232
5813021645,17342,10581,12016
5813021659,16773,15593,9216
5813021666,15854,17929,7400
5813021736,7501,16360,7064
5813021748,8320,16086,7008
5813021766,15430,17032,8008
5813021772,13184,15141,7864
5813021778,8838,11471,15248
5813021779,10597,13007,8464
5813021781,12251,15499,6592
5813021786,14335,16080,6720
5813021788,9565,14702,8352
5813021792,8491,15439,7896
5813021799,17190,11396,10656
5813021805,9448,15642,7992
5813021806,9683,12848,12216
5813021808,7680,17399,6280
5813021809,7719,17258,5808
5813021812,11976,14575,8352
5813021822,17566,14983,8032
5813021832,8697,12593,13264
5813021848,13944,9990,15048
5813021856,10179,15790,6736
5813021865,11824,15539,8096
5813021874,13122,9449,33152
5813021882,14186,8364,30936
5813021904,11182,13261,31344
5813021943,3957,26848,31040
5813021989,12910,14313,7312
5813021999,13941,14316,7512
5813022026,18880,31118,6592
5813022037,9135,16918,6600
5813022042,12979,13887,8112
5813022049,15100,14151,8464
5813022050,13619,14369,8192
5813022054,10606,14000,8344
5813022060,16773,16509,7504
5813022076,33438,34504,17304
5813022117,15238,9820,14936
5813022119,10396,11494,16016
5813022133,8444,16574,7312
5813022150,248,13425,12264
5813022160,10419,11914,23744
5813022175,10698,14473,8008
5813022199,23222,29471,3616
5813022201,19451,33179,9456
5813022203,17051,16426,7888
5813022207,16798,15770,8256
5813022210,9892,12578,9472
5813022212,11234,13838,7688
5813022232,7733,12913,12088
5813022234,15470,33649,21376
5813022239,16271,15494,9888
5813022259,15028,15368,9456
5813022267,13533,14699,8608
5813022274,15975,21557,4352
5813022341,24882,30846,7696
5813022343,22564,30159,3952
5813022352,20350,17335,7048
5813022375,20296,15956,8416
5813022404,33892,34052,15960
5813022419,22031,29916,4392
5813022424,10219,13122,14032
5813022453,3047,13660,10176
5813022538,296,25450,19080
5813022759,12337,34012,24576
5813022792,10070,11309,17944
5813022794,15610,16373,10048
5813022811,25382,16056,14768
5813022896,9865,13446,20816
5813023894,15355,35405,20920
5813024601,23398,35434,26544
5813024692,21177,35642,32928
5813024710,21342,35204,22368
5813026481,14875,34886,20208
5813026661,24294,33830,13584
5813027016,18817,11196,19584
5813027248,5295,27298,32792
5813027460,7665,14810,7384
5813027492,11792,11290,11848
5813027518,34339,34059,16224
5813027584,17501,13616,10336
5813027592,19933,17139,8640
5813027704,14921,12868,8624
5813027737,15546,33139,11216
5813032245,14726,15574,7768
5813032552,17203,15831,9088
5813032554,15663,10774,14888
5813032694,10914,14466,8584
5813032702,11175,11186,15376
5813032734,13868,10850,13144
5813032740,13120,30979,35072
5813032759,7533,14319,9400
5813032771,9195,17575,5664
5813032811,15161,11898,9872
5813032813,33740,33643,14120
5813032868,10875,11814,13888
5813032874,10436,15330,6488
5813032876,7195,16483,6160
5813032887,15636,14952,9200
5813032896,18406,13214,9136
5813032900,10161,15914,7456
5813032943,16250,16583,8304
5813032946,13828,15363,7408
5813032967,19201,16860,5712
5813032997,30251,33575,11064
5813033000,22734,28504,3440
5813033009,5113,13076,10976
5813033012,8020,13358,9032
5813033033,29401,29679,5536
5813033059,11921,10630,12136
5813033065,17702,16559,6800
5813033086,9207,15949,8832
5813033127,7160,16212,6624
5813033144,11436,10960,13128
5813033196,12081,34664,21728
5813033208,16205,12348,9472
5813033215,32076,33400,11144
5813033226,15708,16551,7168
5813033246,15426,33428,14640
5813033259,11644,10722,14560
5813033267,14293,10440,13072
5813033277,16388,10558,13736
5813034571,21552,35797,23600
5813035213,2070,23263,16816
5813035267,17388,11991,9936
5813035275,5864,15284,9416
5813035308,1210,26906,18744
5813035318,5890,14131,10136
5813035558,7021,15351,7656
5813035612,8392,12397,13720
5813035613,12793,10230,16120
5813035694,12075,9482,30568
5813035700,14553,11058,10864
5813038232,3304,19983,17764
5813038238,1623,19278,16048
5813038793,20806,35154,23072
5813038889,21688,36426,22720
5813039235,22237,35928,22000
5813039465,22145,34919,22800
5813039471,21379,35750,21552
5813039962,11431,9925,29472
5813040123,22820,19830,4808
5813040171,18730,16828,5456
5813040727,1511,15216,11744
5813040941,32787,34638,19192
5813041206,9986,12754,8760
5813042659,11001,12088,19000
5813047220,14935,14898,8928
5813047221,18730,15354,6888
5813047662,18130,15927,6304
5813047676,9242,11910,15344
5813047683,1042,15603,10768
5813047685,3739,14883,12928
5813047763,20624,11629,17936
5813047772,3077,25952,18656
5813047774,2922,20571,7928
5813047784,33322,33766,14188
5813047790,9307,16612,7376
5813048214,34157,33636,14648
5813048896,14543,33089,22272
5813049105,11243,15004,31592
5813049380,5041,15702,9184
5813049834,14668,10392,15512
5813050455,13743,9507,23024
5813050727,23480,34190,22224
5813050729,14792,36526,24312
5813050765,11381,15250,8832
5813050767,14025,34212,23376
5813050820,15200,9730,13968
5813053669,11097,33113,16848
5813053821,16421,15129,7960
5813053851,20661,28274,35608
5813053878,7883,17738,5160
5813053885,16271,14099,9216
5813053886,9020,17114,7024
5813053888,17874,17604,5360
5813053935,8973,11752,12952
5813053937,15615,13880,8384
5813053990,15635,34310,16056
5813054053,15774,32935,10840
5813054085,16389,14409,8704
5813054086,17064,16564,8768
5813054186,15934,33884,15808
5813054342,9207,13528,8720
5813054343,17758,11376,10608
5813054643,5740,15221,8944
5813054659,23134,30078,3912
5813054697,22849,35327,22960
5813054996,13548,32599,18368
5813055025,20824,35852,23264
5813055147,23263,34647,24272
5813055162,20485,35948,22240
5813055180,14017,35555,28840
5813055184,20994,35684,22128
5813055749,8638,14707,9408
5813055800,15442,23488,4052
5813055889,4420,12847,11408
5813055903,8968,26182,34400
5813055913,17214,9624,18656
5813055914,12434,10096,14208
5813055916,14433,14587,7544
5813055923,17927,17492,6880
5813055924,11048,13185,8984
5813055949,10429,13129,13440
5813056020,23822,20522,7520
5813056028,25372,26635,8384
5813056072,14977,29155,29264
5813056101,18130,12780,14080
5813056110,11059,14130,8160
5813056120,9302,11582,13184
5813056121,16330,16544,8784
5813056183,17175,16947,8384
5813056234,12788,11143,14200
5813056299,13724,15846,6656
5813056300,18043,11971,10368
5813056305,9519,11708,13816
5813056307,18095,15361,8560
5813056309,16013,13239,8832
5813056311,12031,15180,8400
5813056313,14338,15732,7960
5813056327,10148,11264,14768
5813056355,8542,14245,7680
5813056372,9970,16765,7224
5813056390,11725,15504,7128
5813056395,7059,14472,9264
5813056414,11494,10670,12840
5813056596,22015,36451,24432
5813056909,17950,15797,11200
5813057162,23987,33592,12152
5813057169,8993,13717,11440
5813057187,9376,12843,8896
5813057210,16244,16547,7880
5813057213,14320,13192,8624
5813057216,4321,28247,17256
5813057227,7059,16651,5608
5813057239,14600,9540,14424
5813057277,14297,34778,20224
5813057439,15164,11022,15616
5813057468,16230,15083,8384
5813057573,14122,14740,7888
5813057615,3539,18301,19208
5813057723,14510,33660,16240
5813057861,22957,20462,6416
5813057867,11889,15182,7672
5813057869,9675,17055,5696
5813057933,21342,18530,5152
5813057942,19700,16816,6056
5813057956,11023,10819,12768
5813057959,9721,14454,9392
5813057973,22316,12024,17120
5813058048,9388,12747,20096
5813058050,10712,13963,14088
5813058069,15106,13622,8416
5813058106,12647,11270,14736
5813058163,9770,11846,15520
5813058215,12170,10094,15360
5813058310,6950,18831,5824
5813058319,19182,36275,20528
5813058320,19937,30507,5584
5813058431,486,25742,24272
5813059951,16575,11555,10400
5813060614,15721,9612,13488
5813060643,11682,11861,15280
5813060663,10914,15274,8568
5813060774,9854,15258,7912
5813060776,17936,10931,11344
5813060781,2507,21123,17360
5813060787,21733,35071,12856
5813060798,9544,11856,12512
5813060799,12180,10369,13240
5813060811,11003,12565,8968
5813060812,10572,14768,6976
5813060817,32318,33948,13112
5813061044,14523,14600,8008
5813061071,25699,20851,9888
5813061114,16139,16690,9520
5813061200,13970,15639,8960
5813061212,34265,34314,16696
5813061218,9060,11079,19712
5813061512,13799,31909,21952
5813061560,30973,34268,19848
5813061597,7484,17037,6968
5813061625,13131,11557,14232
5813061879,23784,34932,14864
5813061974,18553,22826,3648
5813062565,11312,11313,13920
5813062617,18789,17077,5968
5813062631,18108,17064,6584
5813062637,16569,16909,7648
5813062645,19989,16852,7016
5813062830,12308,14550,7736
5813062838,25334,30160,8240
5813062842,14603,16012,7512
5813062850,17797,14238,9040
5813062858,21411,31708,7112
5813062862,18044,16505,5888
5813063140,9381,12175,14848
5813063224,11444,10108,15904
5813063229,9083,15931,8256
5813063280,23143,34728,13664
5813063449,15069,15931,7720
5813063527,16853,10567,13752
5813064332,5850,16795,5096
5813064410,3292,22408,21168
5813064427,12824,12248,9040
5813064793,17422,17262,6192
5813065300,11629,9981,31760
5813065308,9733,13334,10112
5813065443,14764,12943,8992
5813065506,12664,34421,18656
5813067334,6806,20650,4800
5813067736,6747,14818,7776
5813067765,17282,17154,6832
5813067779,9510,13354,9016
5813067792,12451,11865,9504
5813067793,11729,11266,13032
5813067795,9832,14308,7544
5813067817,16743,16815,8080
5813067858,9818,15957,6512
5813067869,15357,10058,13632
5813067886,6366,13005,16040
5813068669,1926,21633,16968
5813068687,14854,9757,13312
5813068690,15827,16094,8176
5813068692,18499,11904,10112
5813068707,12173,31717,11344
5813068743,17218,10062,13672
5813068752,8235,15646,6656
5813068769,21151,29577,4776
5813068969,16296,16061,8240
5813068984,8774,17141,5584
5813069096,9038,13156,9008
5813069114,6715,14486,8512
5813069379,12518,15167,7232
5813069385,16834,10085,12896
5813069497,10993,12607,16216
5813069630,4698,27219,18496
5813069792,9906,12245,13096
5813069965,29239,33382,10976
5813069977,32130,34381,19800
5813070270,12775,11272,16216
5813070569,13903,33294,19344
5813070581,11558,10282,14136
5813070672,10769,11846,15832
5813070872,22875,35132,21464
5813070991,23343,31004,7536
5813071020,20625,29517,37120
5813071320,24568,9870,17184
5813071348,9535,15668,28368
5813071354,5936,30731,20928
5813071406,15523,14389,8576
5813075020,4566,14242,17472
5813075030,13459,33330,17912
5813075748,13491,33917,19672
5813075824,17724,34557,14768
5813075855,12292,12352,9088
5813077556,15191,31045,23744
5813077562,2259,14835,11224
5813077575,9742,12154,13656
5813077579,17329,12520,10064
5813077582,8411,15548,7496
5813077583,16114,16712,7424
5813077589,16951,14132,8832
5813077607,17489,17247,8136
5813077610,10219,12898,9856
5813077611,13550,16457,6200
5813077613,19747,17701,5360
5813077616,11066,11902,13056
5813078062,1226,16238,12496
5813078064,9330,11226,14024
5813078095,12494,12317,32752
5813078179,11160,10925,15920
5813078323,17248,15485,8160
5813078350,12038,33433,20816
5813078487,5195,21488,5240
5813078499,9629,11415,14784
5813078504,17736,13938,15104
5813078507,12431,11861,15440
5813078552,15101,13412,8992
5813078563,4288,14082,12912
5813078641,13027,8938,21928
5813078679,11228,15901,6832
5813078684,11087,12379,9944
5813078708,3917,14809,14736
5813079050,11174,10635,13192
5813079174,14514,10509,14760
5813079192,15564,9205,24432
5813079193,13638,32580,19496
5813079228,14451,30769,32768
5813079425,14272,34365,22152
5813079489,10348,11340,12200
5813080254,13642,10644,14400
5813080343,10229,13741,8864
5813080769,24124,30042,6128
5813081174,12864,15106,8336
5813081175,11673,11469,10688
5813081176,16324,14641,9248
5813081511,11685,14063,7464
5813081797,12036,11988,15048
5813082459,12823,34443,21528
5813082811,14731,10270,12064
5813082847,18261,14648,9456
5813083651,17362,16069,10160
5813083719,18789,15248,9376
5813083723,13342,32617,28256
5813083733,14182,33596,21112
5813083779,21699,29422,4168
5813083780,19563,11516,14816
5813084505,17341,9982,13408
5813084692,15992,16312,8544
5813085240,11377,14809,6904
5813086212,13540,13840,8352
5813087453,16906,12176,9824
5813087798,17235,16028,8192
5813087817,19204,33665,9616
5813087831,14686,15851,7104
5813088767,10265,16106,8072
5813089157,24051,34031,21024
5813089504,4325,19634,6944
5813090253,15390,34905,17112
5813090530,7319,11232,21128
5813090556,15268,33892,14784
5813090605,11776,13729,7776
5813090861,14446,12467,8960
5813090947,29389,33082,10400
5813090997,17190,15771,9856
5813091021,7516,16797,5680
5813091211,7601,13648,8848
5813091313,18023,12658,10528
5813091744,16852,16227,9024
5813091758,31339,33079,9888
5813092931,8487,11926,13896
5813093014,12199,15566,7512
5813093111,13272,15782,7056
5813093171,33488,34046,16040
5813093847,11078,14837,8160
5813094364,14327,15202,8960
5813094619,15113,35768,22496
5813094743,15689,12764,9616
5813095018,8503,16741,6248
5813095238,13571,10356,14720
5813095472,9232,15612,7112
5813095523,17657,16992,7432
5813095915,8199,12421,11216
5813096129,2400,24228,9880
5813096260,11264,12149,15168
5813096281,14364,14973,7264
5813096528,13706,10885,12400
5813096699,20615,32231,8048
5813096718,7333,17607,6808
5813097142,6519,12048,17816
5813097926,12676,13054,16296
5813098738,6572,12863,11440
5813098776,20656,32591,8352
5813099399,18658,16879,6872
5813100896,20061,32947,8512
5813101387,21549,18278,6064
5813102642,11391,10549,13616
5813104095,15471,12830,9120
5813104190,11217,9568,33088
5813105172,20259,12737,16488
5813106192,5595,15100,8416
5813106497,19054,16200,8656
5813109913,10280,12952,9152
5813109941,23069,35141,20016
5813110152,8133,14540,7560
5813110238,15523,16643,8928
5813110459,8166,17356,6648
5813110639,10159,11494,12440
5813110928,11340,12826,9224
5813111042,16542,9913,14736
5813112511,11044,15013,7264
5813113782,13262,11452,13840
5813114253,5032,15360,8168
5813114700,16777,17344,7232
5813114971,15921,16984,7832
5813117126,12798,32176,27192
5813117385,16932,10174,21672
5813123042,23351,29830,4824
5813123748,14249,34168,17752
5813123804,15805,35391,20880
5813124162,22912,13266,12352
5813124740,32231,34727,20248
5813127030,20867,33128,8672
5813128857,13156,14929,7328
5813133463,16350,33198,10832
5813134052,24737,30414,6728
5813134055,13232,34435,23792
5901192948,4574,25061,14216
5901193389,488,26894,17960
5901193485,8831,13848,7992
5901193671,25421,15634,15280
5901195498,24319,29368,5424
5901196925,11390,11543,12144
5901197726,17805,16520,8144
5901198074,16312,16698,6952
5901202076,15009,15259,7496
5901202102,17448,16009,9568
5901203505,13481,31550,10496
5901203987,6242,17254,6928
5901205545,33360,33403,12304
5901205770,15847,16762,8544
5901207528,13283,14081,7984
5901208549,13854,8335,24192
5901212906,15076,11863,15776
5901213440,19793,36110,20152
5901215703,14698,33273,13424
5901218930,17453,33230,10096
5901219104,16428,16254,10432
5901221584,12376,11352,21248
5901222244,15613,35221,18360
5901222683,20772,13641,12576
5901222910,12564,35025,26256
5901227537,12722,34713,21912
5901231246,15765,36060,22176
